case_id,patient_id,modality,label,image_ref,report,question,options,answer_index,meta
support2-1,support2-1,text,Survives to hospital discharge,,,"Patient record:
- age: 62.85 years
- sex: male
- race: other
- primary disease group: Lung Cancer
- disease class: Cancer
- number of comorbidities: 0
- cancer status: metastatic
- diabetes: no
- dementia: no
- SUPPORT coma score: 0
- activities of daily living: 7
- day of hospital stay at enrolment: 1
- mean arterial pressure: 97 mmHg
- heart rate: 69 bpm
- respiratory rate: 22 breaths/min
- temperature: 36 C
- white blood cell count: 6 10^3/uL
- PaO2/FiO2 ratio: 388
- serum albumin: 1.8 g/dL
- bilirubin: 0.2 mg/dL
- serum creatinine: 1.2 mg/dL
- serum sodium: 141 mEq/L
- arterial pH: 7.46

Will this patient survive to hospital discharge?","[""Survives to hospital discharge"", ""Dies in hospital""]",0,"{""fields"": [{""key"": ""age"", ""label"": ""age"", ""value"": ""62.85"", ""unit"": ""years""}, {""key"": ""sex"", ""label"": ""sex"", ""value"": ""male"", ""unit"": """"}, {""key"": ""race"", ""label"": ""race"", ""value"": ""other"", ""unit"": """"}, {""key"": ""dzgroup"", ""label"": ""primary disease group"", ""value"": ""Lung Cancer"", ""unit"": """"}, {""key"": ""dzclass"", ""label"": ""disease class"", ""value"": ""Cancer"", ""unit"": """"}, {""key"": ""num.co"", ""label"": ""number of comorbidities"", ""value"": ""0"", ""unit"": """"}, {""key"": ""ca"", ""label"": ""cancer status"", ""value"": ""metastatic"", ""unit"": """"}, {""key"": ""diabetes"", ""label"": ""diabetes"", ""value"": ""no"", ""unit"": """"}, {""key"": ""dementia"", ""label"": ""dementia"", ""value"": ""no"", ""unit"": """"}, {""key"": ""scoma"", ""label"": ""SUPPORT coma score"", ""value"": ""0"", ""unit"": """"}, {""key"": ""adls"", ""label"": ""activities of daily living"", ""value"": ""7"", ""unit"": """"}, {""key"": ""hday"", ""label"": ""day of hospital stay at enrolment"", ""value"": ""1"", ""unit"": """"}, {""key"": ""meanbp"", ""label"": ""mean arterial pressure"", ""value"": ""97"", ""unit"": ""mmHg""}, {""key"": ""hrt"", ""label"": ""heart rate"", ""value"": ""69"", ""unit"": ""bpm""}, {""key"": ""resp"", ""label"": ""respiratory rate"", ""value"": ""22"", ""unit"": ""breaths/min""}, {""key"": ""temp"", ""label"": ""temperature"", ""value"": ""36"", ""unit"": ""C""}, {""key"": ""wblc"", ""label"": ""white blood cell count"", ""value"": ""6"", ""unit"": ""10^3/uL""}, {""key"": ""pafi"", ""label"": ""PaO2/FiO2 ratio"", ""value"": ""388"", ""unit"": """"}, {""key"": ""alb"", ""label"": ""serum albumin"", ""value"": ""1.8"", ""unit"": ""g/dL""}, {""key"": ""bili"", ""label"": ""bilirubin"", ""value"": ""0.2"", ""unit"": ""mg/dL""}, {""key"": ""crea"", ""label"": ""serum creatinine"", ""value"": ""1.2"", ""unit"": ""mg/dL""}, {""key"": ""sod"", ""label"": ""serum sodium"", ""value"": ""141"", ""unit"": ""mEq/L""}, {""key"": ""ph"", ""label"": ""arterial pH"", ""value"": ""7.46"", ""unit"": """"}], ""absent"": [{""key"": ""glucose"", ""label"": ""serum glucose""}, {""key"": ""bun"", ""label"": ""blood urea nitrogen""}, {""key"": ""urine"", ""label"": ""urine output""}], ""stem"": ""Will this patient survive to hospital discharge?"", ""header"": ""Patient record:"", ""target"": ""hospdead"", ""source"": ""support2""}"
support2-10,support2-10,text,Survives to hospital discharge,,,"Patient record:
- age: 42.26 years
- sex: female
- race: hispanic
- primary disease group: Colon Cancer
- disease class: Cancer
- number of comorbidities: 0
- cancer status: metastatic
- diabetes: no
- dementia: no
- SUPPORT coma score: 0
- day of hospital stay at enrolment: 1
- mean arterial pressure: 84 mmHg
- heart rate: 94 bpm
- respiratory rate: 20 breaths/min
- temperature: 38.2 C
- white blood cell count: 11.3 10^3/uL
- serum albumin: 4.7 g/dL
- bilirubin: 0.2 mg/dL
- serum creatinine: 0.8 mg/dL
- serum sodium: 139 mEq/L

Will this patient survive to hospital discharge?","[""Survives to hospital discharge"", ""Dies in hospital""]",0,"{""fields"": [{""key"": ""age"", ""label"": ""age"", ""value"": ""42.26"", ""unit"": ""years""}, {""key"": ""sex"", ""label"": ""sex"", ""value"": ""female"", ""unit"": """"}, {""key"": ""race"", ""label"": ""race"", ""value"": ""hispanic"", ""unit"": """"}, {""key"": ""dzgroup"", ""label"": ""primary disease group"", ""value"": ""Colon Cancer"", ""unit"": """"}, {""key"": ""dzclass"", ""label"": ""disease class"", ""value"": ""Cancer"", ""unit"": """"}, {""key"": ""num.co"", ""label"": ""number of comorbidities"", ""value"": ""0"", ""unit"": """"}, {""key"": ""ca"", ""label"": ""cancer status"", ""value"": ""metastatic"", ""unit"": """"}, {""key"": ""diabetes"", ""label"": ""diabetes"", ""value"": ""no"", ""unit"": """"}, {""key"": ""dementia"", ""label"": ""dementia"", ""value"": ""no"", ""unit"": """"}, {""key"": ""scoma"", ""label"": ""SUPPORT coma score"", ""value"": ""0"", ""unit"": """"}, {""key"": ""hday"", ""label"": ""day of hospital stay at enrolment"", ""value"": ""1"", ""unit"": """"}, {""key"": ""meanbp"", ""label"": ""mean arterial pressure"", ""value"": ""84"", ""unit"": ""mmHg""}, {""key"": ""hrt"", ""label"": ""heart rate"", ""value"": ""94"", ""unit"": ""bpm""}, {""key"": ""resp"", ""label"": ""respiratory rate"", ""value"": ""20"", ""unit"": ""breaths/min""}, {""key"": ""temp"", ""label"": ""temperature"", ""value"": ""38.2"", ""unit"": ""C""}, {""key"": ""wblc"", ""label"": ""white blood cell count"", ""value"": ""11.3"", ""unit"": ""10^3/uL""}, {""key"": ""alb"", ""label"": ""serum albumin"", ""value"": ""4.7"", ""unit"": ""g/dL""}, {""key"": ""bili"", ""label"": ""bilirubin"", ""value"": ""0.2"", ""unit"": ""mg/dL""}, {""key"": ""crea"", ""label"": ""serum creatinine"", ""value"": ""0.8"", ""unit"": ""mg/dL""}, {""key"": ""sod"", ""label"": ""serum sodium"", ""value"": ""139"", ""unit"": ""mEq/L""}], ""absent"": [{""key"": ""adls"", ""label"": ""activities of daily living""}, {""key"": ""pafi"", ""label"": ""PaO2/FiO2 ratio""}, {""key"": ""ph"", ""label"": ""arterial pH""}, {""key"": ""glucose"", ""label"": ""serum glucose""}, {""key"": ""bun"", ""label"": ""blood urea nitrogen""}, {""key"": ""urine"", ""label"": ""urine output""}], ""stem"": ""Will this patient survive to hospital discharge?"", ""header"": ""Patient record:"", ""target"": ""hospdead"", ""source"": ""support2""}"
support2-101,support2-101,text,Dies in hospital,,,"Patient record:
- age: 33 years
- sex: female
- race: other
- primary disease group: Cirrhosis
- disease class: COPD/CHF/Cirrhosis
- number of comorbidities: 2
- cancer status: no
- diabetes: no
- dementia: no
- SUPPORT coma score: 9
- activities of daily living: 0
- day of hospital stay at enrolment: 1
- mean arterial pressure: 62 mmHg
- heart rate: 130 bpm
- respiratory rate: 8 breaths/min
- temperature: 36.59 C
- white blood cell count: 11.6 10^3/uL
- PaO2/FiO2 ratio: 296.62
- serum albumin: 2 g/dL
- bilirubin: 31 mg/dL
- serum creatinine: 4.2 mg/dL
- serum sodium: 127 mEq/L
- arterial pH: 7.39

Will this patient survive to hospital discharge?","[""Survives to hospital discharge"", ""Dies in hospital""]",1,"{""fields"": [{""key"": ""age"", ""label"": ""age"", ""value"": ""33"", ""unit"": ""years""}, {""key"": ""sex"", ""label"": ""sex"", ""value"": ""female"", ""unit"": """"}, {""key"": ""race"", ""label"": ""race"", ""value"": ""other"", ""unit"": """"}, {""key"": ""dzgroup"", ""label"": ""primary disease group"", ""value"": ""Cirrhosis"", ""unit"": """"}, {""key"": ""dzclass"", ""label"": ""disease class"", ""value"": ""COPD/CHF/Cirrhosis"", ""unit"": """"}, {""key"": ""num.co"", ""label"": ""number of comorbidities"", ""value"": ""2"", ""unit"": """"}, {""key"": ""ca"", ""label"": ""cancer status"", ""value"": ""no"", ""unit"": """"}, {""key"": ""diabetes"", ""label"": ""diabetes"", ""value"": ""no"", ""unit"": """"}, {""key"": ""dementia"", ""label"": ""dementia"", ""value"": ""no"", ""unit"": """"}, {""key"": ""scoma"", ""label"": ""SUPPORT coma score"", ""value"": ""9"", ""unit"": """"}, {""key"": ""adls"", ""label"": ""activities of daily living"", ""value"": ""0"", ""unit"": """"}, {""key"": ""hday"", ""label"": ""day of hospital stay at enrolment"", ""value"": ""1"", ""unit"": """"}, {""key"": ""meanbp"", ""label"": ""mean arterial pressure"", ""value"": ""62"", ""unit"": ""mmHg""}, {""key"": ""hrt"", ""label"": ""heart rate"", ""value"": ""130"", ""unit"": ""bpm""}, {""key"": ""resp"", ""label"": ""respiratory rate"", ""value"": ""8"", ""unit"": ""breaths/min""}, {""key"": ""temp"", ""label"": ""temperature"", ""value"": ""36.59"", ""unit"": ""C""}, {""key"": ""wblc"", ""label"": ""white blood cell count"", ""value"": ""11.6"", ""unit"": ""10^3/uL""}, {""key"": ""pafi"", ""label"": ""PaO2/FiO2 ratio"", ""value"": ""296.62"", ""unit"": """"}, {""key"": ""alb"", ""label"": ""serum albumin"", ""value"": ""2"", ""unit"": ""g/dL""}, {""key"": ""bili"", ""label"": ""bilirubin"", ""value"": ""31"", ""unit"": ""mg/dL""}, {""key"": ""crea"", ""label"": ""serum creatinine"", ""value"": ""4.2"", ""unit"": ""mg/dL""}, {""key"": ""sod"", ""label"": ""serum sodium"", ""value"": ""127"", ""unit"": ""mEq/L""}, {""key"": ""ph"", ""label"": ""arterial pH"", ""value"": ""7.39"", ""unit"": """"}], ""absent"": [{""key"": ""glucose"", ""label"": ""serum glucose""}, {""key"": ""bun"", ""label"": ""blood urea nitrogen""}, {""key"": ""urine"", ""label"": ""urine output""}], ""stem"": ""Will this patient survive to hospital discharge?"", ""header"": ""Patient record:"", ""target"": ""hospdead"", ""source"": ""support2""}"
support2-11,support2-11,text,Survives to hospital discharge,,,"Patient record:
- age: 47.94 years
- sex: male
- race: white
- primary disease group: CHF
- disease class: COPD/CHF/Cirrhosis
- number of comorbidities: 1
- cancer status: no
- diabetes: no
- dementia: no
- SUPPORT coma score: 0
- activities of daily living: 1
- day of hospital stay at enrolment: 1
- mean arterial pressure: 70 mmHg
- heart rate: 105 bpm
- respiratory rate: 24 breaths/min
- temperature: 36.5 C
- white blood cell count: 10.9 10^3/uL
- serum albumin: 4.2 g/dL
- bilirubin: 0.5 mg/dL
- serum creatinine: 1 mg/dL
- serum sodium: 134 mEq/L

Will this patient survive to hospital discharge?","[""Survives to hospital discharge"", ""Dies in hospital""]",0,"{""fields"": [{""key"": ""age"", ""label"": ""age"", ""value"": ""47.94"", ""unit"": ""years""}, {""key"": ""sex"", ""label"": ""sex"", ""value"": ""male"", ""unit"": """"}, {""key"": ""race"", ""label"": ""race"", ""value"": ""white"", ""unit"": """"}, {""key"": ""dzgroup"", ""label"": ""primary disease group"", ""value"": ""CHF"", ""unit"": """"}, {""key"": ""dzclass"", ""label"": ""disease class"", ""value"": ""COPD/CHF/Cirrhosis"", ""unit"": """"}, {""key"": ""num.co"", ""label"": ""number of comorbidities"", ""value"": ""1"", ""unit"": """"}, {""key"": ""ca"", ""label"": ""cancer status"", ""value"": ""no"", ""unit"": """"}, {""key"": ""diabetes"", ""label"": ""diabetes"", ""value"": ""no"", ""unit"": """"}, {""key"": ""dementia"", ""label"": ""dementia"", ""value"": ""no"", ""unit"": """"}, {""key"": ""scoma"", ""label"": ""SUPPORT coma score"", ""value"": ""0"", ""unit"": """"}, {""key"": ""adls"", ""label"": ""activities of daily living"", ""value"": ""1"", ""unit"": """"}, {""key"": ""hday"", ""label"": ""day of hospital stay at enrolment"", ""value"": ""1"", ""unit"": """"}, {""key"": ""meanbp"", ""label"": ""mean arterial pressure"", ""value"": ""70"", ""unit"": ""mmHg""}, {""key"": ""hrt"", ""label"": ""heart rate"", ""value"": ""105"", ""unit"": ""bpm""}, {""key"": ""resp"", ""label"": ""respiratory rate"", ""value"": ""24"", ""unit"": ""breaths/min""}, {""key"": ""temp"", ""label"": ""temperature"", ""value"": ""36.5"", ""unit"": ""C""}, {""key"": ""wblc"", ""label"": ""white blood cell count"", ""value"": ""10.9"", ""unit"": ""10^3/uL""}, {""key"": ""alb"", ""label"": ""serum albumin"", ""value"": ""4.2"", ""unit"": ""g/dL""}, {""key"": ""bili"", ""label"": ""bilirubin"", ""value"": ""0.5"", ""unit"": ""mg/dL""}, {""key"": ""crea"", ""label"": ""serum creatinine"", ""value"": ""1"", ""unit"": ""mg/dL""}, {""key"": ""sod"", ""label"": ""serum sodium"", ""value"": ""134"", ""unit"": ""mEq/L""}], ""absent"": [{""key"": ""pafi"", ""label"": ""PaO2/FiO2 ratio""}, {""key"": ""ph"", ""label"": ""arterial pH""}, {""key"": ""glucose"", ""label"": ""serum glucose""}, {""key"": ""bun"", ""label"": ""blood urea nitrogen""}, {""key"": ""urine"", ""label"": ""urine output""}], ""stem"": ""Will this patient survive to hospital discharge?"", ""header"": ""Patient record:"", ""target"": ""hospdead"", ""source"": ""support2""}"
support2-112,support2-112,text,Dies in hospital,,,"Patient record:
- age: 58.12 years
- sex: female
- race: white
- primary disease group: ARF/MOSF w/Sepsis
- disease class: ARF/MOSF
- number of comorbidities: 2
- cancer status: no
- diabetes: no
- dementia: no
- SUPPORT coma score: 0
- day of hospital stay at enrolment: 2
- mean arterial pressure: 66 mmHg
- heart rate: 130 bpm
- respiratory rate: 30 breaths/min
- temperature: 37.7 C
- white blood cell count: 18.9 10^3/uL
- PaO2/FiO2 ratio: 81.33
- serum albumin: 2.3 g/dL
- bilirubin: 10.5 mg/dL
- serum creatinine: 0.8 mg/dL
- serum sodium: 143 mEq/L
- arterial pH: 7.46

Will this patient survive to hospital discharge?","[""Survives to hospital discharge"", ""Dies in hospital""]",1,"{""fields"": [{""key"": ""age"", ""label"": ""age"", ""value"": ""58.12"", ""unit"": ""years""}, {""key"": ""sex"", ""label"": ""sex"", ""value"": ""female"", ""unit"": """"}, {""key"": ""race"", ""label"": ""race"", ""value"": ""white"", ""unit"": """"}, {""key"": ""dzgroup"", ""label"": ""primary disease group"", ""value"": ""ARF/MOSF w/Sepsis"", ""unit"": """"}, {""key"": ""dzclass"", ""label"": ""disease class"", ""value"": ""ARF/MOSF"", ""unit"": """"}, {""key"": ""num.co"", ""label"": ""number of comorbidities"", ""value"": ""2"", ""unit"": """"}, {""key"": ""ca"", ""label"": ""cancer status"", ""value"": ""no"", ""unit"": """"}, {""key"": ""diabetes"", ""label"": ""diabetes"", ""value"": ""no"", ""unit"": """"}, {""key"": ""dementia"", ""label"": ""dementia"", ""value"": ""no"", ""unit"": """"}, {""key"": ""scoma"", ""label"": ""SUPPORT coma score"", ""value"": ""0"", ""unit"": """"}, {""key"": ""hday"", ""label"": ""day of hospital stay at enrolment"", ""value"": ""2"", ""unit"": """"}, {""key"": ""meanbp"", ""label"": ""mean arterial pressure"", ""value"": ""66"", ""unit"": ""mmHg""}, {""key"": ""hrt"", ""label"": ""heart rate"", ""value"": ""130"", ""unit"": ""bpm""}, {""key"": ""resp"", ""label"": ""respiratory rate"", ""value"": ""30"", ""unit"": ""breaths/min""}, {""key"": ""temp"", ""label"": ""temperature"", ""value"": ""37.7"", ""unit"": ""C""}, {""key"": ""wblc"", ""label"": ""white blood cell count"", ""value"": ""18.9"", ""unit"": ""10^3/uL""}, {""key"": ""pafi"", ""label"": ""PaO2/FiO2 ratio"", ""value"": ""81.33"", ""unit"": """"}, {""key"": ""alb"", ""label"": ""serum albumin"", ""value"": ""2.3"", ""unit"": ""g/dL""}, {""key"": ""bili"", ""label"": ""bilirubin"", ""value"": ""10.5"", ""unit"": ""mg/dL""}, {""key"": ""crea"", ""label"": ""serum creatinine"", ""value"": ""0.8"", ""unit"": ""mg/dL""}, {""key"": ""sod"", ""label"": ""serum sodium"", ""value"": ""143"", ""unit"": ""mEq/L""}, {""key"": ""ph"", ""label"": ""arterial pH"", ""value"": ""7.46"", ""unit"": """"}], ""absent"": [{""key"": ""adls"", ""label"": ""activities of daily living""}, {""key"": ""glucose"", ""label"": ""serum glucose""}, {""key"": ""bun"", ""label"": ""blood urea nitrogen""}, {""key"": ""urine"", ""label"": ""urine output""}], ""stem"": ""Will this patient survive to hospital discharge?"", ""header"": ""Patient record:"", ""target"": ""hospdead"", ""source"": ""support2""}"
support2-12,support2-12,text,Dies in hospital,,,"Patient record:
- age: 59.2 years
- sex: male
- race: white
- primary disease group: Lung Cancer
- disease class: Cancer
- number of comorbidities: 0
- cancer status: metastatic
- diabetes: no
- dementia: no
- SUPPORT coma score: 0
- activities of daily living: 1
- day of hospital stay at enrolment: 1
- mean arterial pressure: 77 mmHg
- heart rate: 90 bpm
- respiratory rate: 22 breaths/min
- temperature: 36.4 C
- white blood cell count: 10.8 10^3/uL
- serum creatinine: 1.1 mg/dL
- serum sodium: 136 mEq/L

Will this patient survive to hospital discharge?","[""Survives to hospital discharge"", ""Dies in hospital""]",1,"{""fields"": [{""key"": ""age"", ""label"": ""age"", ""value"": ""59.2"", ""unit"": ""years""}, {""key"": ""sex"", ""label"": ""sex"", ""value"": ""male"", ""unit"": """"}, {""key"": ""race"", ""label"": ""race"", ""value"": ""white"", ""unit"": """"}, {""key"": ""dzgroup"", ""label"": ""primary disease group"", ""value"": ""Lung Cancer"", ""unit"": """"}, {""key"": ""dzclass"", ""label"": ""disease class"", ""value"": ""Cancer"", ""unit"": """"}, {""key"": ""num.co"", ""label"": ""number of comorbidities"", ""value"": ""0"", ""unit"": """"}, {""key"": ""ca"", ""label"": ""cancer status"", ""value"": ""metastatic"", ""unit"": """"}, {""key"": ""diabetes"", ""label"": ""diabetes"", ""value"": ""no"", ""unit"": """"}, {""key"": ""dementia"", ""label"": ""dementia"", ""value"": ""no"", ""unit"": """"}, {""key"": ""scoma"", ""label"": ""SUPPORT coma score"", ""value"": ""0"", ""unit"": """"}, {""key"": ""adls"", ""label"": ""activities of daily living"", ""value"": ""1"", ""unit"": """"}, {""key"": ""hday"", ""label"": ""day of hospital stay at enrolment"", ""value"": ""1"", ""unit"": """"}, {""key"": ""meanbp"", ""label"": ""mean arterial pressure"", ""value"": ""77"", ""unit"": ""mmHg""}, {""key"": ""hrt"", ""label"": ""heart rate"", ""value"": ""90"", ""unit"": ""bpm""}, {""key"": ""resp"", ""label"": ""respiratory rate"", ""value"": ""22"", ""unit"": ""breaths/min""}, {""key"": ""temp"", ""label"": ""temperature"", ""value"": ""36.4"", ""unit"": ""C""}, {""key"": ""wblc"", ""label"": ""white blood cell count"", ""value"": ""10.8"", ""unit"": ""10^3/uL""}, {""key"": ""crea"", ""label"": ""serum creatinine"", ""value"": ""1.1"", ""unit"": ""mg/dL""}, {""key"": ""sod"", ""label"": ""serum sodium"", ""value"": ""136"", ""unit"": ""mEq/L""}], ""absent"": [{""key"": ""pafi"", ""label"": ""PaO2/FiO2 ratio""}, {""key"": ""alb"", ""label"": ""serum albumin""}, {""key"": ""bili"", ""label"": ""bilirubin""}, {""key"": ""ph"", ""label"": ""arterial pH""}, {""key"": ""glucose"", ""label"": ""serum glucose""}, {""key"": ""bun"", ""label"": ""blood urea nitrogen""}, {""key"": ""urine"", ""label"": ""urine output""}], ""stem"": ""Will this patient survive to hospital discharge?"", ""header"": ""Patient record:"", ""target"": ""hospdead"", ""source"": ""support2""}"
support2-122,support2-122,text,Dies in hospital,,,"Patient record:
- age: 76.68 years
- sex: female
- race: black
- primary disease group: ARF/MOSF w/Sepsis
- disease class: ARF/MOSF
- number of comorbidities: 1
- cancer status: yes
- diabetes: no
- dementia: no
- SUPPORT coma score: 26
- activities of daily living: 3
- day of hospital stay at enrolment: 3
- mean arterial pressure: 84 mmHg
- heart rate: 145 bpm
- respiratory rate: 16 breaths/min
- temperature: 38.7 C
- white blood cell count: 24.8 10^3/uL
- PaO2/FiO2 ratio: 150
- bilirubin: 0.3 mg/dL
- serum creatinine: 0.8 mg/dL
- serum sodium: 138 mEq/L
- arterial pH: 7.51

Will this patient survive to hospital discharge?","[""Survives to hospital discharge"", ""Dies in hospital""]",1,"{""fields"": [{""key"": ""age"", ""label"": ""age"", ""value"": ""76.68"", ""unit"": ""years""}, {""key"": ""sex"", ""label"": ""sex"", ""value"": ""female"", ""unit"": """"}, {""key"": ""race"", ""label"": ""race"", ""value"": ""black"", ""unit"": """"}, {""key"": ""dzgroup"", ""label"": ""primary disease group"", ""value"": ""ARF/MOSF w/Sepsis"", ""unit"": """"}, {""key"": ""dzclass"", ""label"": ""disease class"", ""value"": ""ARF/MOSF"", ""unit"": """"}, {""key"": ""num.co"", ""label"": ""number of comorbidities"", ""value"": ""1"", ""unit"": """"}, {""key"": ""ca"", ""label"": ""cancer status"", ""value"": ""yes"", ""unit"": """"}, {""key"": ""diabetes"", ""label"": ""diabetes"", ""value"": ""no"", ""unit"": """"}, {""key"": ""dementia"", ""label"": ""dementia"", ""value"": ""no"", ""unit"": """"}, {""key"": ""scoma"", ""label"": ""SUPPORT coma score"", ""value"": ""26"", ""unit"": """"}, {""key"": ""adls"", ""label"": ""activities of daily living"", ""value"": ""3"", ""unit"": """"}, {""key"": ""hday"", ""label"": ""day of hospital stay at enrolment"", ""value"": ""3"", ""unit"": """"}, {""key"": ""meanbp"", ""label"": ""mean arterial pressure"", ""value"": ""84"", ""unit"": ""mmHg""}, {""key"": ""hrt"", ""label"": ""heart rate"", ""value"": ""145"", ""unit"": ""bpm""}, {""key"": ""resp"", ""label"": ""respiratory rate"", ""value"": ""16"", ""unit"": ""breaths/min""}, {""key"": ""temp"", ""label"": ""temperature"", ""value"": ""38.7"", ""unit"": ""C""}, {""key"": ""wblc"", ""label"": ""white blood cell count"", ""value"": ""24.8"", ""unit"": ""10^3/uL""}, {""key"": ""pafi"", ""label"": ""PaO2/FiO2 ratio"", ""value"": ""150"", ""unit"": """"}, {""key"": ""bili"", ""label"": ""bilirubin"", ""value"": ""0.3"", ""unit"": ""mg/dL""}, {""key"": ""crea"", ""label"": ""serum creatinine"", ""value"": ""0.8"", ""unit"": ""mg/dL""}, {""key"": ""sod"", ""label"": ""serum sodium"", ""value"": ""138"", ""unit"": ""mEq/L""}, {""key"": ""ph"", ""label"": ""arterial pH"", ""value"": ""7.51"", ""unit"": """"}], ""absent"": [{""key"": ""alb"", ""label"": ""serum albumin""}, {""key"": ""glucose"", ""label"": ""serum glucose""}, {""key"": ""bun"", ""label"": ""blood urea nitrogen""}, {""key"": ""urine"", ""label"": ""urine output""}], ""stem"": ""Will this patient survive to hospital discharge?"", ""header"": ""Patient record:"", ""target"": ""hospdead"", ""source"": ""support2""}"
support2-124,support2-124,text,Dies in hospital,,,"Patient record:
- age: 85.3 years
- sex: male
- race: white
- primary disease group: ARF/MOSF w/Sepsis
- disease class: ARF/MOSF
- number of comorbidities: 1
- cancer status: no
- diabetes: no
- dementia: no
- SUPPORT coma score: 0
- day of hospital stay at enrolment: 4
- mean arterial pressure: 62 mmHg
- heart rate: 64 bpm
- respiratory rate: 36 breaths/min
- temperature: 36.9 C
- white blood cell count: 12.1 10^3/uL
- PaO2/FiO2 ratio: 142.84
- serum albumin: 2.6 g/dL
- bilirubin: 0.6 mg/dL
- serum creatinine: 1.3 mg/dL
- serum sodium: 146 mEq/L
- arterial pH: 7.3

Will this patient survive to hospital discharge?","[""Survives to hospital discharge"", ""Dies in hospital""]",1,"{""fields"": [{""key"": ""age"", ""label"": ""age"", ""value"": ""85.3"", ""unit"": ""years""}, {""key"": ""sex"", ""label"": ""sex"", ""value"": ""male"", ""unit"": """"}, {""key"": ""race"", ""label"": ""race"", ""value"": ""white"", ""unit"": """"}, {""key"": ""dzgroup"", ""label"": ""primary disease group"", ""value"": ""ARF/MOSF w/Sepsis"", ""unit"": """"}, {""key"": ""dzclass"", ""label"": ""disease class"", ""value"": ""ARF/MOSF"", ""unit"": """"}, {""key"": ""num.co"", ""label"": ""number of comorbidities"", ""value"": ""1"", ""unit"": """"}, {""key"": ""ca"", ""label"": ""cancer status"", ""value"": ""no"", ""unit"": """"}, {""key"": ""diabetes"", ""label"": ""diabetes"", ""value"": ""no"", ""unit"": """"}, {""key"": ""dementia"", ""label"": ""dementia"", ""value"": ""no"", ""unit"": """"}, {""key"": ""scoma"", ""label"": ""SUPPORT coma score"", ""value"": ""0"", ""unit"": """"}, {""key"": ""hday"", ""label"": ""day of hospital stay at enrolment"", ""value"": ""4"", ""unit"": """"}, {""key"": ""meanbp"", ""label"": ""mean arterial pressure"", ""value"": ""62"", ""unit"": ""mmHg""}, {""key"": ""hrt"", ""label"": ""heart rate"", ""value"": ""64"", ""unit"": ""bpm""}, {""key"": ""resp"", ""label"": ""respiratory rate"", ""value"": ""36"", ""unit"": ""breaths/min""}, {""key"": ""temp"", ""label"": ""temperature"", ""value"": ""36.9"", ""unit"": ""C""}, {""key"": ""wblc"", ""label"": ""white blood cell count"", ""value"": ""12.1"", ""unit"": ""10^3/uL""}, {""key"": ""pafi"", ""label"": ""PaO2/FiO2 ratio"", ""value"": ""142.84"", ""unit"": """"}, {""key"": ""alb"", ""label"": ""serum albumin"", ""value"": ""2.6"", ""unit"": ""g/dL""}, {""key"": ""bili"", ""label"": ""bilirubin"", ""value"": ""0.6"", ""unit"": ""mg/dL""}, {""key"": ""crea"", ""label"": ""serum creatinine"", ""value"": ""1.3"", ""unit"": ""mg/dL""}, {""key"": ""sod"", ""label"": ""serum sodium"", ""value"": ""146"", ""unit"": ""mEq/L""}, {""key"": ""ph"", ""label"": ""arterial pH"", ""value"": ""7.3"", ""unit"": """"}], ""absent"": [{""key"": ""adls"", ""label"": ""activities of daily living""}, {""key"": ""glucose"", ""label"": ""serum glucose""}, {""key"": ""bun"", ""label"": ""blood urea nitrogen""}, {""key"": ""urine"", ""label"": ""urine output""}], ""stem"": ""Will this patient survive to hospital discharge?"", ""header"": ""Patient record:"", ""target"": ""hospdead"", ""source"": ""support2""}"
support2-127,support2-127,text,Dies in hospital,,,"Patient record:
- age: 45.11 years
- sex: male
- race: black
- primary disease group: Lung Cancer
- disease class: Cancer
- number of comorbidities: 1
- cancer status: metastatic
- diabetes: no
- dementia: no
- SUPPORT coma score: 9
- day of hospital stay at enrolment: 1
- mean arterial pressure: 109 mmHg
- heart rate: 98 bpm
- respiratory rate: 18 breaths/min
- temperature: 36.4 C
- white blood cell count: 10.8 10^3/uL
- serum albumin: 3.2 g/dL
- serum creatinine: 0.6 mg/dL
- serum sodium: 130 mEq/L

Will this patient survive to hospital discharge?","[""Survives to hospital discharge"", ""Dies in hospital""]",1,"{""fields"": [{""key"": ""age"", ""label"": ""age"", ""value"": ""45.11"", ""unit"": ""years""}, {""key"": ""sex"", ""label"": ""sex"", ""value"": ""male"", ""unit"": """"}, {""key"": ""race"", ""label"": ""race"", ""value"": ""black"", ""unit"": """"}, {""key"": ""dzgroup"", ""label"": ""primary disease group"", ""value"": ""Lung Cancer"", ""unit"": """"}, {""key"": ""dzclass"", ""label"": ""disease class"", ""value"": ""Cancer"", ""unit"": """"}, {""key"": ""num.co"", ""label"": ""number of comorbidities"", ""value"": ""1"", ""unit"": """"}, {""key"": ""ca"", ""label"": ""cancer status"", ""value"": ""metastatic"", ""unit"": """"}, {""key"": ""diabetes"", ""label"": ""diabetes"", ""value"": ""no"", ""unit"": """"}, {""key"": ""dementia"", ""label"": ""dementia"", ""value"": ""no"", ""unit"": """"}, {""key"": ""scoma"", ""label"": ""SUPPORT coma score"", ""value"": ""9"", ""unit"": """"}, {""key"": ""hday"", ""label"": ""day of hospital stay at enrolment"", ""value"": ""1"", ""unit"": """"}, {""key"": ""meanbp"", ""label"": ""mean arterial pressure"", ""value"": ""109"", ""unit"": ""mmHg""}, {""key"": ""hrt"", ""label"": ""heart rate"", ""value"": ""98"", ""unit"": ""bpm""}, {""key"": ""resp"", ""label"": ""respiratory rate"", ""value"": ""18"", ""unit"": ""breaths/min""}, {""key"": ""temp"", ""label"": ""temperature"", ""value"": ""36.4"", ""unit"": ""C""}, {""key"": ""wblc"", ""label"": ""white blood cell count"", ""value"": ""10.8"", ""unit"": ""10^3/uL""}, {""key"": ""alb"", ""label"": ""serum albumin"", ""value"": ""3.2"", ""unit"": ""g/dL""}, {""key"": ""crea"", ""label"": ""serum creatinine"", ""value"": ""0.6"", ""unit"": ""mg/dL""}, {""key"": ""sod"", ""label"": ""serum sodium"", ""value"": ""130"", ""unit"": ""mEq/L""}], ""absent"": [{""key"": ""adls"", ""label"": ""activities of daily living""}, {""key"": ""pafi"", ""label"": ""PaO2/FiO2 ratio""}, {""key"": ""bili"", ""label"": ""bilirubin""}, {""key"": ""ph"", ""label"": ""arterial pH""}, {""key"": ""glucose"", ""label"": ""serum glucose""}, {""key"": ""bun"", ""label"": ""blood urea nitrogen""}, {""key"": ""urine"", ""label"": ""urine output""}], ""stem"": ""Will this patient survive to hospital discharge?"", ""header"": ""Patient record:"", ""target"": ""hospdead"", ""source"": ""support2""}"
support2-13,support2-13,text,Survives to hospital discharge,,,"Patient record:
- age: 29 years
- sex: female
- race: white
- primary disease group: Cirrhosis
- disease class: COPD/CHF/Cirrhosis
- number of comorbidities: 1
- cancer status: no
- diabetes: no
- dementia: no
- SUPPORT coma score: 0
- activities of daily living: 0
- day of hospital stay at enrolment: 1
- mean arterial pressure: 56 mmHg
- heart rate: 56 bpm
- respiratory rate: 20 breaths/min
- temperature: 37.2 C
- white blood cell count: 5.5 10^3/uL
- serum albumin: 2.9 g/dL
- bilirubin: 6.1 mg/dL
- serum creatinine: 0.7 mg/dL
- serum sodium: 130 mEq/L

Will this patient survive to hospital discharge?","[""Survives to hospital discharge"", ""Dies in hospital""]",0,"{""fields"": [{""key"": ""age"", ""label"": ""age"", ""value"": ""29"", ""unit"": ""years""}, {""key"": ""sex"", ""label"": ""sex"", ""value"": ""female"", ""unit"": """"}, {""key"": ""race"", ""label"": ""race"", ""value"": ""white"", ""unit"": """"}, {""key"": ""dzgroup"", ""label"": ""primary disease group"", ""value"": ""Cirrhosis"", ""unit"": """"}, {""key"": ""dzclass"", ""label"": ""disease class"", ""value"": ""COPD/CHF/Cirrhosis"", ""unit"": """"}, {""key"": ""num.co"", ""label"": ""number of comorbidities"", ""value"": ""1"", ""unit"": """"}, {""key"": ""ca"", ""label"": ""cancer status"", ""value"": ""no"", ""unit"": """"}, {""key"": ""diabetes"", ""label"": ""diabetes"", ""value"": ""no"", ""unit"": """"}, {""key"": ""dementia"", ""label"": ""dementia"", ""value"": ""no"", ""unit"": """"}, {""key"": ""scoma"", ""label"": ""SUPPORT coma score"", ""value"": ""0"", ""unit"": """"}, {""key"": ""adls"", ""label"": ""activities of daily living"", ""value"": ""0"", ""unit"": """"}, {""key"": ""hday"", ""label"": ""day of hospital stay at enrolment"", ""value"": ""1"", ""unit"": """"}, {""key"": ""meanbp"", ""label"": ""mean arterial pressure"", ""value"": ""56"", ""unit"": ""mmHg""}, {""key"": ""hrt"", ""label"": ""heart rate"", ""value"": ""56"", ""unit"": ""bpm""}, {""key"": ""resp"", ""label"": ""respiratory rate"", ""value"": ""20"", ""unit"": ""breaths/min""}, {""key"": ""temp"", ""label"": ""temperature"", ""value"": ""37.2"", ""unit"": ""C""}, {""key"": ""wblc"", ""label"": ""white blood cell count"", ""value"": ""5.5"", ""unit"": ""10^3/uL""}, {""key"": ""alb"", ""label"": ""serum albumin"", ""value"": ""2.9"", ""unit"": ""g/dL""}, {""key"": ""bili"", ""label"": ""bilirubin"", ""value"": ""6.1"", ""unit"": ""mg/dL""}, {""key"": ""crea"", ""label"": ""serum creatinine"", ""value"": ""0.7"", ""unit"": ""mg/dL""}, {""key"": ""sod"", ""label"": ""serum sodium"", ""value"": ""130"", ""unit"": ""mEq/L""}], ""absent"": [{""key"": ""pafi"", ""label"": ""PaO2/FiO2 ratio""}, {""key"": ""ph"", ""label"": ""arterial pH""}, {""key"": ""glucose"", ""label"": ""serum glucose""}, {""key"": ""bun"", ""label"": ""blood urea nitrogen""}, {""key"": ""urine"", ""label"": ""urine output""}], ""stem"": ""Will this patient survive to hospital discharge?"", ""header"": ""Patient record:"", ""target"": ""hospdead"", ""source"": ""support2""}"
support2-132,support2-132,text,Dies in hospital,,,"Patient record:
- age: 60.04 years
- sex: female
- race: white
- primary disease group: ARF/MOSF w/Sepsis
- disease class: ARF/MOSF
- number of comorbidities: 1
- cancer status: no
- diabetes: no
- dementia: no
- SUPPORT coma score: 37
- activities of daily living: 2
- day of hospital stay at enrolment: 60
- mean arterial pressure: 67 mmHg
- heart rate: 82 bpm
- respiratory rate: 26 breaths/min
- temperature: 37.4 C
- white blood cell count: 1.1 10^3/uL
- PaO2/FiO2 ratio: 228.88
- serum albumin: 4 g/dL
- bilirubin: 1.4 mg/dL
- serum creatinine: 2.1 mg/dL
- serum sodium: 131 mEq/L
- arterial pH: 7.4

Will this patient survive to hospital discharge?","[""Survives to hospital discharge"", ""Dies in hospital""]",1,"{""fields"": [{""key"": ""age"", ""label"": ""age"", ""value"": ""60.04"", ""unit"": ""years""}, {""key"": ""sex"", ""label"": ""sex"", ""value"": ""female"", ""unit"": """"}, {""key"": ""race"", ""label"": ""race"", ""value"": ""white"", ""unit"": """"}, {""key"": ""dzgroup"", ""label"": ""primary disease group"", ""value"": ""ARF/MOSF w/Sepsis"", ""unit"": """"}, {""key"": ""dzclass"", ""label"": ""disease class"", ""value"": ""ARF/MOSF"", ""unit"": """"}, {""key"": ""num.co"", ""label"": ""number of comorbidities"", ""value"": ""1"", ""unit"": """"}, {""key"": ""ca"", ""label"": ""cancer status"", ""value"": ""no"", ""unit"": """"}, {""key"": ""diabetes"", ""label"": ""diabetes"", ""value"": ""no"", ""unit"": """"}, {""key"": ""dementia"", ""label"": ""dementia"", ""value"": ""no"", ""unit"": """"}, {""key"": ""scoma"", ""label"": ""SUPPORT coma score"", ""value"": ""37"", ""unit"": """"}, {""key"": ""adls"", ""label"": ""activities of daily living"", ""value"": ""2"", ""unit"": """"}, {""key"": ""hday"", ""label"": ""day of hospital stay at enrolment"", ""value"": ""60"", ""unit"": """"}, {""key"": ""meanbp"", ""label"": ""mean arterial pressure"", ""value"": ""67"", ""unit"": ""mmHg""}, {""key"": ""hrt"", ""label"": ""heart rate"", ""value"": ""82"", ""unit"": ""bpm""}, {""key"": ""resp"", ""label"": ""respiratory rate"", ""value"": ""26"", ""unit"": ""breaths/min""}, {""key"": ""temp"", ""label"": ""temperature"", ""value"": ""37.4"", ""unit"": ""C""}, {""key"": ""wblc"", ""label"": ""white blood cell count"", ""value"": ""1.1"", ""unit"": ""10^3/uL""}, {""key"": ""pafi"", ""label"": ""PaO2/FiO2 ratio"", ""value"": ""228.88"", ""unit"": """"}, {""key"": ""alb"", ""label"": ""serum albumin"", ""value"": ""4"", ""unit"": ""g/dL""}, {""key"": ""bili"", ""label"": ""bilirubin"", ""value"": ""1.4"", ""unit"": ""mg/dL""}, {""key"": ""crea"", ""label"": ""serum creatinine"", ""value"": ""2.1"", ""unit"": ""mg/dL""}, {""key"": ""sod"", ""label"": ""serum sodium"", ""value"": ""131"", ""unit"": ""mEq/L""}, {""key"": ""ph"", ""label"": ""arterial pH"", ""value"": ""7.4"", ""unit"": """"}], ""absent"": [{""key"": ""glucose"", ""label"": ""serum glucose""}, {""key"": ""bun"", ""label"": ""blood urea nitrogen""}, {""key"": ""urine"", ""label"": ""urine output""}], ""stem"": ""Will this patient survive to hospital discharge?"", ""header"": ""Patient record:"", ""target"": ""hospdead"", ""source"": ""support2""}"
support2-133,support2-133,text,Dies in hospital,,,"Patient record:
- age: 77.14 years
- sex: male
- race: white
- primary disease group: ARF/MOSF w/Sepsis
- disease class: ARF/MOSF
- number of comorbidities: 0
- cancer status: no
- diabetes: no
- dementia: no
- SUPPORT coma score: 0
- activities of daily living: 4
- day of hospital stay at enrolment: 17
- mean arterial pressure: 67 mmHg
- heart rate: 94 bpm
- respiratory rate: 24 breaths/min
- temperature: 36.2 C
- white blood cell count: 14.6 10^3/uL
- PaO2/FiO2 ratio: 156.91
- bilirubin: 1.8 mg/dL
- serum creatinine: 2.5 mg/dL
- serum sodium: 137 mEq/L
- arterial pH: 7.5

Will this patient survive to hospital discharge?","[""Survives to hospital discharge"", ""Dies in hospital""]",1,"{""fields"": [{""key"": ""age"", ""label"": ""age"", ""value"": ""77.14"", ""unit"": ""years""}, {""key"": ""sex"", ""label"": ""sex"", ""value"": ""male"", ""unit"": """"}, {""key"": ""race"", ""label"": ""race"", ""value"": ""white"", ""unit"": """"}, {""key"": ""dzgroup"", ""label"": ""primary disease group"", ""value"": ""ARF/MOSF w/Sepsis"", ""unit"": """"}, {""key"": ""dzclass"", ""label"": ""disease class"", ""value"": ""ARF/MOSF"", ""unit"": """"}, {""key"": ""num.co"", ""label"": ""number of comorbidities"", ""value"": ""0"", ""unit"": """"}, {""key"": ""ca"", ""label"": ""cancer status"", ""value"": ""no"", ""unit"": """"}, {""key"": ""diabetes"", ""label"": ""diabetes"", ""value"": ""no"", ""unit"": """"}, {""key"": ""dementia"", ""label"": ""dementia"", ""value"": ""no"", ""unit"": """"}, {""key"": ""scoma"", ""label"": ""SUPPORT coma score"", ""value"": ""0"", ""unit"": """"}, {""key"": ""adls"", ""label"": ""activities of daily living"", ""value"": ""4"", ""unit"": """"}, {""key"": ""hday"", ""label"": ""day of hospital stay at enrolment"", ""value"": ""17"", ""unit"": """"}, {""key"": ""meanbp"", ""label"": ""mean arterial pressure"", ""value"": ""67"", ""unit"": ""mmHg""}, {""key"": ""hrt"", ""label"": ""heart rate"", ""value"": ""94"", ""unit"": ""bpm""}, {""key"": ""resp"", ""label"": ""respiratory rate"", ""value"": ""24"", ""unit"": ""breaths/min""}, {""key"": ""temp"", ""label"": ""temperature"", ""value"": ""36.2"", ""unit"": ""C""}, {""key"": ""wblc"", ""label"": ""white blood cell count"", ""value"": ""14.6"", ""unit"": ""10^3/uL""}, {""key"": ""pafi"", ""label"": ""PaO2/FiO2 ratio"", ""value"": ""156.91"", ""unit"": """"}, {""key"": ""bili"", ""label"": ""bilirubin"", ""value"": ""1.8"", ""unit"": ""mg/dL""}, {""key"": ""crea"", ""label"": ""serum creatinine"", ""value"": ""2.5"", ""unit"": ""mg/dL""}, {""key"": ""sod"", ""label"": ""serum sodium"", ""value"": ""137"", ""unit"": ""mEq/L""}, {""key"": ""ph"", ""label"": ""arterial pH"", ""value"": ""7.5"", ""unit"": """"}], ""absent"": [{""key"": ""alb"", ""label"": ""serum albumin""}, {""key"": ""glucose"", ""label"": ""serum glucose""}, {""key"": ""bun"", ""label"": ""blood urea nitrogen""}, {""key"": ""urine"", ""label"": ""urine output""}], ""stem"": ""Will this patient survive to hospital discharge?"", ""header"": ""Patient record:"", ""target"": ""hospdead"", ""source"": ""support2""}"
support2-136,support2-136,text,Dies in hospital,,,"Patient record:
- age: 72.84 years
- sex: male
- race: white
- primary disease group: ARF/MOSF w/Sepsis
- disease class: ARF/MOSF
- number of comorbidities: 1
- cancer status: no
- diabetes: no
- dementia: no
- SUPPORT coma score: 26
- day of hospital stay at enrolment: 9
- mean arterial pressure: 67 mmHg
- heart rate: 95 bpm
- respiratory rate: 18 breaths/min
- temperature: 38.8 C
- white blood cell count: 11.6 10^3/uL
- PaO2/FiO2 ratio: 140
- serum albumin: 2.7 g/dL
- serum creatinine: 3.5 mg/dL
- serum sodium: 134 mEq/L
- arterial pH: 7.47

Will this patient survive to hospital discharge?","[""Survives to hospital discharge"", ""Dies in hospital""]",1,"{""fields"": [{""key"": ""age"", ""label"": ""age"", ""value"": ""72.84"", ""unit"": ""years""}, {""key"": ""sex"", ""label"": ""sex"", ""value"": ""male"", ""unit"": """"}, {""key"": ""race"", ""label"": ""race"", ""value"": ""white"", ""unit"": """"}, {""key"": ""dzgroup"", ""label"": ""primary disease group"", ""value"": ""ARF/MOSF w/Sepsis"", ""unit"": """"}, {""key"": ""dzclass"", ""label"": ""disease class"", ""value"": ""ARF/MOSF"", ""unit"": """"}, {""key"": ""num.co"", ""label"": ""number of comorbidities"", ""value"": ""1"", ""unit"": """"}, {""key"": ""ca"", ""label"": ""cancer status"", ""value"": ""no"", ""unit"": """"}, {""key"": ""diabetes"", ""label"": ""diabetes"", ""value"": ""no"", ""unit"": """"}, {""key"": ""dementia"", ""label"": ""dementia"", ""value"": ""no"", ""unit"": """"}, {""key"": ""scoma"", ""label"": ""SUPPORT coma score"", ""value"": ""26"", ""unit"": """"}, {""key"": ""hday"", ""label"": ""day of hospital stay at enrolment"", ""value"": ""9"", ""unit"": """"}, {""key"": ""meanbp"", ""label"": ""mean arterial pressure"", ""value"": ""67"", ""unit"": ""mmHg""}, {""key"": ""hrt"", ""label"": ""heart rate"", ""value"": ""95"", ""unit"": ""bpm""}, {""key"": ""resp"", ""label"": ""respiratory rate"", ""value"": ""18"", ""unit"": ""breaths/min""}, {""key"": ""temp"", ""label"": ""temperature"", ""value"": ""38.8"", ""unit"": ""C""}, {""key"": ""wblc"", ""label"": ""white blood cell count"", ""value"": ""11.6"", ""unit"": ""10^3/uL""}, {""key"": ""pafi"", ""label"": ""PaO2/FiO2 ratio"", ""value"": ""140"", ""unit"": """"}, {""key"": ""alb"", ""label"": ""serum albumin"", ""value"": ""2.7"", ""unit"": ""g/dL""}, {""key"": ""crea"", ""label"": ""serum creatinine"", ""value"": ""3.5"", ""unit"": ""mg/dL""}, {""key"": ""sod"", ""label"": ""serum sodium"", ""value"": ""134"", ""unit"": ""mEq/L""}, {""key"": ""ph"", ""label"": ""arterial pH"", ""value"": ""7.47"", ""unit"": """"}], ""absent"": [{""key"": ""adls"", ""label"": ""activities of daily living""}, {""key"": ""bili"", ""label"": ""bilirubin""}, {""key"": ""glucose"", ""label"": ""serum glucose""}, {""key"": ""bun"", ""label"": ""blood urea nitrogen""}, {""key"": ""urine"", ""label"": ""urine output""}], ""stem"": ""Will this patient survive to hospital discharge?"", ""header"": ""Patient record:"", ""target"": ""hospdead"", ""source"": ""support2""}"
support2-14,support2-14,text,Survives to hospital discharge,,,"Patient record:
- age: 68.14 years
- sex: male
- race: white
- primary disease group: CHF
- disease class: COPD/CHF/Cirrhosis
- number of comorbidities: 0
- cancer status: no
- diabetes: no
- dementia: no
- SUPPORT coma score: 0
- activities of daily living: 0
- day of hospital stay at enrolment: 1
- mean arterial pressure: 68 mmHg
- heart rate: 80 bpm
- respiratory rate: 22 breaths/min
- temperature: 36 C
- white blood cell count: 9.4 10^3/uL
- bilirubin: 0.6 mg/dL
- serum creatinine: 2.6 mg/dL
- serum sodium: 139 mEq/L

Will this patient survive to hospital discharge?","[""Survives to hospital discharge"", ""Dies in hospital""]",0,"{""fields"": [{""key"": ""age"", ""label"": ""age"", ""value"": ""68.14"", ""unit"": ""years""}, {""key"": ""sex"", ""label"": ""sex"", ""value"": ""male"", ""unit"": """"}, {""key"": ""race"", ""label"": ""race"", ""value"": ""white"", ""unit"": """"}, {""key"": ""dzgroup"", ""label"": ""primary disease group"", ""value"": ""CHF"", ""unit"": """"}, {""key"": ""dzclass"", ""label"": ""disease class"", ""value"": ""COPD/CHF/Cirrhosis"", ""unit"": """"}, {""key"": ""num.co"", ""label"": ""number of comorbidities"", ""value"": ""0"", ""unit"": """"}, {""key"": ""ca"", ""label"": ""cancer status"", ""value"": ""no"", ""unit"": """"}, {""key"": ""diabetes"", ""label"": ""diabetes"", ""value"": ""no"", ""unit"": """"}, {""key"": ""dementia"", ""label"": ""dementia"", ""value"": ""no"", ""unit"": """"}, {""key"": ""scoma"", ""label"": ""SUPPORT coma score"", ""value"": ""0"", ""unit"": """"}, {""key"": ""adls"", ""label"": ""activities of daily living"", ""value"": ""0"", ""unit"": """"}, {""key"": ""hday"", ""label"": ""day of hospital stay at enrolment"", ""value"": ""1"", ""unit"": """"}, {""key"": ""meanbp"", ""label"": ""mean arterial pressure"", ""value"": ""68"", ""unit"": ""mmHg""}, {""key"": ""hrt"", ""label"": ""heart rate"", ""value"": ""80"", ""unit"": ""bpm""}, {""key"": ""resp"", ""label"": ""respiratory rate"", ""value"": ""22"", ""unit"": ""breaths/min""}, {""key"": ""temp"", ""label"": ""temperature"", ""value"": ""36"", ""unit"": ""C""}, {""key"": ""wblc"", ""label"": ""white blood cell count"", ""value"": ""9.4"", ""unit"": ""10^3/uL""}, {""key"": ""bili"", ""label"": ""bilirubin"", ""value"": ""0.6"", ""unit"": ""mg/dL""}, {""key"": ""crea"", ""label"": ""serum creatinine"", ""value"": ""2.6"", ""unit"": ""mg/dL""}, {""key"": ""sod"", ""label"": ""serum sodium"", ""value"": ""139"", ""unit"": ""mEq/L""}], ""absent"": [{""key"": ""pafi"", ""label"": ""PaO2/FiO2 ratio""}, {""key"": ""alb"", ""label"": ""serum albumin""}, {""key"": ""ph"", ""label"": ""arterial pH""}, {""key"": ""glucose"", ""label"": ""serum glucose""}, {""key"": ""bun"", ""label"": ""blood urea nitrogen""}, {""key"": ""urine"", ""label"": ""urine output""}], ""stem"": ""Will this patient survive to hospital discharge?"", ""header"": ""Patient record:"", ""target"": ""hospdead"", ""source"": ""support2""}"
support2-140,support2-140,text,Dies in hospital,,,"Patient record:
- age: 44.63 years
- sex: female
- race: white
- primary disease group: ARF/MOSF w/Sepsis
- disease class: ARF/MOSF
- number of comorbidities: 1
- cancer status: no
- diabetes: no
- dementia: no
- SUPPORT coma score: 9
- day of hospital stay at enrolment: 1
- mean arterial pressure: 78 mmHg
- heart rate: 122 bpm
- respiratory rate: 16 breaths/min
- temperature: 38.7 C
- white blood cell count: 28.3 10^3/uL
- PaO2/FiO2 ratio: 204.44
- serum albumin: 4.2 g/dL
- serum creatinine: 1 mg/dL
- serum sodium: 140 mEq/L
- arterial pH: 7.5

Will this patient survive to hospital discharge?","[""Survives to hospital discharge"", ""Dies in hospital""]",1,"{""fields"": [{""key"": ""age"", ""label"": ""age"", ""value"": ""44.63"", ""unit"": ""years""}, {""key"": ""sex"", ""label"": ""sex"", ""value"": ""female"", ""unit"": """"}, {""key"": ""race"", ""label"": ""race"", ""value"": ""white"", ""unit"": """"}, {""key"": ""dzgroup"", ""label"": ""primary disease group"", ""value"": ""ARF/MOSF w/Sepsis"", ""unit"": """"}, {""key"": ""dzclass"", ""label"": ""disease class"", ""value"": ""ARF/MOSF"", ""unit"": """"}, {""key"": ""num.co"", ""label"": ""number of comorbidities"", ""value"": ""1"", ""unit"": """"}, {""key"": ""ca"", ""label"": ""cancer status"", ""value"": ""no"", ""unit"": """"}, {""key"": ""diabetes"", ""label"": ""diabetes"", ""value"": ""no"", ""unit"": """"}, {""key"": ""dementia"", ""label"": ""dementia"", ""value"": ""no"", ""unit"": """"}, {""key"": ""scoma"", ""label"": ""SUPPORT coma score"", ""value"": ""9"", ""unit"": """"}, {""key"": ""hday"", ""label"": ""day of hospital stay at enrolment"", ""value"": ""1"", ""unit"": """"}, {""key"": ""meanbp"", ""label"": ""mean arterial pressure"", ""value"": ""78"", ""unit"": ""mmHg""}, {""key"": ""hrt"", ""label"": ""heart rate"", ""value"": ""122"", ""unit"": ""bpm""}, {""key"": ""resp"", ""label"": ""respiratory rate"", ""value"": ""16"", ""unit"": ""breaths/min""}, {""key"": ""temp"", ""label"": ""temperature"", ""value"": ""38.7"", ""unit"": ""C""}, {""key"": ""wblc"", ""label"": ""white blood cell count"", ""value"": ""28.3"", ""unit"": ""10^3/uL""}, {""key"": ""pafi"", ""label"": ""PaO2/FiO2 ratio"", ""value"": ""204.44"", ""unit"": """"}, {""key"": ""alb"", ""label"": ""serum albumin"", ""value"": ""4.2"", ""unit"": ""g/dL""}, {""key"": ""crea"", ""label"": ""serum creatinine"", ""value"": ""1"", ""unit"": ""mg/dL""}, {""key"": ""sod"", ""label"": ""serum sodium"", ""value"": ""140"", ""unit"": ""mEq/L""}, {""key"": ""ph"", ""label"": ""arterial pH"", ""value"": ""7.5"", ""unit"": """"}], ""absent"": [{""key"": ""adls"", ""label"": ""activities of daily living""}, {""key"": ""bili"", ""label"": ""bilirubin""}, {""key"": ""glucose"", ""label"": ""serum glucose""}, {""key"": ""bun"", ""label"": ""blood urea nitrogen""}, {""key"": ""urine"", ""label"": ""urine output""}], ""stem"": ""Will this patient survive to hospital discharge?"", ""header"": ""Patient record:"", ""target"": ""hospdead"", ""source"": ""support2""}"
support2-143,support2-143,text,Dies in hospital,,,"Patient record:
- age: 50.43 years
- sex: male
- race: white
- primary disease group: MOSF w/Malig
- disease class: ARF/MOSF
- number of comorbidities: 3
- cancer status: yes
- diabetes: no
- dementia: no
- SUPPORT coma score: 26
- day of hospital stay at enrolment: 4
- mean arterial pressure: 54 mmHg
- heart rate: 136 bpm
- respiratory rate: 32 breaths/min
- temperature: 36.9 C
- white blood cell count: 12.7 10^3/uL
- PaO2/FiO2 ratio: 175
- bilirubin: 7.8 mg/dL
- serum creatinine: 2.7 mg/dL
- serum sodium: 132 mEq/L
- arterial pH: 7.19

Will this patient survive to hospital discharge?","[""Survives to hospital discharge"", ""Dies in hospital""]",1,"{""fields"": [{""key"": ""age"", ""label"": ""age"", ""value"": ""50.43"", ""unit"": ""years""}, {""key"": ""sex"", ""label"": ""sex"", ""value"": ""male"", ""unit"": """"}, {""key"": ""race"", ""label"": ""race"", ""value"": ""white"", ""unit"": """"}, {""key"": ""dzgroup"", ""label"": ""primary disease group"", ""value"": ""MOSF w/Malig"", ""unit"": """"}, {""key"": ""dzclass"", ""label"": ""disease class"", ""value"": ""ARF/MOSF"", ""unit"": """"}, {""key"": ""num.co"", ""label"": ""number of comorbidities"", ""value"": ""3"", ""unit"": """"}, {""key"": ""ca"", ""label"": ""cancer status"", ""value"": ""yes"", ""unit"": """"}, {""key"": ""diabetes"", ""label"": ""diabetes"", ""value"": ""no"", ""unit"": """"}, {""key"": ""dementia"", ""label"": ""dementia"", ""value"": ""no"", ""unit"": """"}, {""key"": ""scoma"", ""label"": ""SUPPORT coma score"", ""value"": ""26"", ""unit"": """"}, {""key"": ""hday"", ""label"": ""day of hospital stay at enrolment"", ""value"": ""4"", ""unit"": """"}, {""key"": ""meanbp"", ""label"": ""mean arterial pressure"", ""value"": ""54"", ""unit"": ""mmHg""}, {""key"": ""hrt"", ""label"": ""heart rate"", ""value"": ""136"", ""unit"": ""bpm""}, {""key"": ""resp"", ""label"": ""respiratory rate"", ""value"": ""32"", ""unit"": ""breaths/min""}, {""key"": ""temp"", ""label"": ""temperature"", ""value"": ""36.9"", ""unit"": ""C""}, {""key"": ""wblc"", ""label"": ""white blood cell count"", ""value"": ""12.7"", ""unit"": ""10^3/uL""}, {""key"": ""pafi"", ""label"": ""PaO2/FiO2 ratio"", ""value"": ""175"", ""unit"": """"}, {""key"": ""bili"", ""label"": ""bilirubin"", ""value"": ""7.8"", ""unit"": ""mg/dL""}, {""key"": ""crea"", ""label"": ""serum creatinine"", ""value"": ""2.7"", ""unit"": ""mg/dL""}, {""key"": ""sod"", ""label"": ""serum sodium"", ""value"": ""132"", ""unit"": ""mEq/L""}, {""key"": ""ph"", ""label"": ""arterial pH"", ""value"": ""7.19"", ""unit"": """"}], ""absent"": [{""key"": ""adls"", ""label"": ""activities of daily living""}, {""key"": ""alb"", ""label"": ""serum albumin""}, {""key"": ""glucose"", ""label"": ""serum glucose""}, {""key"": ""bun"", ""label"": ""blood urea nitrogen""}, {""key"": ""urine"", ""label"": ""urine output""}], ""stem"": ""Will this patient survive to hospital discharge?"", ""header"": ""Patient record:"", ""target"": ""hospdead"", ""source"": ""support2""}"
support2-148,support2-148,text,Dies in hospital,,,"Patient record:
- age: 50.2 years
- sex: male
- race: white
- primary disease group: ARF/MOSF w/Sepsis
- disease class: ARF/MOSF
- number of comorbidities: 1
- cancer status: no
- diabetes: no
- dementia: no
- SUPPORT coma score: 0
- day of hospital stay at enrolment: 13
- mean arterial pressure: 60 mmHg
- heart rate: 145 bpm
- respiratory rate: 27 breaths/min
- temperature: 37.7 C
- white blood cell count: 3.9 10^3/uL
- PaO2/FiO2 ratio: 122.5
- bilirubin: 0.5 mg/dL
- serum creatinine: 3.4 mg/dL
- serum sodium: 134 mEq/L
- arterial pH: 7.23

Will this patient survive to hospital discharge?","[""Survives to hospital discharge"", ""Dies in hospital""]",1,"{""fields"": [{""key"": ""age"", ""label"": ""age"", ""value"": ""50.2"", ""unit"": ""years""}, {""key"": ""sex"", ""label"": ""sex"", ""value"": ""male"", ""unit"": """"}, {""key"": ""race"", ""label"": ""race"", ""value"": ""white"", ""unit"": """"}, {""key"": ""dzgroup"", ""label"": ""primary disease group"", ""value"": ""ARF/MOSF w/Sepsis"", ""unit"": """"}, {""key"": ""dzclass"", ""label"": ""disease class"", ""value"": ""ARF/MOSF"", ""unit"": """"}, {""key"": ""num.co"", ""label"": ""number of comorbidities"", ""value"": ""1"", ""unit"": """"}, {""key"": ""ca"", ""label"": ""cancer status"", ""value"": ""no"", ""unit"": """"}, {""key"": ""diabetes"", ""label"": ""diabetes"", ""value"": ""no"", ""unit"": """"}, {""key"": ""dementia"", ""label"": ""dementia"", ""value"": ""no"", ""unit"": """"}, {""key"": ""scoma"", ""label"": ""SUPPORT coma score"", ""value"": ""0"", ""unit"": """"}, {""key"": ""hday"", ""label"": ""day of hospital stay at enrolment"", ""value"": ""13"", ""unit"": """"}, {""key"": ""meanbp"", ""label"": ""mean arterial pressure"", ""value"": ""60"", ""unit"": ""mmHg""}, {""key"": ""hrt"", ""label"": ""heart rate"", ""value"": ""145"", ""unit"": ""bpm""}, {""key"": ""resp"", ""label"": ""respiratory rate"", ""value"": ""27"", ""unit"": ""breaths/min""}, {""key"": ""temp"", ""label"": ""temperature"", ""value"": ""37.7"", ""unit"": ""C""}, {""key"": ""wblc"", ""label"": ""white blood cell count"", ""value"": ""3.9"", ""unit"": ""10^3/uL""}, {""key"": ""pafi"", ""label"": ""PaO2/FiO2 ratio"", ""value"": ""122.5"", ""unit"": """"}, {""key"": ""bili"", ""label"": ""bilirubin"", ""value"": ""0.5"", ""unit"": ""mg/dL""}, {""key"": ""crea"", ""label"": ""serum creatinine"", ""value"": ""3.4"", ""unit"": ""mg/dL""}, {""key"": ""sod"", ""label"": ""serum sodium"", ""value"": ""134"", ""unit"": ""mEq/L""}, {""key"": ""ph"", ""label"": ""arterial pH"", ""value"": ""7.23"", ""unit"": """"}], ""absent"": [{""key"": ""adls"", ""label"": ""activities of daily living""}, {""key"": ""alb"", ""label"": ""serum albumin""}, {""key"": ""glucose"", ""label"": ""serum glucose""}, {""key"": ""bun"", ""label"": ""blood urea nitrogen""}, {""key"": ""urine"", ""label"": ""urine output""}], ""stem"": ""Will this patient survive to hospital discharge?"", ""header"": ""Patient record:"", ""target"": ""hospdead"", ""source"": ""support2""}"
support2-15,support2-15,text,Survives to hospital discharge,,,"Patient record:
- age: 43.54 years
- sex: female
- race: white
- primary disease group: ARF/MOSF w/Sepsis
- disease class: ARF/MOSF
- number of comorbidities: 1
- cancer status: no
- diabetes: no
- dementia: no
- SUPPORT coma score: 26
- day of hospital stay at enrolment: 148
- mean arterial pressure: 67 mmHg
- heart rate: 172 bpm
- respiratory rate: 20 breaths/min
- temperature: 38.8 C
- white blood cell count: 24.6 10^3/uL
- PaO2/FiO2 ratio: 113.33
- serum creatinine: 0.6 mg/dL
- serum sodium: 134 mEq/L
- arterial pH: 7.4

Will this patient survive to hospital discharge?","[""Survives to hospital discharge"", ""Dies in hospital""]",0,"{""fields"": [{""key"": ""age"", ""label"": ""age"", ""value"": ""43.54"", ""unit"": ""years""}, {""key"": ""sex"", ""label"": ""sex"", ""value"": ""female"", ""unit"": """"}, {""key"": ""race"", ""label"": ""race"", ""value"": ""white"", ""unit"": """"}, {""key"": ""dzgroup"", ""label"": ""primary disease group"", ""value"": ""ARF/MOSF w/Sepsis"", ""unit"": """"}, {""key"": ""dzclass"", ""label"": ""disease class"", ""value"": ""ARF/MOSF"", ""unit"": """"}, {""key"": ""num.co"", ""label"": ""number of comorbidities"", ""value"": ""1"", ""unit"": """"}, {""key"": ""ca"", ""label"": ""cancer status"", ""value"": ""no"", ""unit"": """"}, {""key"": ""diabetes"", ""label"": ""diabetes"", ""value"": ""no"", ""unit"": """"}, {""key"": ""dementia"", ""label"": ""dementia"", ""value"": ""no"", ""unit"": """"}, {""key"": ""scoma"", ""label"": ""SUPPORT coma score"", ""value"": ""26"", ""unit"": """"}, {""key"": ""hday"", ""label"": ""day of hospital stay at enrolment"", ""value"": ""148"", ""unit"": """"}, {""key"": ""meanbp"", ""label"": ""mean arterial pressure"", ""value"": ""67"", ""unit"": ""mmHg""}, {""key"": ""hrt"", ""label"": ""heart rate"", ""value"": ""172"", ""unit"": ""bpm""}, {""key"": ""resp"", ""label"": ""respiratory rate"", ""value"": ""20"", ""unit"": ""breaths/min""}, {""key"": ""temp"", ""label"": ""temperature"", ""value"": ""38.8"", ""unit"": ""C""}, {""key"": ""wblc"", ""label"": ""white blood cell count"", ""value"": ""24.6"", ""unit"": ""10^3/uL""}, {""key"": ""pafi"", ""label"": ""PaO2/FiO2 ratio"", ""value"": ""113.33"", ""unit"": """"}, {""key"": ""crea"", ""label"": ""serum creatinine"", ""value"": ""0.6"", ""unit"": ""mg/dL""}, {""key"": ""sod"", ""label"": ""serum sodium"", ""value"": ""134"", ""unit"": ""mEq/L""}, {""key"": ""ph"", ""label"": ""arterial pH"", ""value"": ""7.4"", ""unit"": """"}], ""absent"": [{""key"": ""adls"", ""label"": ""activities of daily living""}, {""key"": ""alb"", ""label"": ""serum albumin""}, {""key"": ""bili"", ""label"": ""bilirubin""}, {""key"": ""glucose"", ""label"": ""serum glucose""}, {""key"": ""bun"", ""label"": ""blood urea nitrogen""}, {""key"": ""urine"", ""label"": ""urine output""}], ""stem"": ""Will this patient survive to hospital discharge?"", ""header"": ""Patient record:"", ""target"": ""hospdead"", ""source"": ""support2""}"
support2-153,support2-153,text,Dies in hospital,,,"Patient record:
- age: 32.14 years
- sex: male
- race: other
- primary disease group: MOSF w/Malig
- disease class: ARF/MOSF
- number of comorbidities: 2
- cancer status: yes
- diabetes: no
- dementia: no
- SUPPORT coma score: 0
- day of hospital stay at enrolment: 12
- mean arterial pressure: 24 mmHg
- heart rate: 145 bpm
- respiratory rate: 30 breaths/min
- temperature: 38.7 C
- white blood cell count: 20.2 10^3/uL
- PaO2/FiO2 ratio: 222.5
- bilirubin: 1 mg/dL
- serum creatinine: 2.2 mg/dL
- serum sodium: 125 mEq/L
- arterial pH: 7.35

Will this patient survive to hospital discharge?","[""Survives to hospital discharge"", ""Dies in hospital""]",1,"{""fields"": [{""key"": ""age"", ""label"": ""age"", ""value"": ""32.14"", ""unit"": ""years""}, {""key"": ""sex"", ""label"": ""sex"", ""value"": ""male"", ""unit"": """"}, {""key"": ""race"", ""label"": ""race"", ""value"": ""other"", ""unit"": """"}, {""key"": ""dzgroup"", ""label"": ""primary disease group"", ""value"": ""MOSF w/Malig"", ""unit"": """"}, {""key"": ""dzclass"", ""label"": ""disease class"", ""value"": ""ARF/MOSF"", ""unit"": """"}, {""key"": ""num.co"", ""label"": ""number of comorbidities"", ""value"": ""2"", ""unit"": """"}, {""key"": ""ca"", ""label"": ""cancer status"", ""value"": ""yes"", ""unit"": """"}, {""key"": ""diabetes"", ""label"": ""diabetes"", ""value"": ""no"", ""unit"": """"}, {""key"": ""dementia"", ""label"": ""dementia"", ""value"": ""no"", ""unit"": """"}, {""key"": ""scoma"", ""label"": ""SUPPORT coma score"", ""value"": ""0"", ""unit"": """"}, {""key"": ""hday"", ""label"": ""day of hospital stay at enrolment"", ""value"": ""12"", ""unit"": """"}, {""key"": ""meanbp"", ""label"": ""mean arterial pressure"", ""value"": ""24"", ""unit"": ""mmHg""}, {""key"": ""hrt"", ""label"": ""heart rate"", ""value"": ""145"", ""unit"": ""bpm""}, {""key"": ""resp"", ""label"": ""respiratory rate"", ""value"": ""30"", ""unit"": ""breaths/min""}, {""key"": ""temp"", ""label"": ""temperature"", ""value"": ""38.7"", ""unit"": ""C""}, {""key"": ""wblc"", ""label"": ""white blood cell count"", ""value"": ""20.2"", ""unit"": ""10^3/uL""}, {""key"": ""pafi"", ""label"": ""PaO2/FiO2 ratio"", ""value"": ""222.5"", ""unit"": """"}, {""key"": ""bili"", ""label"": ""bilirubin"", ""value"": ""1"", ""unit"": ""mg/dL""}, {""key"": ""crea"", ""label"": ""serum creatinine"", ""value"": ""2.2"", ""unit"": ""mg/dL""}, {""key"": ""sod"", ""label"": ""serum sodium"", ""value"": ""125"", ""unit"": ""mEq/L""}, {""key"": ""ph"", ""label"": ""arterial pH"", ""value"": ""7.35"", ""unit"": """"}], ""absent"": [{""key"": ""adls"", ""label"": ""activities of daily living""}, {""key"": ""alb"", ""label"": ""serum albumin""}, {""key"": ""glucose"", ""label"": ""serum glucose""}, {""key"": ""bun"", ""label"": ""blood urea nitrogen""}, {""key"": ""urine"", ""label"": ""urine output""}], ""stem"": ""Will this patient survive to hospital discharge?"", ""header"": ""Patient record:"", ""target"": ""hospdead"", ""source"": ""support2""}"
support2-156,support2-156,text,Dies in hospital,,,"Patient record:
- age: 57.81 years
- sex: male
- race: white
- primary disease group: ARF/MOSF w/Sepsis
- disease class: ARF/MOSF
- number of comorbidities: 2
- cancer status: no
- diabetes: no
- dementia: no
- SUPPORT coma score: 26
- activities of daily living: 0
- day of hospital stay at enrolment: 1
- mean arterial pressure: 113 mmHg
- heart rate: 82 bpm
- respiratory rate: 16 breaths/min
- temperature: 37 C
- white blood cell count: 20.6 10^3/uL
- PaO2/FiO2 ratio: 267.5
- bilirubin: 4.4 mg/dL
- serum creatinine: 2.7 mg/dL
- serum sodium: 144 mEq/L
- arterial pH: 7.43

Will this patient survive to hospital discharge?","[""Survives to hospital discharge"", ""Dies in hospital""]",1,"{""fields"": [{""key"": ""age"", ""label"": ""age"", ""value"": ""57.81"", ""unit"": ""years""}, {""key"": ""sex"", ""label"": ""sex"", ""value"": ""male"", ""unit"": """"}, {""key"": ""race"", ""label"": ""race"", ""value"": ""white"", ""unit"": """"}, {""key"": ""dzgroup"", ""label"": ""primary disease group"", ""value"": ""ARF/MOSF w/Sepsis"", ""unit"": """"}, {""key"": ""dzclass"", ""label"": ""disease class"", ""value"": ""ARF/MOSF"", ""unit"": """"}, {""key"": ""num.co"", ""label"": ""number of comorbidities"", ""value"": ""2"", ""unit"": """"}, {""key"": ""ca"", ""label"": ""cancer status"", ""value"": ""no"", ""unit"": """"}, {""key"": ""diabetes"", ""label"": ""diabetes"", ""value"": ""no"", ""unit"": """"}, {""key"": ""dementia"", ""label"": ""dementia"", ""value"": ""no"", ""unit"": """"}, {""key"": ""scoma"", ""label"": ""SUPPORT coma score"", ""value"": ""26"", ""unit"": """"}, {""key"": ""adls"", ""label"": ""activities of daily living"", ""value"": ""0"", ""unit"": """"}, {""key"": ""hday"", ""label"": ""day of hospital stay at enrolment"", ""value"": ""1"", ""unit"": """"}, {""key"": ""meanbp"", ""label"": ""mean arterial pressure"", ""value"": ""113"", ""unit"": ""mmHg""}, {""key"": ""hrt"", ""label"": ""heart rate"", ""value"": ""82"", ""unit"": ""bpm""}, {""key"": ""resp"", ""label"": ""respiratory rate"", ""value"": ""16"", ""unit"": ""breaths/min""}, {""key"": ""temp"", ""label"": ""temperature"", ""value"": ""37"", ""unit"": ""C""}, {""key"": ""wblc"", ""label"": ""white blood cell count"", ""value"": ""20.6"", ""unit"": ""10^3/uL""}, {""key"": ""pafi"", ""label"": ""PaO2/FiO2 ratio"", ""value"": ""267.5"", ""unit"": """"}, {""key"": ""bili"", ""label"": ""bilirubin"", ""value"": ""4.4"", ""unit"": ""mg/dL""}, {""key"": ""crea"", ""label"": ""serum creatinine"", ""value"": ""2.7"", ""unit"": ""mg/dL""}, {""key"": ""sod"", ""label"": ""serum sodium"", ""value"": ""144"", ""unit"": ""mEq/L""}, {""key"": ""ph"", ""label"": ""arterial pH"", ""value"": ""7.43"", ""unit"": """"}], ""absent"": [{""key"": ""alb"", ""label"": ""serum albumin""}, {""key"": ""glucose"", ""label"": ""serum glucose""}, {""key"": ""bun"", ""label"": ""blood urea nitrogen""}, {""key"": ""urine"", ""label"": ""urine output""}], ""stem"": ""Will this patient survive to hospital discharge?"", ""header"": ""Patient record:"", ""target"": ""hospdead"", ""source"": ""support2""}"
support2-16,support2-16,text,Survives to hospital discharge,,,"Patient record:
- age: 58.82 years
- sex: female
- race: white
- primary disease group: Lung Cancer
- disease class: Cancer
- number of comorbidities: 1
- cancer status: metastatic
- diabetes: no
- dementia: no
- SUPPORT coma score: 0
- activities of daily living: 0
- day of hospital stay at enrolment: 1
- mean arterial pressure: 97 mmHg
- heart rate: 92 bpm
- respiratory rate: 20 breaths/min
- temperature: 37.2 C
- white blood cell count: 15.9 10^3/uL
- serum albumin: 4.3 g/dL
- bilirubin: 0.2 mg/dL
- serum creatinine: 0.8 mg/dL
- serum sodium: 134 mEq/L

Will this patient survive to hospital discharge?","[""Survives to hospital discharge"", ""Dies in hospital""]",0,"{""fields"": [{""key"": ""age"", ""label"": ""age"", ""value"": ""58.82"", ""unit"": ""years""}, {""key"": ""sex"", ""label"": ""sex"", ""value"": ""female"", ""unit"": """"}, {""key"": ""race"", ""label"": ""race"", ""value"": ""white"", ""unit"": """"}, {""key"": ""dzgroup"", ""label"": ""primary disease group"", ""value"": ""Lung Cancer"", ""unit"": """"}, {""key"": ""dzclass"", ""label"": ""disease class"", ""value"": ""Cancer"", ""unit"": """"}, {""key"": ""num.co"", ""label"": ""number of comorbidities"", ""value"": ""1"", ""unit"": """"}, {""key"": ""ca"", ""label"": ""cancer status"", ""value"": ""metastatic"", ""unit"": """"}, {""key"": ""diabetes"", ""label"": ""diabetes"", ""value"": ""no"", ""unit"": """"}, {""key"": ""dementia"", ""label"": ""dementia"", ""value"": ""no"", ""unit"": """"}, {""key"": ""scoma"", ""label"": ""SUPPORT coma score"", ""value"": ""0"", ""unit"": """"}, {""key"": ""adls"", ""label"": ""activities of daily living"", ""value"": ""0"", ""unit"": """"}, {""key"": ""hday"", ""label"": ""day of hospital stay at enrolment"", ""value"": ""1"", ""unit"": """"}, {""key"": ""meanbp"", ""label"": ""mean arterial pressure"", ""value"": ""97"", ""unit"": ""mmHg""}, {""key"": ""hrt"", ""label"": ""heart rate"", ""value"": ""92"", ""unit"": ""bpm""}, {""key"": ""resp"", ""label"": ""respiratory rate"", ""value"": ""20"", ""unit"": ""breaths/min""}, {""key"": ""temp"", ""label"": ""temperature"", ""value"": ""37.2"", ""unit"": ""C""}, {""key"": ""wblc"", ""label"": ""white blood cell count"", ""value"": ""15.9"", ""unit"": ""10^3/uL""}, {""key"": ""alb"", ""label"": ""serum albumin"", ""value"": ""4.3"", ""unit"": ""g/dL""}, {""key"": ""bili"", ""label"": ""bilirubin"", ""value"": ""0.2"", ""unit"": ""mg/dL""}, {""key"": ""crea"", ""label"": ""serum creatinine"", ""value"": ""0.8"", ""unit"": ""mg/dL""}, {""key"": ""sod"", ""label"": ""serum sodium"", ""value"": ""134"", ""unit"": ""mEq/L""}], ""absent"": [{""key"": ""pafi"", ""label"": ""PaO2/FiO2 ratio""}, {""key"": ""ph"", ""label"": ""arterial pH""}, {""key"": ""glucose"", ""label"": ""serum glucose""}, {""key"": ""bun"", ""label"": ""blood urea nitrogen""}, {""key"": ""urine"", ""label"": ""urine output""}], ""stem"": ""Will this patient survive to hospital discharge?"", ""header"": ""Patient record:"", ""target"": ""hospdead"", ""source"": ""support2""}"
support2-163,support2-163,text,Dies in hospital,,,"Patient record:
- age: 63.77 years
- sex: male
- race: white
- primary disease group: ARF/MOSF w/Sepsis
- disease class: ARF/MOSF
- number of comorbidities: 1
- cancer status: no
- diabetes: no
- dementia: yes
- SUPPORT coma score: 26
- day of hospital stay at enrolment: 15
- mean arterial pressure: 71 mmHg
- heart rate: 96 bpm
- respiratory rate: 32 breaths/min
- temperature: 38 C
- white blood cell count: 11.6 10^3/uL
- PaO2/FiO2 ratio: 128.56
- serum albumin: 3.6 g/dL
- bilirubin: 0.5 mg/dL
- serum creatinine: 0.8 mg/dL
- serum sodium: 127 mEq/L
- arterial pH: 7.48

Will this patient survive to hospital discharge?","[""Survives to hospital discharge"", ""Dies in hospital""]",1,"{""fields"": [{""key"": ""age"", ""label"": ""age"", ""value"": ""63.77"", ""unit"": ""years""}, {""key"": ""sex"", ""label"": ""sex"", ""value"": ""male"", ""unit"": """"}, {""key"": ""race"", ""label"": ""race"", ""value"": ""white"", ""unit"": """"}, {""key"": ""dzgroup"", ""label"": ""primary disease group"", ""value"": ""ARF/MOSF w/Sepsis"", ""unit"": """"}, {""key"": ""dzclass"", ""label"": ""disease class"", ""value"": ""ARF/MOSF"", ""unit"": """"}, {""key"": ""num.co"", ""label"": ""number of comorbidities"", ""value"": ""1"", ""unit"": """"}, {""key"": ""ca"", ""label"": ""cancer status"", ""value"": ""no"", ""unit"": """"}, {""key"": ""diabetes"", ""label"": ""diabetes"", ""value"": ""no"", ""unit"": """"}, {""key"": ""dementia"", ""label"": ""dementia"", ""value"": ""yes"", ""unit"": """"}, {""key"": ""scoma"", ""label"": ""SUPPORT coma score"", ""value"": ""26"", ""unit"": """"}, {""key"": ""hday"", ""label"": ""day of hospital stay at enrolment"", ""value"": ""15"", ""unit"": """"}, {""key"": ""meanbp"", ""label"": ""mean arterial pressure"", ""value"": ""71"", ""unit"": ""mmHg""}, {""key"": ""hrt"", ""label"": ""heart rate"", ""value"": ""96"", ""unit"": ""bpm""}, {""key"": ""resp"", ""label"": ""respiratory rate"", ""value"": ""32"", ""unit"": ""breaths/min""}, {""key"": ""temp"", ""label"": ""temperature"", ""value"": ""38"", ""unit"": ""C""}, {""key"": ""wblc"", ""label"": ""white blood cell count"", ""value"": ""11.6"", ""unit"": ""10^3/uL""}, {""key"": ""pafi"", ""label"": ""PaO2/FiO2 ratio"", ""value"": ""128.56"", ""unit"": """"}, {""key"": ""alb"", ""label"": ""serum albumin"", ""value"": ""3.6"", ""unit"": ""g/dL""}, {""key"": ""bili"", ""label"": ""bilirubin"", ""value"": ""0.5"", ""unit"": ""mg/dL""}, {""key"": ""crea"", ""label"": ""serum creatinine"", ""value"": ""0.8"", ""unit"": ""mg/dL""}, {""key"": ""sod"", ""label"": ""serum sodium"", ""value"": ""127"", ""unit"": ""mEq/L""}, {""key"": ""ph"", ""label"": ""arterial pH"", ""value"": ""7.48"", ""unit"": """"}], ""absent"": [{""key"": ""adls"", ""label"": ""activities of daily living""}, {""key"": ""glucose"", ""label"": ""serum glucose""}, {""key"": ""bun"", ""label"": ""blood urea nitrogen""}, {""key"": ""urine"", ""label"": ""urine output""}], ""stem"": ""Will this patient survive to hospital discharge?"", ""header"": ""Patient record:"", ""target"": ""hospdead"", ""source"": ""support2""}"
support2-165,support2-165,text,Dies in hospital,,,"Patient record:
- age: 20.83 years
- sex: male
- race: white
- primary disease group: MOSF w/Malig
- disease class: ARF/MOSF
- number of comorbidities: 1
- cancer status: yes
- diabetes: no
- dementia: no
- SUPPORT coma score: 0
- day of hospital stay at enrolment: 63
- mean arterial pressure: 0 mmHg
- heart rate: 0 bpm
- respiratory rate: 0 breaths/min
- temperature: 37.8 C
- white blood cell count: 5.8 10^3/uL
- PaO2/FiO2 ratio: 130
- serum albumin: 4 g/dL
- bilirubin: 10.5 mg/dL
- serum creatinine: 3.6 mg/dL
- serum sodium: 132 mEq/L
- arterial pH: 7.28

Will this patient survive to hospital discharge?","[""Survives to hospital discharge"", ""Dies in hospital""]",1,"{""fields"": [{""key"": ""age"", ""label"": ""age"", ""value"": ""20.83"", ""unit"": ""years""}, {""key"": ""sex"", ""label"": ""sex"", ""value"": ""male"", ""unit"": """"}, {""key"": ""race"", ""label"": ""race"", ""value"": ""white"", ""unit"": """"}, {""key"": ""dzgroup"", ""label"": ""primary disease group"", ""value"": ""MOSF w/Malig"", ""unit"": """"}, {""key"": ""dzclass"", ""label"": ""disease class"", ""value"": ""ARF/MOSF"", ""unit"": """"}, {""key"": ""num.co"", ""label"": ""number of comorbidities"", ""value"": ""1"", ""unit"": """"}, {""key"": ""ca"", ""label"": ""cancer status"", ""value"": ""yes"", ""unit"": """"}, {""key"": ""diabetes"", ""label"": ""diabetes"", ""value"": ""no"", ""unit"": """"}, {""key"": ""dementia"", ""label"": ""dementia"", ""value"": ""no"", ""unit"": """"}, {""key"": ""scoma"", ""label"": ""SUPPORT coma score"", ""value"": ""0"", ""unit"": """"}, {""key"": ""hday"", ""label"": ""day of hospital stay at enrolment"", ""value"": ""63"", ""unit"": """"}, {""key"": ""meanbp"", ""label"": ""mean arterial pressure"", ""value"": ""0"", ""unit"": ""mmHg""}, {""key"": ""hrt"", ""label"": ""heart rate"", ""value"": ""0"", ""unit"": ""bpm""}, {""key"": ""resp"", ""label"": ""respiratory rate"", ""value"": ""0"", ""unit"": ""breaths/min""}, {""key"": ""temp"", ""label"": ""temperature"", ""value"": ""37.8"", ""unit"": ""C""}, {""key"": ""wblc"", ""label"": ""white blood cell count"", ""value"": ""5.8"", ""unit"": ""10^3/uL""}, {""key"": ""pafi"", ""label"": ""PaO2/FiO2 ratio"", ""value"": ""130"", ""unit"": """"}, {""key"": ""alb"", ""label"": ""serum albumin"", ""value"": ""4"", ""unit"": ""g/dL""}, {""key"": ""bili"", ""label"": ""bilirubin"", ""value"": ""10.5"", ""unit"": ""mg/dL""}, {""key"": ""crea"", ""label"": ""serum creatinine"", ""value"": ""3.6"", ""unit"": ""mg/dL""}, {""key"": ""sod"", ""label"": ""serum sodium"", ""value"": ""132"", ""unit"": ""mEq/L""}, {""key"": ""ph"", ""label"": ""arterial pH"", ""value"": ""7.28"", ""unit"": """"}], ""absent"": [{""key"": ""adls"", ""label"": ""activities of daily living""}, {""key"": ""glucose"", ""label"": ""serum glucose""}, {""key"": ""bun"", ""label"": ""blood urea nitrogen""}, {""key"": ""urine"", ""label"": ""urine output""}], ""stem"": ""Will this patient survive to hospital discharge?"", ""header"": ""Patient record:"", ""target"": ""hospdead"", ""source"": ""support2""}"
support2-166,support2-166,text,Dies in hospital,,,"Patient record:
- age: 52.67 years
- sex: female
- race: white
- primary disease group: Coma
- disease class: Coma
- number of comorbidities: 0
- cancer status: no
- diabetes: no
- dementia: no
- SUPPORT coma score: 94
- day of hospital stay at enrolment: 6
- mean arterial pressure: 88 mmHg
- heart rate: 72 bpm
- respiratory rate: 12 breaths/min
- temperature: 36.2 C
- white blood cell count: 14.9 10^3/uL
- PaO2/FiO2 ratio: 277.5
- serum creatinine: 0.5 mg/dL
- serum sodium: 138 mEq/L
- arterial pH: 7.58

Will this patient survive to hospital discharge?","[""Survives to hospital discharge"", ""Dies in hospital""]",1,"{""fields"": [{""key"": ""age"", ""label"": ""age"", ""value"": ""52.67"", ""unit"": ""years""}, {""key"": ""sex"", ""label"": ""sex"", ""value"": ""female"", ""unit"": """"}, {""key"": ""race"", ""label"": ""race"", ""value"": ""white"", ""unit"": """"}, {""key"": ""dzgroup"", ""label"": ""primary disease group"", ""value"": ""Coma"", ""unit"": """"}, {""key"": ""dzclass"", ""label"": ""disease class"", ""value"": ""Coma"", ""unit"": """"}, {""key"": ""num.co"", ""label"": ""number of comorbidities"", ""value"": ""0"", ""unit"": """"}, {""key"": ""ca"", ""label"": ""cancer status"", ""value"": ""no"", ""unit"": """"}, {""key"": ""diabetes"", ""label"": ""diabetes"", ""value"": ""no"", ""unit"": """"}, {""key"": ""dementia"", ""label"": ""dementia"", ""value"": ""no"", ""unit"": """"}, {""key"": ""scoma"", ""label"": ""SUPPORT coma score"", ""value"": ""94"", ""unit"": """"}, {""key"": ""hday"", ""label"": ""day of hospital stay at enrolment"", ""value"": ""6"", ""unit"": """"}, {""key"": ""meanbp"", ""label"": ""mean arterial pressure"", ""value"": ""88"", ""unit"": ""mmHg""}, {""key"": ""hrt"", ""label"": ""heart rate"", ""value"": ""72"", ""unit"": ""bpm""}, {""key"": ""resp"", ""label"": ""respiratory rate"", ""value"": ""12"", ""unit"": ""breaths/min""}, {""key"": ""temp"", ""label"": ""temperature"", ""value"": ""36.2"", ""unit"": ""C""}, {""key"": ""wblc"", ""label"": ""white blood cell count"", ""value"": ""14.9"", ""unit"": ""10^3/uL""}, {""key"": ""pafi"", ""label"": ""PaO2/FiO2 ratio"", ""value"": ""277.5"", ""unit"": """"}, {""key"": ""crea"", ""label"": ""serum creatinine"", ""value"": ""0.5"", ""unit"": ""mg/dL""}, {""key"": ""sod"", ""label"": ""serum sodium"", ""value"": ""138"", ""unit"": ""mEq/L""}, {""key"": ""ph"", ""label"": ""arterial pH"", ""value"": ""7.58"", ""unit"": """"}], ""absent"": [{""key"": ""adls"", ""label"": ""activities of daily living""}, {""key"": ""alb"", ""label"": ""serum albumin""}, {""key"": ""bili"", ""label"": ""bilirubin""}, {""key"": ""glucose"", ""label"": ""serum glucose""}, {""key"": ""bun"", ""label"": ""blood urea nitrogen""}, {""key"": ""urine"", ""label"": ""urine output""}], ""stem"": ""Will this patient survive to hospital discharge?"", ""header"": ""Patient record:"", ""target"": ""hospdead"", ""source"": ""support2""}"
support2-167,support2-167,text,Dies in hospital,,,"Patient record:
- age: 75.37 years
- sex: male
- race: white
- primary disease group: ARF/MOSF w/Sepsis
- disease class: ARF/MOSF
- number of comorbidities: 1
- cancer status: no
- diabetes: yes
- dementia: no
- SUPPORT coma score: 26
- day of hospital stay at enrolment: 8
- mean arterial pressure: 63 mmHg
- heart rate: 60 bpm
- respiratory rate: 4 breaths/min
- temperature: 37.8 C
- white blood cell count: 12.9 10^3/uL
- PaO2/FiO2 ratio: 166
- bilirubin: 1.1 mg/dL
- serum creatinine: 8.6 mg/dL
- serum sodium: 132 mEq/L
- arterial pH: 7.47

Will this patient survive to hospital discharge?","[""Survives to hospital discharge"", ""Dies in hospital""]",1,"{""fields"": [{""key"": ""age"", ""label"": ""age"", ""value"": ""75.37"", ""unit"": ""years""}, {""key"": ""sex"", ""label"": ""sex"", ""value"": ""male"", ""unit"": """"}, {""key"": ""race"", ""label"": ""race"", ""value"": ""white"", ""unit"": """"}, {""key"": ""dzgroup"", ""label"": ""primary disease group"", ""value"": ""ARF/MOSF w/Sepsis"", ""unit"": """"}, {""key"": ""dzclass"", ""label"": ""disease class"", ""value"": ""ARF/MOSF"", ""unit"": """"}, {""key"": ""num.co"", ""label"": ""number of comorbidities"", ""value"": ""1"", ""unit"": """"}, {""key"": ""ca"", ""label"": ""cancer status"", ""value"": ""no"", ""unit"": """"}, {""key"": ""diabetes"", ""label"": ""diabetes"", ""value"": ""yes"", ""unit"": """"}, {""key"": ""dementia"", ""label"": ""dementia"", ""value"": ""no"", ""unit"": """"}, {""key"": ""scoma"", ""label"": ""SUPPORT coma score"", ""value"": ""26"", ""unit"": """"}, {""key"": ""hday"", ""label"": ""day of hospital stay at enrolment"", ""value"": ""8"", ""unit"": """"}, {""key"": ""meanbp"", ""label"": ""mean arterial pressure"", ""value"": ""63"", ""unit"": ""mmHg""}, {""key"": ""hrt"", ""label"": ""heart rate"", ""value"": ""60"", ""unit"": ""bpm""}, {""key"": ""resp"", ""label"": ""respiratory rate"", ""value"": ""4"", ""unit"": ""breaths/min""}, {""key"": ""temp"", ""label"": ""temperature"", ""value"": ""37.8"", ""unit"": ""C""}, {""key"": ""wblc"", ""label"": ""white blood cell count"", ""value"": ""12.9"", ""unit"": ""10^3/uL""}, {""key"": ""pafi"", ""label"": ""PaO2/FiO2 ratio"", ""value"": ""166"", ""unit"": """"}, {""key"": ""bili"", ""label"": ""bilirubin"", ""value"": ""1.1"", ""unit"": ""mg/dL""}, {""key"": ""crea"", ""label"": ""serum creatinine"", ""value"": ""8.6"", ""unit"": ""mg/dL""}, {""key"": ""sod"", ""label"": ""serum sodium"", ""value"": ""132"", ""unit"": ""mEq/L""}, {""key"": ""ph"", ""label"": ""arterial pH"", ""value"": ""7.47"", ""unit"": """"}], ""absent"": [{""key"": ""adls"", ""label"": ""activities of daily living""}, {""key"": ""alb"", ""label"": ""serum albumin""}, {""key"": ""glucose"", ""label"": ""serum glucose""}, {""key"": ""bun"", ""label"": ""blood urea nitrogen""}, {""key"": ""urine"", ""label"": ""urine output""}], ""stem"": ""Will this patient survive to hospital discharge?"", ""header"": ""Patient record:"", ""target"": ""hospdead"", ""source"": ""support2""}"
support2-17,support2-17,text,Survives to hospital discharge,,,"Patient record:
- age: 45.42 years
- sex: male
- race: white
- primary disease group: Lung Cancer
- disease class: Cancer
- number of comorbidities: 2
- cancer status: metastatic
- diabetes: no
- dementia: no
- SUPPORT coma score: 0
- day of hospital stay at enrolment: 1
- mean arterial pressure: 97 mmHg
- heart rate: 100 bpm
- respiratory rate: 24 breaths/min
- temperature: 37.3 C
- white blood cell count: 10.8 10^3/uL
- PaO2/FiO2 ratio: 585.12
- bilirubin: 0.3 mg/dL
- serum creatinine: 1.1 mg/dL
- serum sodium: 137 mEq/L
- arterial pH: 7.49

Will this patient survive to hospital discharge?","[""Survives to hospital discharge"", ""Dies in hospital""]",0,"{""fields"": [{""key"": ""age"", ""label"": ""age"", ""value"": ""45.42"", ""unit"": ""years""}, {""key"": ""sex"", ""label"": ""sex"", ""value"": ""male"", ""unit"": """"}, {""key"": ""race"", ""label"": ""race"", ""value"": ""white"", ""unit"": """"}, {""key"": ""dzgroup"", ""label"": ""primary disease group"", ""value"": ""Lung Cancer"", ""unit"": """"}, {""key"": ""dzclass"", ""label"": ""disease class"", ""value"": ""Cancer"", ""unit"": """"}, {""key"": ""num.co"", ""label"": ""number of comorbidities"", ""value"": ""2"", ""unit"": """"}, {""key"": ""ca"", ""label"": ""cancer status"", ""value"": ""metastatic"", ""unit"": """"}, {""key"": ""diabetes"", ""label"": ""diabetes"", ""value"": ""no"", ""unit"": """"}, {""key"": ""dementia"", ""label"": ""dementia"", ""value"": ""no"", ""unit"": """"}, {""key"": ""scoma"", ""label"": ""SUPPORT coma score"", ""value"": ""0"", ""unit"": """"}, {""key"": ""hday"", ""label"": ""day of hospital stay at enrolment"", ""value"": ""1"", ""unit"": """"}, {""key"": ""meanbp"", ""label"": ""mean arterial pressure"", ""value"": ""97"", ""unit"": ""mmHg""}, {""key"": ""hrt"", ""label"": ""heart rate"", ""value"": ""100"", ""unit"": ""bpm""}, {""key"": ""resp"", ""label"": ""respiratory rate"", ""value"": ""24"", ""unit"": ""breaths/min""}, {""key"": ""temp"", ""label"": ""temperature"", ""value"": ""37.3"", ""unit"": ""C""}, {""key"": ""wblc"", ""label"": ""white blood cell count"", ""value"": ""10.8"", ""unit"": ""10^3/uL""}, {""key"": ""pafi"", ""label"": ""PaO2/FiO2 ratio"", ""value"": ""585.12"", ""unit"": """"}, {""key"": ""bili"", ""label"": ""bilirubin"", ""value"": ""0.3"", ""unit"": ""mg/dL""}, {""key"": ""crea"", ""label"": ""serum creatinine"", ""value"": ""1.1"", ""unit"": ""mg/dL""}, {""key"": ""sod"", ""label"": ""serum sodium"", ""value"": ""137"", ""unit"": ""mEq/L""}, {""key"": ""ph"", ""label"": ""arterial pH"", ""value"": ""7.49"", ""unit"": """"}], ""absent"": [{""key"": ""adls"", ""label"": ""activities of daily living""}, {""key"": ""alb"", ""label"": ""serum albumin""}, {""key"": ""glucose"", ""label"": ""serum glucose""}, {""key"": ""bun"", ""label"": ""blood urea nitrogen""}, {""key"": ""urine"", ""label"": ""urine output""}], ""stem"": ""Will this patient survive to hospital discharge?"", ""header"": ""Patient record:"", ""target"": ""hospdead"", ""source"": ""support2""}"
support2-174,support2-174,text,Dies in hospital,,,"Patient record:
- age: 37.72 years
- sex: male
- race: white
- primary disease group: ARF/MOSF w/Sepsis
- disease class: ARF/MOSF
- number of comorbidities: 0
- cancer status: no
- diabetes: no
- dementia: no
- SUPPORT coma score: 26
- activities of daily living: 1
- day of hospital stay at enrolment: 48
- mean arterial pressure: 61 mmHg
- heart rate: 140 bpm
- respiratory rate: 45 breaths/min
- temperature: 39.09 C
- white blood cell count: 0.1 10^3/uL
- PaO2/FiO2 ratio: 238
- bilirubin: 0.8 mg/dL
- serum creatinine: 2.8 mg/dL
- serum sodium: 148 mEq/L
- arterial pH: 7.43

Will this patient survive to hospital discharge?","[""Survives to hospital discharge"", ""Dies in hospital""]",1,"{""fields"": [{""key"": ""age"", ""label"": ""age"", ""value"": ""37.72"", ""unit"": ""years""}, {""key"": ""sex"", ""label"": ""sex"", ""value"": ""male"", ""unit"": """"}, {""key"": ""race"", ""label"": ""race"", ""value"": ""white"", ""unit"": """"}, {""key"": ""dzgroup"", ""label"": ""primary disease group"", ""value"": ""ARF/MOSF w/Sepsis"", ""unit"": """"}, {""key"": ""dzclass"", ""label"": ""disease class"", ""value"": ""ARF/MOSF"", ""unit"": """"}, {""key"": ""num.co"", ""label"": ""number of comorbidities"", ""value"": ""0"", ""unit"": """"}, {""key"": ""ca"", ""label"": ""cancer status"", ""value"": ""no"", ""unit"": """"}, {""key"": ""diabetes"", ""label"": ""diabetes"", ""value"": ""no"", ""unit"": """"}, {""key"": ""dementia"", ""label"": ""dementia"", ""value"": ""no"", ""unit"": """"}, {""key"": ""scoma"", ""label"": ""SUPPORT coma score"", ""value"": ""26"", ""unit"": """"}, {""key"": ""adls"", ""label"": ""activities of daily living"", ""value"": ""1"", ""unit"": """"}, {""key"": ""hday"", ""label"": ""day of hospital stay at enrolment"", ""value"": ""48"", ""unit"": """"}, {""key"": ""meanbp"", ""label"": ""mean arterial pressure"", ""value"": ""61"", ""unit"": ""mmHg""}, {""key"": ""hrt"", ""label"": ""heart rate"", ""value"": ""140"", ""unit"": ""bpm""}, {""key"": ""resp"", ""label"": ""respiratory rate"", ""value"": ""45"", ""unit"": ""breaths/min""}, {""key"": ""temp"", ""label"": ""temperature"", ""value"": ""39.09"", ""unit"": ""C""}, {""key"": ""wblc"", ""label"": ""white blood cell count"", ""value"": ""0.1"", ""unit"": ""10^3/uL""}, {""key"": ""pafi"", ""label"": ""PaO2/FiO2 ratio"", ""value"": ""238"", ""unit"": """"}, {""key"": ""bili"", ""label"": ""bilirubin"", ""value"": ""0.8"", ""unit"": ""mg/dL""}, {""key"": ""crea"", ""label"": ""serum creatinine"", ""value"": ""2.8"", ""unit"": ""mg/dL""}, {""key"": ""sod"", ""label"": ""serum sodium"", ""value"": ""148"", ""unit"": ""mEq/L""}, {""key"": ""ph"", ""label"": ""arterial pH"", ""value"": ""7.43"", ""unit"": """"}], ""absent"": [{""key"": ""alb"", ""label"": ""serum albumin""}, {""key"": ""glucose"", ""label"": ""serum glucose""}, {""key"": ""bun"", ""label"": ""blood urea nitrogen""}, {""key"": ""urine"", ""label"": ""urine output""}], ""stem"": ""Will this patient survive to hospital discharge?"", ""header"": ""Patient record:"", ""target"": ""hospdead"", ""source"": ""support2""}"
support2-175,support2-175,text,Dies in hospital,,,"Patient record:
- age: 65.46 years
- sex: female
- race: black
- primary disease group: Lung Cancer
- disease class: Cancer
- number of comorbidities: 1
- cancer status: metastatic
- diabetes: no
- dementia: no
- SUPPORT coma score: 0
- activities of daily living: 5
- day of hospital stay at enrolment: 1
- mean arterial pressure: 90 mmHg
- heart rate: 68 bpm
- respiratory rate: 18 breaths/min
- temperature: 36.2 C
- white blood cell count: 18.9 10^3/uL
- PaO2/FiO2 ratio: 285.69
- serum albumin: 3.8 g/dL
- bilirubin: 0.7 mg/dL
- serum creatinine: 1 mg/dL
- serum sodium: 134 mEq/L
- arterial pH: 7.46

Will this patient survive to hospital discharge?","[""Survives to hospital discharge"", ""Dies in hospital""]",1,"{""fields"": [{""key"": ""age"", ""label"": ""age"", ""value"": ""65.46"", ""unit"": ""years""}, {""key"": ""sex"", ""label"": ""sex"", ""value"": ""female"", ""unit"": """"}, {""key"": ""race"", ""label"": ""race"", ""value"": ""black"", ""unit"": """"}, {""key"": ""dzgroup"", ""label"": ""primary disease group"", ""value"": ""Lung Cancer"", ""unit"": """"}, {""key"": ""dzclass"", ""label"": ""disease class"", ""value"": ""Cancer"", ""unit"": """"}, {""key"": ""num.co"", ""label"": ""number of comorbidities"", ""value"": ""1"", ""unit"": """"}, {""key"": ""ca"", ""label"": ""cancer status"", ""value"": ""metastatic"", ""unit"": """"}, {""key"": ""diabetes"", ""label"": ""diabetes"", ""value"": ""no"", ""unit"": """"}, {""key"": ""dementia"", ""label"": ""dementia"", ""value"": ""no"", ""unit"": """"}, {""key"": ""scoma"", ""label"": ""SUPPORT coma score"", ""value"": ""0"", ""unit"": """"}, {""key"": ""adls"", ""label"": ""activities of daily living"", ""value"": ""5"", ""unit"": """"}, {""key"": ""hday"", ""label"": ""day of hospital stay at enrolment"", ""value"": ""1"", ""unit"": """"}, {""key"": ""meanbp"", ""label"": ""mean arterial pressure"", ""value"": ""90"", ""unit"": ""mmHg""}, {""key"": ""hrt"", ""label"": ""heart rate"", ""value"": ""68"", ""unit"": ""bpm""}, {""key"": ""resp"", ""label"": ""respiratory rate"", ""value"": ""18"", ""unit"": ""breaths/min""}, {""key"": ""temp"", ""label"": ""temperature"", ""value"": ""36.2"", ""unit"": ""C""}, {""key"": ""wblc"", ""label"": ""white blood cell count"", ""value"": ""18.9"", ""unit"": ""10^3/uL""}, {""key"": ""pafi"", ""label"": ""PaO2/FiO2 ratio"", ""value"": ""285.69"", ""unit"": """"}, {""key"": ""alb"", ""label"": ""serum albumin"", ""value"": ""3.8"", ""unit"": ""g/dL""}, {""key"": ""bili"", ""label"": ""bilirubin"", ""value"": ""0.7"", ""unit"": ""mg/dL""}, {""key"": ""crea"", ""label"": ""serum creatinine"", ""value"": ""1"", ""unit"": ""mg/dL""}, {""key"": ""sod"", ""label"": ""serum sodium"", ""value"": ""134"", ""unit"": ""mEq/L""}, {""key"": ""ph"", ""label"": ""arterial pH"", ""value"": ""7.46"", ""unit"": """"}], ""absent"": [{""key"": ""glucose"", ""label"": ""serum glucose""}, {""key"": ""bun"", ""label"": ""blood urea nitrogen""}, {""key"": ""urine"", ""label"": ""urine output""}], ""stem"": ""Will this patient survive to hospital discharge?"", ""header"": ""Patient record:"", ""target"": ""hospdead"", ""source"": ""support2""}"
support2-179,support2-179,text,Dies in hospital,,,"Patient record:
- age: 42.92 years
- sex: male
- race: white
- primary disease group: ARF/MOSF w/Sepsis
- disease class: ARF/MOSF
- number of comorbidities: 2
- cancer status: no
- diabetes: no
- dementia: no
- SUPPORT coma score: 26
- day of hospital stay at enrolment: 54
- mean arterial pressure: 63 mmHg
- heart rate: 132 bpm
- respiratory rate: 50 breaths/min
- temperature: 39.5 C
- white blood cell count: 32.59 10^3/uL
- PaO2/FiO2 ratio: 77.33
- serum albumin: 2.1 g/dL
- serum creatinine: 1.5 mg/dL
- serum sodium: 135 mEq/L
- arterial pH: 7.21

Will this patient survive to hospital discharge?","[""Survives to hospital discharge"", ""Dies in hospital""]",1,"{""fields"": [{""key"": ""age"", ""label"": ""age"", ""value"": ""42.92"", ""unit"": ""years""}, {""key"": ""sex"", ""label"": ""sex"", ""value"": ""male"", ""unit"": """"}, {""key"": ""race"", ""label"": ""race"", ""value"": ""white"", ""unit"": """"}, {""key"": ""dzgroup"", ""label"": ""primary disease group"", ""value"": ""ARF/MOSF w/Sepsis"", ""unit"": """"}, {""key"": ""dzclass"", ""label"": ""disease class"", ""value"": ""ARF/MOSF"", ""unit"": """"}, {""key"": ""num.co"", ""label"": ""number of comorbidities"", ""value"": ""2"", ""unit"": """"}, {""key"": ""ca"", ""label"": ""cancer status"", ""value"": ""no"", ""unit"": """"}, {""key"": ""diabetes"", ""label"": ""diabetes"", ""value"": ""no"", ""unit"": """"}, {""key"": ""dementia"", ""label"": ""dementia"", ""value"": ""no"", ""unit"": """"}, {""key"": ""scoma"", ""label"": ""SUPPORT coma score"", ""value"": ""26"", ""unit"": """"}, {""key"": ""hday"", ""label"": ""day of hospital stay at enrolment"", ""value"": ""54"", ""unit"": """"}, {""key"": ""meanbp"", ""label"": ""mean arterial pressure"", ""value"": ""63"", ""unit"": ""mmHg""}, {""key"": ""hrt"", ""label"": ""heart rate"", ""value"": ""132"", ""unit"": ""bpm""}, {""key"": ""resp"", ""label"": ""respiratory rate"", ""value"": ""50"", ""unit"": ""breaths/min""}, {""key"": ""temp"", ""label"": ""temperature"", ""value"": ""39.5"", ""unit"": ""C""}, {""key"": ""wblc"", ""label"": ""white blood cell count"", ""value"": ""32.59"", ""unit"": ""10^3/uL""}, {""key"": ""pafi"", ""label"": ""PaO2/FiO2 ratio"", ""value"": ""77.33"", ""unit"": """"}, {""key"": ""alb"", ""label"": ""serum albumin"", ""value"": ""2.1"", ""unit"": ""g/dL""}, {""key"": ""crea"", ""label"": ""serum creatinine"", ""value"": ""1.5"", ""unit"": ""mg/dL""}, {""key"": ""sod"", ""label"": ""serum sodium"", ""value"": ""135"", ""unit"": ""mEq/L""}, {""key"": ""ph"", ""label"": ""arterial pH"", ""value"": ""7.21"", ""unit"": """"}], ""absent"": [{""key"": ""adls"", ""label"": ""activities of daily living""}, {""key"": ""bili"", ""label"": ""bilirubin""}, {""key"": ""glucose"", ""label"": ""serum glucose""}, {""key"": ""bun"", ""label"": ""blood urea nitrogen""}, {""key"": ""urine"", ""label"": ""urine output""}], ""stem"": ""Will this patient survive to hospital discharge?"", ""header"": ""Patient record:"", ""target"": ""hospdead"", ""source"": ""support2""}"
support2-18,support2-18,text,Dies in hospital,,,"Patient record:
- age: 63.66 years
- sex: female
- race: white
- primary disease group: ARF/MOSF w/Sepsis
- disease class: ARF/MOSF
- number of comorbidities: 0
- cancer status: no
- diabetes: no
- dementia: no
- SUPPORT coma score: 26
- activities of daily living: 0
- day of hospital stay at enrolment: 13
- mean arterial pressure: 69 mmHg
- heart rate: 108 bpm
- respiratory rate: 22 breaths/min
- temperature: 36.7 C
- white blood cell count: 30.1 10^3/uL
- PaO2/FiO2 ratio: 155.53
- serum albumin: 2.9 g/dL
- bilirubin: 14 mg/dL
- serum creatinine: 2.9 mg/dL
- serum sodium: 130 mEq/L
- arterial pH: 7.45

Will this patient survive to hospital discharge?","[""Survives to hospital discharge"", ""Dies in hospital""]",1,"{""fields"": [{""key"": ""age"", ""label"": ""age"", ""value"": ""63.66"", ""unit"": ""years""}, {""key"": ""sex"", ""label"": ""sex"", ""value"": ""female"", ""unit"": """"}, {""key"": ""race"", ""label"": ""race"", ""value"": ""white"", ""unit"": """"}, {""key"": ""dzgroup"", ""label"": ""primary disease group"", ""value"": ""ARF/MOSF w/Sepsis"", ""unit"": """"}, {""key"": ""dzclass"", ""label"": ""disease class"", ""value"": ""ARF/MOSF"", ""unit"": """"}, {""key"": ""num.co"", ""label"": ""number of comorbidities"", ""value"": ""0"", ""unit"": """"}, {""key"": ""ca"", ""label"": ""cancer status"", ""value"": ""no"", ""unit"": """"}, {""key"": ""diabetes"", ""label"": ""diabetes"", ""value"": ""no"", ""unit"": """"}, {""key"": ""dementia"", ""label"": ""dementia"", ""value"": ""no"", ""unit"": """"}, {""key"": ""scoma"", ""label"": ""SUPPORT coma score"", ""value"": ""26"", ""unit"": """"}, {""key"": ""adls"", ""label"": ""activities of daily living"", ""value"": ""0"", ""unit"": """"}, {""key"": ""hday"", ""label"": ""day of hospital stay at enrolment"", ""value"": ""13"", ""unit"": """"}, {""key"": ""meanbp"", ""label"": ""mean arterial pressure"", ""value"": ""69"", ""unit"": ""mmHg""}, {""key"": ""hrt"", ""label"": ""heart rate"", ""value"": ""108"", ""unit"": ""bpm""}, {""key"": ""resp"", ""label"": ""respiratory rate"", ""value"": ""22"", ""unit"": ""breaths/min""}, {""key"": ""temp"", ""label"": ""temperature"", ""value"": ""36.7"", ""unit"": ""C""}, {""key"": ""wblc"", ""label"": ""white blood cell count"", ""value"": ""30.1"", ""unit"": ""10^3/uL""}, {""key"": ""pafi"", ""label"": ""PaO2/FiO2 ratio"", ""value"": ""155.53"", ""unit"": """"}, {""key"": ""alb"", ""label"": ""serum albumin"", ""value"": ""2.9"", ""unit"": ""g/dL""}, {""key"": ""bili"", ""label"": ""bilirubin"", ""value"": ""14"", ""unit"": ""mg/dL""}, {""key"": ""crea"", ""label"": ""serum creatinine"", ""value"": ""2.9"", ""unit"": ""mg/dL""}, {""key"": ""sod"", ""label"": ""serum sodium"", ""value"": ""130"", ""unit"": ""mEq/L""}, {""key"": ""ph"", ""label"": ""arterial pH"", ""value"": ""7.45"", ""unit"": """"}], ""absent"": [{""key"": ""glucose"", ""label"": ""serum glucose""}, {""key"": ""bun"", ""label"": ""blood urea nitrogen""}, {""key"": ""urine"", ""label"": ""urine output""}], ""stem"": ""Will this patient survive to hospital discharge?"", ""header"": ""Patient record:"", ""target"": ""hospdead"", ""source"": ""support2""}"
support2-180,support2-180,text,Dies in hospital,,,"Patient record:
- age: 37.4 years
- sex: female
- race: black
- primary disease group: Cirrhosis
- disease class: COPD/CHF/Cirrhosis
- number of comorbidities: 3
- cancer status: yes
- diabetes: no
- dementia: no
- SUPPORT coma score: 0
- day of hospital stay at enrolment: 5
- mean arterial pressure: 73 mmHg
- heart rate: 120 bpm
- respiratory rate: 24 breaths/min
- temperature: 37.09 C
- white blood cell count: 5.9 10^3/uL
- PaO2/FiO2 ratio: 233.31
- serum creatinine: 3.2 mg/dL
- serum sodium: 132 mEq/L
- arterial pH: 7.41

Will this patient survive to hospital discharge?","[""Survives to hospital discharge"", ""Dies in hospital""]",1,"{""fields"": [{""key"": ""age"", ""label"": ""age"", ""value"": ""37.4"", ""unit"": ""years""}, {""key"": ""sex"", ""label"": ""sex"", ""value"": ""female"", ""unit"": """"}, {""key"": ""race"", ""label"": ""race"", ""value"": ""black"", ""unit"": """"}, {""key"": ""dzgroup"", ""label"": ""primary disease group"", ""value"": ""Cirrhosis"", ""unit"": """"}, {""key"": ""dzclass"", ""label"": ""disease class"", ""value"": ""COPD/CHF/Cirrhosis"", ""unit"": """"}, {""key"": ""num.co"", ""label"": ""number of comorbidities"", ""value"": ""3"", ""unit"": """"}, {""key"": ""ca"", ""label"": ""cancer status"", ""value"": ""yes"", ""unit"": """"}, {""key"": ""diabetes"", ""label"": ""diabetes"", ""value"": ""no"", ""unit"": """"}, {""key"": ""dementia"", ""label"": ""dementia"", ""value"": ""no"", ""unit"": """"}, {""key"": ""scoma"", ""label"": ""SUPPORT coma score"", ""value"": ""0"", ""unit"": """"}, {""key"": ""hday"", ""label"": ""day of hospital stay at enrolment"", ""value"": ""5"", ""unit"": """"}, {""key"": ""meanbp"", ""label"": ""mean arterial pressure"", ""value"": ""73"", ""unit"": ""mmHg""}, {""key"": ""hrt"", ""label"": ""heart rate"", ""value"": ""120"", ""unit"": ""bpm""}, {""key"": ""resp"", ""label"": ""respiratory rate"", ""value"": ""24"", ""unit"": ""breaths/min""}, {""key"": ""temp"", ""label"": ""temperature"", ""value"": ""37.09"", ""unit"": ""C""}, {""key"": ""wblc"", ""label"": ""white blood cell count"", ""value"": ""5.9"", ""unit"": ""10^3/uL""}, {""key"": ""pafi"", ""label"": ""PaO2/FiO2 ratio"", ""value"": ""233.31"", ""unit"": """"}, {""key"": ""crea"", ""label"": ""serum creatinine"", ""value"": ""3.2"", ""unit"": ""mg/dL""}, {""key"": ""sod"", ""label"": ""serum sodium"", ""value"": ""132"", ""unit"": ""mEq/L""}, {""key"": ""ph"", ""label"": ""arterial pH"", ""value"": ""7.41"", ""unit"": """"}], ""absent"": [{""key"": ""adls"", ""label"": ""activities of daily living""}, {""key"": ""alb"", ""label"": ""serum albumin""}, {""key"": ""bili"", ""label"": ""bilirubin""}, {""key"": ""glucose"", ""label"": ""serum glucose""}, {""key"": ""bun"", ""label"": ""blood urea nitrogen""}, {""key"": ""urine"", ""label"": ""urine output""}], ""stem"": ""Will this patient survive to hospital discharge?"", ""header"": ""Patient record:"", ""target"": ""hospdead"", ""source"": ""support2""}"
support2-184,support2-184,text,Dies in hospital,,,"Patient record:
- age: 47.63 years
- sex: female
- race: asian
- primary disease group: ARF/MOSF w/Sepsis
- disease class: ARF/MOSF
- number of comorbidities: 1
- cancer status: no
- diabetes: no
- dementia: no
- SUPPORT coma score: 0
- day of hospital stay at enrolment: 21
- mean arterial pressure: 25 mmHg
- heart rate: 125 bpm
- respiratory rate: 10 breaths/min
- temperature: 36 C
- white blood cell count: 4.5 10^3/uL
- PaO2/FiO2 ratio: 167.34
- bilirubin: 32.4 mg/dL
- serum creatinine: 3.6 mg/dL
- serum sodium: 142 mEq/L
- arterial pH: 7.5

Will this patient survive to hospital discharge?","[""Survives to hospital discharge"", ""Dies in hospital""]",1,"{""fields"": [{""key"": ""age"", ""label"": ""age"", ""value"": ""47.63"", ""unit"": ""years""}, {""key"": ""sex"", ""label"": ""sex"", ""value"": ""female"", ""unit"": """"}, {""key"": ""race"", ""label"": ""race"", ""value"": ""asian"", ""unit"": """"}, {""key"": ""dzgroup"", ""label"": ""primary disease group"", ""value"": ""ARF/MOSF w/Sepsis"", ""unit"": """"}, {""key"": ""dzclass"", ""label"": ""disease class"", ""value"": ""ARF/MOSF"", ""unit"": """"}, {""key"": ""num.co"", ""label"": ""number of comorbidities"", ""value"": ""1"", ""unit"": """"}, {""key"": ""ca"", ""label"": ""cancer status"", ""value"": ""no"", ""unit"": """"}, {""key"": ""diabetes"", ""label"": ""diabetes"", ""value"": ""no"", ""unit"": """"}, {""key"": ""dementia"", ""label"": ""dementia"", ""value"": ""no"", ""unit"": """"}, {""key"": ""scoma"", ""label"": ""SUPPORT coma score"", ""value"": ""0"", ""unit"": """"}, {""key"": ""hday"", ""label"": ""day of hospital stay at enrolment"", ""value"": ""21"", ""unit"": """"}, {""key"": ""meanbp"", ""label"": ""mean arterial pressure"", ""value"": ""25"", ""unit"": ""mmHg""}, {""key"": ""hrt"", ""label"": ""heart rate"", ""value"": ""125"", ""unit"": ""bpm""}, {""key"": ""resp"", ""label"": ""respiratory rate"", ""value"": ""10"", ""unit"": ""breaths/min""}, {""key"": ""temp"", ""label"": ""temperature"", ""value"": ""36"", ""unit"": ""C""}, {""key"": ""wblc"", ""label"": ""white blood cell count"", ""value"": ""4.5"", ""unit"": ""10^3/uL""}, {""key"": ""pafi"", ""label"": ""PaO2/FiO2 ratio"", ""value"": ""167.34"", ""unit"": """"}, {""key"": ""bili"", ""label"": ""bilirubin"", ""value"": ""32.4"", ""unit"": ""mg/dL""}, {""key"": ""crea"", ""label"": ""serum creatinine"", ""value"": ""3.6"", ""unit"": ""mg/dL""}, {""key"": ""sod"", ""label"": ""serum sodium"", ""value"": ""142"", ""unit"": ""mEq/L""}, {""key"": ""ph"", ""label"": ""arterial pH"", ""value"": ""7.5"", ""unit"": """"}], ""absent"": [{""key"": ""adls"", ""label"": ""activities of daily living""}, {""key"": ""alb"", ""label"": ""serum albumin""}, {""key"": ""glucose"", ""label"": ""serum glucose""}, {""key"": ""bun"", ""label"": ""blood urea nitrogen""}, {""key"": ""urine"", ""label"": ""urine output""}], ""stem"": ""Will this patient survive to hospital discharge?"", ""header"": ""Patient record:"", ""target"": ""hospdead"", ""source"": ""support2""}"
support2-187,support2-187,text,Dies in hospital,,,"Patient record:
- age: 35.62 years
- sex: female
- race: black
- primary disease group: ARF/MOSF w/Sepsis
- disease class: ARF/MOSF
- number of comorbidities: 0
- cancer status: no
- diabetes: no
- dementia: no
- SUPPORT coma score: 0
- day of hospital stay at enrolment: 1
- mean arterial pressure: 25 mmHg
- heart rate: 150 bpm
- respiratory rate: 28 breaths/min
- temperature: 37.2 C
- white blood cell count: 19.8 10^3/uL
- PaO2/FiO2 ratio: 309.5
- serum creatinine: 2.5 mg/dL
- serum sodium: 135 mEq/L
- arterial pH: 7.16

Will this patient survive to hospital discharge?","[""Survives to hospital discharge"", ""Dies in hospital""]",1,"{""fields"": [{""key"": ""age"", ""label"": ""age"", ""value"": ""35.62"", ""unit"": ""years""}, {""key"": ""sex"", ""label"": ""sex"", ""value"": ""female"", ""unit"": """"}, {""key"": ""race"", ""label"": ""race"", ""value"": ""black"", ""unit"": """"}, {""key"": ""dzgroup"", ""label"": ""primary disease group"", ""value"": ""ARF/MOSF w/Sepsis"", ""unit"": """"}, {""key"": ""dzclass"", ""label"": ""disease class"", ""value"": ""ARF/MOSF"", ""unit"": """"}, {""key"": ""num.co"", ""label"": ""number of comorbidities"", ""value"": ""0"", ""unit"": """"}, {""key"": ""ca"", ""label"": ""cancer status"", ""value"": ""no"", ""unit"": """"}, {""key"": ""diabetes"", ""label"": ""diabetes"", ""value"": ""no"", ""unit"": """"}, {""key"": ""dementia"", ""label"": ""dementia"", ""value"": ""no"", ""unit"": """"}, {""key"": ""scoma"", ""label"": ""SUPPORT coma score"", ""value"": ""0"", ""unit"": """"}, {""key"": ""hday"", ""label"": ""day of hospital stay at enrolment"", ""value"": ""1"", ""unit"": """"}, {""key"": ""meanbp"", ""label"": ""mean arterial pressure"", ""value"": ""25"", ""unit"": ""mmHg""}, {""key"": ""hrt"", ""label"": ""heart rate"", ""value"": ""150"", ""unit"": ""bpm""}, {""key"": ""resp"", ""label"": ""respiratory rate"", ""value"": ""28"", ""unit"": ""breaths/min""}, {""key"": ""temp"", ""label"": ""temperature"", ""value"": ""37.2"", ""unit"": ""C""}, {""key"": ""wblc"", ""label"": ""white blood cell count"", ""value"": ""19.8"", ""unit"": ""10^3/uL""}, {""key"": ""pafi"", ""label"": ""PaO2/FiO2 ratio"", ""value"": ""309.5"", ""unit"": """"}, {""key"": ""crea"", ""label"": ""serum creatinine"", ""value"": ""2.5"", ""unit"": ""mg/dL""}, {""key"": ""sod"", ""label"": ""serum sodium"", ""value"": ""135"", ""unit"": ""mEq/L""}, {""key"": ""ph"", ""label"": ""arterial pH"", ""value"": ""7.16"", ""unit"": """"}], ""absent"": [{""key"": ""adls"", ""label"": ""activities of daily living""}, {""key"": ""alb"", ""label"": ""serum albumin""}, {""key"": ""bili"", ""label"": ""bilirubin""}, {""key"": ""glucose"", ""label"": ""serum glucose""}, {""key"": ""bun"", ""label"": ""blood urea nitrogen""}, {""key"": ""urine"", ""label"": ""urine output""}], ""stem"": ""Will this patient survive to hospital discharge?"", ""header"": ""Patient record:"", ""target"": ""hospdead"", ""source"": ""support2""}"
support2-188,support2-188,text,Dies in hospital,,,"Patient record:
- age: 63.86 years
- sex: female
- race: white
- primary disease group: Coma
- disease class: Coma
- number of comorbidities: 0
- cancer status: no
- diabetes: no
- dementia: no
- SUPPORT coma score: 94
- day of hospital stay at enrolment: 5
- mean arterial pressure: 139 mmHg
- heart rate: 122 bpm
- respiratory rate: 10 breaths/min
- temperature: 38.7 C
- white blood cell count: 8.3 10^3/uL
- PaO2/FiO2 ratio: 350
- serum creatinine: 0.7 mg/dL
- serum sodium: 149 mEq/L
- arterial pH: 7.53

Will this patient survive to hospital discharge?","[""Survives to hospital discharge"", ""Dies in hospital""]",1,"{""fields"": [{""key"": ""age"", ""label"": ""age"", ""value"": ""63.86"", ""unit"": ""years""}, {""key"": ""sex"", ""label"": ""sex"", ""value"": ""female"", ""unit"": """"}, {""key"": ""race"", ""label"": ""race"", ""value"": ""white"", ""unit"": """"}, {""key"": ""dzgroup"", ""label"": ""primary disease group"", ""value"": ""Coma"", ""unit"": """"}, {""key"": ""dzclass"", ""label"": ""disease class"", ""value"": ""Coma"", ""unit"": """"}, {""key"": ""num.co"", ""label"": ""number of comorbidities"", ""value"": ""0"", ""unit"": """"}, {""key"": ""ca"", ""label"": ""cancer status"", ""value"": ""no"", ""unit"": """"}, {""key"": ""diabetes"", ""label"": ""diabetes"", ""value"": ""no"", ""unit"": """"}, {""key"": ""dementia"", ""label"": ""dementia"", ""value"": ""no"", ""unit"": """"}, {""key"": ""scoma"", ""label"": ""SUPPORT coma score"", ""value"": ""94"", ""unit"": """"}, {""key"": ""hday"", ""label"": ""day of hospital stay at enrolment"", ""value"": ""5"", ""unit"": """"}, {""key"": ""meanbp"", ""label"": ""mean arterial pressure"", ""value"": ""139"", ""unit"": ""mmHg""}, {""key"": ""hrt"", ""label"": ""heart rate"", ""value"": ""122"", ""unit"": ""bpm""}, {""key"": ""resp"", ""label"": ""respiratory rate"", ""value"": ""10"", ""unit"": ""breaths/min""}, {""key"": ""temp"", ""label"": ""temperature"", ""value"": ""38.7"", ""unit"": ""C""}, {""key"": ""wblc"", ""label"": ""white blood cell count"", ""value"": ""8.3"", ""unit"": ""10^3/uL""}, {""key"": ""pafi"", ""label"": ""PaO2/FiO2 ratio"", ""value"": ""350"", ""unit"": """"}, {""key"": ""crea"", ""label"": ""serum creatinine"", ""value"": ""0.7"", ""unit"": ""mg/dL""}, {""key"": ""sod"", ""label"": ""serum sodium"", ""value"": ""149"", ""unit"": ""mEq/L""}, {""key"": ""ph"", ""label"": ""arterial pH"", ""value"": ""7.53"", ""unit"": """"}], ""absent"": [{""key"": ""adls"", ""label"": ""activities of daily living""}, {""key"": ""alb"", ""label"": ""serum albumin""}, {""key"": ""bili"", ""label"": ""bilirubin""}, {""key"": ""glucose"", ""label"": ""serum glucose""}, {""key"": ""bun"", ""label"": ""blood urea nitrogen""}, {""key"": ""urine"", ""label"": ""urine output""}], ""stem"": ""Will this patient survive to hospital discharge?"", ""header"": ""Patient record:"", ""target"": ""hospdead"", ""source"": ""support2""}"
support2-19,support2-19,text,Dies in hospital,,,"Patient record:
- age: 31.84 years
- sex: male
- race: white
- primary disease group: Cirrhosis
- disease class: COPD/CHF/Cirrhosis
- number of comorbidities: 2
- cancer status: no
- diabetes: no
- dementia: no
- SUPPORT coma score: 0
- activities of daily living: 7
- day of hospital stay at enrolment: 1
- mean arterial pressure: 83 mmHg
- heart rate: 100 bpm
- respiratory rate: 24 breaths/min
- temperature: 37.4 C
- white blood cell count: 5 10^3/uL
- serum albumin: 1.7 g/dL
- bilirubin: 12.8 mg/dL
- serum creatinine: 0.3 mg/dL
- serum sodium: 122 mEq/L

Will this patient survive to hospital discharge?","[""Survives to hospital discharge"", ""Dies in hospital""]",1,"{""fields"": [{""key"": ""age"", ""label"": ""age"", ""value"": ""31.84"", ""unit"": ""years""}, {""key"": ""sex"", ""label"": ""sex"", ""value"": ""male"", ""unit"": """"}, {""key"": ""race"", ""label"": ""race"", ""value"": ""white"", ""unit"": """"}, {""key"": ""dzgroup"", ""label"": ""primary disease group"", ""value"": ""Cirrhosis"", ""unit"": """"}, {""key"": ""dzclass"", ""label"": ""disease class"", ""value"": ""COPD/CHF/Cirrhosis"", ""unit"": """"}, {""key"": ""num.co"", ""label"": ""number of comorbidities"", ""value"": ""2"", ""unit"": """"}, {""key"": ""ca"", ""label"": ""cancer status"", ""value"": ""no"", ""unit"": """"}, {""key"": ""diabetes"", ""label"": ""diabetes"", ""value"": ""no"", ""unit"": """"}, {""key"": ""dementia"", ""label"": ""dementia"", ""value"": ""no"", ""unit"": """"}, {""key"": ""scoma"", ""label"": ""SUPPORT coma score"", ""value"": ""0"", ""unit"": """"}, {""key"": ""adls"", ""label"": ""activities of daily living"", ""value"": ""7"", ""unit"": """"}, {""key"": ""hday"", ""label"": ""day of hospital stay at enrolment"", ""value"": ""1"", ""unit"": """"}, {""key"": ""meanbp"", ""label"": ""mean arterial pressure"", ""value"": ""83"", ""unit"": ""mmHg""}, {""key"": ""hrt"", ""label"": ""heart rate"", ""value"": ""100"", ""unit"": ""bpm""}, {""key"": ""resp"", ""label"": ""respiratory rate"", ""value"": ""24"", ""unit"": ""breaths/min""}, {""key"": ""temp"", ""label"": ""temperature"", ""value"": ""37.4"", ""unit"": ""C""}, {""key"": ""wblc"", ""label"": ""white blood cell count"", ""value"": ""5"", ""unit"": ""10^3/uL""}, {""key"": ""alb"", ""label"": ""serum albumin"", ""value"": ""1.7"", ""unit"": ""g/dL""}, {""key"": ""bili"", ""label"": ""bilirubin"", ""value"": ""12.8"", ""unit"": ""mg/dL""}, {""key"": ""crea"", ""label"": ""serum creatinine"", ""value"": ""0.3"", ""unit"": ""mg/dL""}, {""key"": ""sod"", ""label"": ""serum sodium"", ""value"": ""122"", ""unit"": ""mEq/L""}], ""absent"": [{""key"": ""pafi"", ""label"": ""PaO2/FiO2 ratio""}, {""key"": ""ph"", ""label"": ""arterial pH""}, {""key"": ""glucose"", ""label"": ""serum glucose""}, {""key"": ""bun"", ""label"": ""blood urea nitrogen""}, {""key"": ""urine"", ""label"": ""urine output""}], ""stem"": ""Will this patient survive to hospital discharge?"", ""header"": ""Patient record:"", ""target"": ""hospdead"", ""source"": ""support2""}"
support2-2,support2-2,text,Dies in hospital,,,"Patient record:
- age: 60.34 years
- sex: female
- race: white
- primary disease group: Cirrhosis
- disease class: COPD/CHF/Cirrhosis
- number of comorbidities: 2
- cancer status: no
- diabetes: no
- dementia: no
- SUPPORT coma score: 44
- activities of daily living: 1
- day of hospital stay at enrolment: 3
- mean arterial pressure: 43 mmHg
- heart rate: 112 bpm
- respiratory rate: 34 breaths/min
- temperature: 34.59 C
- white blood cell count: 17.1 10^3/uL
- PaO2/FiO2 ratio: 98
- serum creatinine: 5.5 mg/dL
- serum sodium: 132 mEq/L
- arterial pH: 7.25

Will this patient survive to hospital discharge?","[""Survives to hospital discharge"", ""Dies in hospital""]",1,"{""fields"": [{""key"": ""age"", ""label"": ""age"", ""value"": ""60.34"", ""unit"": ""years""}, {""key"": ""sex"", ""label"": ""sex"", ""value"": ""female"", ""unit"": """"}, {""key"": ""race"", ""label"": ""race"", ""value"": ""white"", ""unit"": """"}, {""key"": ""dzgroup"", ""label"": ""primary disease group"", ""value"": ""Cirrhosis"", ""unit"": """"}, {""key"": ""dzclass"", ""label"": ""disease class"", ""value"": ""COPD/CHF/Cirrhosis"", ""unit"": """"}, {""key"": ""num.co"", ""label"": ""number of comorbidities"", ""value"": ""2"", ""unit"": """"}, {""key"": ""ca"", ""label"": ""cancer status"", ""value"": ""no"", ""unit"": """"}, {""key"": ""diabetes"", ""label"": ""diabetes"", ""value"": ""no"", ""unit"": """"}, {""key"": ""dementia"", ""label"": ""dementia"", ""value"": ""no"", ""unit"": """"}, {""key"": ""scoma"", ""label"": ""SUPPORT coma score"", ""value"": ""44"", ""unit"": """"}, {""key"": ""adls"", ""label"": ""activities of daily living"", ""value"": ""1"", ""unit"": """"}, {""key"": ""hday"", ""label"": ""day of hospital stay at enrolment"", ""value"": ""3"", ""unit"": """"}, {""key"": ""meanbp"", ""label"": ""mean arterial pressure"", ""value"": ""43"", ""unit"": ""mmHg""}, {""key"": ""hrt"", ""label"": ""heart rate"", ""value"": ""112"", ""unit"": ""bpm""}, {""key"": ""resp"", ""label"": ""respiratory rate"", ""value"": ""34"", ""unit"": ""breaths/min""}, {""key"": ""temp"", ""label"": ""temperature"", ""value"": ""34.59"", ""unit"": ""C""}, {""key"": ""wblc"", ""label"": ""white blood cell count"", ""value"": ""17.1"", ""unit"": ""10^3/uL""}, {""key"": ""pafi"", ""label"": ""PaO2/FiO2 ratio"", ""value"": ""98"", ""unit"": """"}, {""key"": ""crea"", ""label"": ""serum creatinine"", ""value"": ""5.5"", ""unit"": ""mg/dL""}, {""key"": ""sod"", ""label"": ""serum sodium"", ""value"": ""132"", ""unit"": ""mEq/L""}, {""key"": ""ph"", ""label"": ""arterial pH"", ""value"": ""7.25"", ""unit"": """"}], ""absent"": [{""key"": ""alb"", ""label"": ""serum albumin""}, {""key"": ""bili"", ""label"": ""bilirubin""}, {""key"": ""glucose"", ""label"": ""serum glucose""}, {""key"": ""bun"", ""label"": ""blood urea nitrogen""}, {""key"": ""urine"", ""label"": ""urine output""}], ""stem"": ""Will this patient survive to hospital discharge?"", ""header"": ""Patient record:"", ""target"": ""hospdead"", ""source"": ""support2""}"
support2-20,support2-20,text,Survives to hospital discharge,,,"Patient record:
- age: 55.14 years
- sex: male
- race: hispanic
- primary disease group: CHF
- disease class: COPD/CHF/Cirrhosis
- number of comorbidities: 1
- cancer status: no
- diabetes: no
- dementia: no
- SUPPORT coma score: 0
- day of hospital stay at enrolment: 1
- mean arterial pressure: 78 mmHg
- heart rate: 72 bpm
- respiratory rate: 20 breaths/min
- temperature: 36 C
- serum creatinine: 1.5 mg/dL
- serum sodium: 134 mEq/L

Will this patient survive to hospital discharge?","[""Survives to hospital discharge"", ""Dies in hospital""]",0,"{""fields"": [{""key"": ""age"", ""label"": ""age"", ""value"": ""55.14"", ""unit"": ""years""}, {""key"": ""sex"", ""label"": ""sex"", ""value"": ""male"", ""unit"": """"}, {""key"": ""race"", ""label"": ""race"", ""value"": ""hispanic"", ""unit"": """"}, {""key"": ""dzgroup"", ""label"": ""primary disease group"", ""value"": ""CHF"", ""unit"": """"}, {""key"": ""dzclass"", ""label"": ""disease class"", ""value"": ""COPD/CHF/Cirrhosis"", ""unit"": """"}, {""key"": ""num.co"", ""label"": ""number of comorbidities"", ""value"": ""1"", ""unit"": """"}, {""key"": ""ca"", ""label"": ""cancer status"", ""value"": ""no"", ""unit"": """"}, {""key"": ""diabetes"", ""label"": ""diabetes"", ""value"": ""no"", ""unit"": """"}, {""key"": ""dementia"", ""label"": ""dementia"", ""value"": ""no"", ""unit"": """"}, {""key"": ""scoma"", ""label"": ""SUPPORT coma score"", ""value"": ""0"", ""unit"": """"}, {""key"": ""hday"", ""label"": ""day of hospital stay at enrolment"", ""value"": ""1"", ""unit"": """"}, {""key"": ""meanbp"", ""label"": ""mean arterial pressure"", ""value"": ""78"", ""unit"": ""mmHg""}, {""key"": ""hrt"", ""label"": ""heart rate"", ""value"": ""72"", ""unit"": ""bpm""}, {""key"": ""resp"", ""label"": ""respiratory rate"", ""value"": ""20"", ""unit"": ""breaths/min""}, {""key"": ""temp"", ""label"": ""temperature"", ""value"": ""36"", ""unit"": ""C""}, {""key"": ""crea"", ""label"": ""serum creatinine"", ""value"": ""1.5"", ""unit"": ""mg/dL""}, {""key"": ""sod"", ""label"": ""serum sodium"", ""value"": ""134"", ""unit"": ""mEq/L""}], ""absent"": [{""key"": ""adls"", ""label"": ""activities of daily living""}, {""key"": ""wblc"", ""label"": ""white blood cell count""}, {""key"": ""pafi"", ""label"": ""PaO2/FiO2 ratio""}, {""key"": ""alb"", ""label"": ""serum albumin""}, {""key"": ""bili"", ""label"": ""bilirubin""}, {""key"": ""ph"", ""label"": ""arterial pH""}, {""key"": ""glucose"", ""label"": ""serum glucose""}, {""key"": ""bun"", ""label"": ""blood urea nitrogen""}, {""key"": ""urine"", ""label"": ""urine output""}], ""stem"": ""Will this patient survive to hospital discharge?"", ""header"": ""Patient record:"", ""target"": ""hospdead"", ""source"": ""support2""}"
support2-204,support2-204,text,Dies in hospital,,,"Patient record:
- age: 23.4 years
- sex: female
- race: hispanic
- primary disease group: ARF/MOSF w/Sepsis
- disease class: ARF/MOSF
- number of comorbidities: 2
- cancer status: no
- diabetes: no
- dementia: no
- SUPPORT coma score: 26
- activities of daily living: 0
- day of hospital stay at enrolment: 36
- mean arterial pressure: 87 mmHg
- heart rate: 144 bpm
- respiratory rate: 45 breaths/min
- temperature: 37.3 C
- white blood cell count: 5.2 10^3/uL
- PaO2/FiO2 ratio: 335
- serum albumin: 3 g/dL
- bilirubin: 4.1 mg/dL
- serum creatinine: 1.2 mg/dL
- serum sodium: 130 mEq/L
- arterial pH: 7.47

Will this patient survive to hospital discharge?","[""Survives to hospital discharge"", ""Dies in hospital""]",1,"{""fields"": [{""key"": ""age"", ""label"": ""age"", ""value"": ""23.4"", ""unit"": ""years""}, {""key"": ""sex"", ""label"": ""sex"", ""value"": ""female"", ""unit"": """"}, {""key"": ""race"", ""label"": ""race"", ""value"": ""hispanic"", ""unit"": """"}, {""key"": ""dzgroup"", ""label"": ""primary disease group"", ""value"": ""ARF/MOSF w/Sepsis"", ""unit"": """"}, {""key"": ""dzclass"", ""label"": ""disease class"", ""value"": ""ARF/MOSF"", ""unit"": """"}, {""key"": ""num.co"", ""label"": ""number of comorbidities"", ""value"": ""2"", ""unit"": """"}, {""key"": ""ca"", ""label"": ""cancer status"", ""value"": ""no"", ""unit"": """"}, {""key"": ""diabetes"", ""label"": ""diabetes"", ""value"": ""no"", ""unit"": """"}, {""key"": ""dementia"", ""label"": ""dementia"", ""value"": ""no"", ""unit"": """"}, {""key"": ""scoma"", ""label"": ""SUPPORT coma score"", ""value"": ""26"", ""unit"": """"}, {""key"": ""adls"", ""label"": ""activities of daily living"", ""value"": ""0"", ""unit"": """"}, {""key"": ""hday"", ""label"": ""day of hospital stay at enrolment"", ""value"": ""36"", ""unit"": """"}, {""key"": ""meanbp"", ""label"": ""mean arterial pressure"", ""value"": ""87"", ""unit"": ""mmHg""}, {""key"": ""hrt"", ""label"": ""heart rate"", ""value"": ""144"", ""unit"": ""bpm""}, {""key"": ""resp"", ""label"": ""respiratory rate"", ""value"": ""45"", ""unit"": ""breaths/min""}, {""key"": ""temp"", ""label"": ""temperature"", ""value"": ""37.3"", ""unit"": ""C""}, {""key"": ""wblc"", ""label"": ""white blood cell count"", ""value"": ""5.2"", ""unit"": ""10^3/uL""}, {""key"": ""pafi"", ""label"": ""PaO2/FiO2 ratio"", ""value"": ""335"", ""unit"": """"}, {""key"": ""alb"", ""label"": ""serum albumin"", ""value"": ""3"", ""unit"": ""g/dL""}, {""key"": ""bili"", ""label"": ""bilirubin"", ""value"": ""4.1"", ""unit"": ""mg/dL""}, {""key"": ""crea"", ""label"": ""serum creatinine"", ""value"": ""1.2"", ""unit"": ""mg/dL""}, {""key"": ""sod"", ""label"": ""serum sodium"", ""value"": ""130"", ""unit"": ""mEq/L""}, {""key"": ""ph"", ""label"": ""arterial pH"", ""value"": ""7.47"", ""unit"": """"}], ""absent"": [{""key"": ""glucose"", ""label"": ""serum glucose""}, {""key"": ""bun"", ""label"": ""blood urea nitrogen""}, {""key"": ""urine"", ""label"": ""urine output""}], ""stem"": ""Will this patient survive to hospital discharge?"", ""header"": ""Patient record:"", ""target"": ""hospdead"", ""source"": ""support2""}"
support2-206,support2-206,text,Dies in hospital,,,"Patient record:
- age: 70.28 years
- sex: male
- race: white
- primary disease group: Cirrhosis
- disease class: COPD/CHF/Cirrhosis
- number of comorbidities: 2
- cancer status: no
- diabetes: no
- dementia: no
- SUPPORT coma score: 0
- day of hospital stay at enrolment: 1
- mean arterial pressure: 106 mmHg
- heart rate: 74 bpm
- respiratory rate: 20 breaths/min
- temperature: 37 C
- white blood cell count: 10.4 10^3/uL
- serum albumin: 3.1 g/dL
- bilirubin: 4.7 mg/dL
- serum creatinine: 3 mg/dL
- serum sodium: 129 mEq/L

Will this patient survive to hospital discharge?","[""Survives to hospital discharge"", ""Dies in hospital""]",1,"{""fields"": [{""key"": ""age"", ""label"": ""age"", ""value"": ""70.28"", ""unit"": ""years""}, {""key"": ""sex"", ""label"": ""sex"", ""value"": ""male"", ""unit"": """"}, {""key"": ""race"", ""label"": ""race"", ""value"": ""white"", ""unit"": """"}, {""key"": ""dzgroup"", ""label"": ""primary disease group"", ""value"": ""Cirrhosis"", ""unit"": """"}, {""key"": ""dzclass"", ""label"": ""disease class"", ""value"": ""COPD/CHF/Cirrhosis"", ""unit"": """"}, {""key"": ""num.co"", ""label"": ""number of comorbidities"", ""value"": ""2"", ""unit"": """"}, {""key"": ""ca"", ""label"": ""cancer status"", ""value"": ""no"", ""unit"": """"}, {""key"": ""diabetes"", ""label"": ""diabetes"", ""value"": ""no"", ""unit"": """"}, {""key"": ""dementia"", ""label"": ""dementia"", ""value"": ""no"", ""unit"": """"}, {""key"": ""scoma"", ""label"": ""SUPPORT coma score"", ""value"": ""0"", ""unit"": """"}, {""key"": ""hday"", ""label"": ""day of hospital stay at enrolment"", ""value"": ""1"", ""unit"": """"}, {""key"": ""meanbp"", ""label"": ""mean arterial pressure"", ""value"": ""106"", ""unit"": ""mmHg""}, {""key"": ""hrt"", ""label"": ""heart rate"", ""value"": ""74"", ""unit"": ""bpm""}, {""key"": ""resp"", ""label"": ""respiratory rate"", ""value"": ""20"", ""unit"": ""breaths/min""}, {""key"": ""temp"", ""label"": ""temperature"", ""value"": ""37"", ""unit"": ""C""}, {""key"": ""wblc"", ""label"": ""white blood cell count"", ""value"": ""10.4"", ""unit"": ""10^3/uL""}, {""key"": ""alb"", ""label"": ""serum albumin"", ""value"": ""3.1"", ""unit"": ""g/dL""}, {""key"": ""bili"", ""label"": ""bilirubin"", ""value"": ""4.7"", ""unit"": ""mg/dL""}, {""key"": ""crea"", ""label"": ""serum creatinine"", ""value"": ""3"", ""unit"": ""mg/dL""}, {""key"": ""sod"", ""label"": ""serum sodium"", ""value"": ""129"", ""unit"": ""mEq/L""}], ""absent"": [{""key"": ""adls"", ""label"": ""activities of daily living""}, {""key"": ""pafi"", ""label"": ""PaO2/FiO2 ratio""}, {""key"": ""ph"", ""label"": ""arterial pH""}, {""key"": ""glucose"", ""label"": ""serum glucose""}, {""key"": ""bun"", ""label"": ""blood urea nitrogen""}, {""key"": ""urine"", ""label"": ""urine output""}], ""stem"": ""Will this patient survive to hospital discharge?"", ""header"": ""Patient record:"", ""target"": ""hospdead"", ""source"": ""support2""}"
support2-207,support2-207,text,Dies in hospital,,,"Patient record:
- age: 60.72 years
- sex: male
- race: white
- primary disease group: ARF/MOSF w/Sepsis
- disease class: ARF/MOSF
- number of comorbidities: 2
- cancer status: yes
- diabetes: no
- dementia: no
- SUPPORT coma score: 0
- day of hospital stay at enrolment: 12
- mean arterial pressure: 47 mmHg
- heart rate: 80 bpm
- respiratory rate: 14 breaths/min
- temperature: 35.8 C
- white blood cell count: 14.8 10^3/uL
- PaO2/FiO2 ratio: 135
- serum albumin: 2.6 g/dL
- bilirubin: 1.9 mg/dL
- serum creatinine: 4 mg/dL
- serum sodium: 138 mEq/L
- arterial pH: 7.31

Will this patient survive to hospital discharge?","[""Survives to hospital discharge"", ""Dies in hospital""]",1,"{""fields"": [{""key"": ""age"", ""label"": ""age"", ""value"": ""60.72"", ""unit"": ""years""}, {""key"": ""sex"", ""label"": ""sex"", ""value"": ""male"", ""unit"": """"}, {""key"": ""race"", ""label"": ""race"", ""value"": ""white"", ""unit"": """"}, {""key"": ""dzgroup"", ""label"": ""primary disease group"", ""value"": ""ARF/MOSF w/Sepsis"", ""unit"": """"}, {""key"": ""dzclass"", ""label"": ""disease class"", ""value"": ""ARF/MOSF"", ""unit"": """"}, {""key"": ""num.co"", ""label"": ""number of comorbidities"", ""value"": ""2"", ""unit"": """"}, {""key"": ""ca"", ""label"": ""cancer status"", ""value"": ""yes"", ""unit"": """"}, {""key"": ""diabetes"", ""label"": ""diabetes"", ""value"": ""no"", ""unit"": """"}, {""key"": ""dementia"", ""label"": ""dementia"", ""value"": ""no"", ""unit"": """"}, {""key"": ""scoma"", ""label"": ""SUPPORT coma score"", ""value"": ""0"", ""unit"": """"}, {""key"": ""hday"", ""label"": ""day of hospital stay at enrolment"", ""value"": ""12"", ""unit"": """"}, {""key"": ""meanbp"", ""label"": ""mean arterial pressure"", ""value"": ""47"", ""unit"": ""mmHg""}, {""key"": ""hrt"", ""label"": ""heart rate"", ""value"": ""80"", ""unit"": ""bpm""}, {""key"": ""resp"", ""label"": ""respiratory rate"", ""value"": ""14"", ""unit"": ""breaths/min""}, {""key"": ""temp"", ""label"": ""temperature"", ""value"": ""35.8"", ""unit"": ""C""}, {""key"": ""wblc"", ""label"": ""white blood cell count"", ""value"": ""14.8"", ""unit"": ""10^3/uL""}, {""key"": ""pafi"", ""label"": ""PaO2/FiO2 ratio"", ""value"": ""135"", ""unit"": """"}, {""key"": ""alb"", ""label"": ""serum albumin"", ""value"": ""2.6"", ""unit"": ""g/dL""}, {""key"": ""bili"", ""label"": ""bilirubin"", ""value"": ""1.9"", ""unit"": ""mg/dL""}, {""key"": ""crea"", ""label"": ""serum creatinine"", ""value"": ""4"", ""unit"": ""mg/dL""}, {""key"": ""sod"", ""label"": ""serum sodium"", ""value"": ""138"", ""unit"": ""mEq/L""}, {""key"": ""ph"", ""label"": ""arterial pH"", ""value"": ""7.31"", ""unit"": """"}], ""absent"": [{""key"": ""adls"", ""label"": ""activities of daily living""}, {""key"": ""glucose"", ""label"": ""serum glucose""}, {""key"": ""bun"", ""label"": ""blood urea nitrogen""}, {""key"": ""urine"", ""label"": ""urine output""}], ""stem"": ""Will this patient survive to hospital discharge?"", ""header"": ""Patient record:"", ""target"": ""hospdead"", ""source"": ""support2""}"
support2-21,support2-21,text,Survives to hospital discharge,,,"Patient record:
- age: 68.25 years
- sex: male
- race: white
- primary disease group: Lung Cancer
- disease class: Cancer
- number of comorbidities: 0
- cancer status: metastatic
- diabetes: no
- dementia: no
- SUPPORT coma score: 0
- activities of daily living: 0
- day of hospital stay at enrolment: 1
- mean arterial pressure: 91 mmHg
- heart rate: 92 bpm
- respiratory rate: 20 breaths/min
- temperature: 36.5 C
- white blood cell count: 5 10^3/uL
- serum albumin: 4.3 g/dL
- bilirubin: 0.3 mg/dL
- serum creatinine: 1.2 mg/dL
- serum sodium: 138 mEq/L

Will this patient survive to hospital discharge?","[""Survives to hospital discharge"", ""Dies in hospital""]",0,"{""fields"": [{""key"": ""age"", ""label"": ""age"", ""value"": ""68.25"", ""unit"": ""years""}, {""key"": ""sex"", ""label"": ""sex"", ""value"": ""male"", ""unit"": """"}, {""key"": ""race"", ""label"": ""race"", ""value"": ""white"", ""unit"": """"}, {""key"": ""dzgroup"", ""label"": ""primary disease group"", ""value"": ""Lung Cancer"", ""unit"": """"}, {""key"": ""dzclass"", ""label"": ""disease class"", ""value"": ""Cancer"", ""unit"": """"}, {""key"": ""num.co"", ""label"": ""number of comorbidities"", ""value"": ""0"", ""unit"": """"}, {""key"": ""ca"", ""label"": ""cancer status"", ""value"": ""metastatic"", ""unit"": """"}, {""key"": ""diabetes"", ""label"": ""diabetes"", ""value"": ""no"", ""unit"": """"}, {""key"": ""dementia"", ""label"": ""dementia"", ""value"": ""no"", ""unit"": """"}, {""key"": ""scoma"", ""label"": ""SUPPORT coma score"", ""value"": ""0"", ""unit"": """"}, {""key"": ""adls"", ""label"": ""activities of daily living"", ""value"": ""0"", ""unit"": """"}, {""key"": ""hday"", ""label"": ""day of hospital stay at enrolment"", ""value"": ""1"", ""unit"": """"}, {""key"": ""meanbp"", ""label"": ""mean arterial pressure"", ""value"": ""91"", ""unit"": ""mmHg""}, {""key"": ""hrt"", ""label"": ""heart rate"", ""value"": ""92"", ""unit"": ""bpm""}, {""key"": ""resp"", ""label"": ""respiratory rate"", ""value"": ""20"", ""unit"": ""breaths/min""}, {""key"": ""temp"", ""label"": ""temperature"", ""value"": ""36.5"", ""unit"": ""C""}, {""key"": ""wblc"", ""label"": ""white blood cell count"", ""value"": ""5"", ""unit"": ""10^3/uL""}, {""key"": ""alb"", ""label"": ""serum albumin"", ""value"": ""4.3"", ""unit"": ""g/dL""}, {""key"": ""bili"", ""label"": ""bilirubin"", ""value"": ""0.3"", ""unit"": ""mg/dL""}, {""key"": ""crea"", ""label"": ""serum creatinine"", ""value"": ""1.2"", ""unit"": ""mg/dL""}, {""key"": ""sod"", ""label"": ""serum sodium"", ""value"": ""138"", ""unit"": ""mEq/L""}], ""absent"": [{""key"": ""pafi"", ""label"": ""PaO2/FiO2 ratio""}, {""key"": ""ph"", ""label"": ""arterial pH""}, {""key"": ""glucose"", ""label"": ""serum glucose""}, {""key"": ""bun"", ""label"": ""blood urea nitrogen""}, {""key"": ""urine"", ""label"": ""urine output""}], ""stem"": ""Will this patient survive to hospital discharge?"", ""header"": ""Patient record:"", ""target"": ""hospdead"", ""source"": ""support2""}"
support2-210,support2-210,text,Dies in hospital,,,"Patient record:
- age: 60.75 years
- sex: female
- race: asian
- primary disease group: ARF/MOSF w/Sepsis
- disease class: ARF/MOSF
- number of comorbidities: 1
- cancer status: no
- diabetes: no
- dementia: no
- SUPPORT coma score: 0
- day of hospital stay at enrolment: 9
- mean arterial pressure: 63 mmHg
- heart rate: 150 bpm
- respiratory rate: 32 breaths/min
- temperature: 38.7 C
- white blood cell count: 17.5 10^3/uL
- PaO2/FiO2 ratio: 89
- serum albumin: 2.9 g/dL
- bilirubin: 7.1 mg/dL
- serum creatinine: 2.3 mg/dL
- serum sodium: 139 mEq/L
- arterial pH: 7.31

Will this patient survive to hospital discharge?","[""Survives to hospital discharge"", ""Dies in hospital""]",1,"{""fields"": [{""key"": ""age"", ""label"": ""age"", ""value"": ""60.75"", ""unit"": ""years""}, {""key"": ""sex"", ""label"": ""sex"", ""value"": ""female"", ""unit"": """"}, {""key"": ""race"", ""label"": ""race"", ""value"": ""asian"", ""unit"": """"}, {""key"": ""dzgroup"", ""label"": ""primary disease group"", ""value"": ""ARF/MOSF w/Sepsis"", ""unit"": """"}, {""key"": ""dzclass"", ""label"": ""disease class"", ""value"": ""ARF/MOSF"", ""unit"": """"}, {""key"": ""num.co"", ""label"": ""number of comorbidities"", ""value"": ""1"", ""unit"": """"}, {""key"": ""ca"", ""label"": ""cancer status"", ""value"": ""no"", ""unit"": """"}, {""key"": ""diabetes"", ""label"": ""diabetes"", ""value"": ""no"", ""unit"": """"}, {""key"": ""dementia"", ""label"": ""dementia"", ""value"": ""no"", ""unit"": """"}, {""key"": ""scoma"", ""label"": ""SUPPORT coma score"", ""value"": ""0"", ""unit"": """"}, {""key"": ""hday"", ""label"": ""day of hospital stay at enrolment"", ""value"": ""9"", ""unit"": """"}, {""key"": ""meanbp"", ""label"": ""mean arterial pressure"", ""value"": ""63"", ""unit"": ""mmHg""}, {""key"": ""hrt"", ""label"": ""heart rate"", ""value"": ""150"", ""unit"": ""bpm""}, {""key"": ""resp"", ""label"": ""respiratory rate"", ""value"": ""32"", ""unit"": ""breaths/min""}, {""key"": ""temp"", ""label"": ""temperature"", ""value"": ""38.7"", ""unit"": ""C""}, {""key"": ""wblc"", ""label"": ""white blood cell count"", ""value"": ""17.5"", ""unit"": ""10^3/uL""}, {""key"": ""pafi"", ""label"": ""PaO2/FiO2 ratio"", ""value"": ""89"", ""unit"": """"}, {""key"": ""alb"", ""label"": ""serum albumin"", ""value"": ""2.9"", ""unit"": ""g/dL""}, {""key"": ""bili"", ""label"": ""bilirubin"", ""value"": ""7.1"", ""unit"": ""mg/dL""}, {""key"": ""crea"", ""label"": ""serum creatinine"", ""value"": ""2.3"", ""unit"": ""mg/dL""}, {""key"": ""sod"", ""label"": ""serum sodium"", ""value"": ""139"", ""unit"": ""mEq/L""}, {""key"": ""ph"", ""label"": ""arterial pH"", ""value"": ""7.31"", ""unit"": """"}], ""absent"": [{""key"": ""adls"", ""label"": ""activities of daily living""}, {""key"": ""glucose"", ""label"": ""serum glucose""}, {""key"": ""bun"", ""label"": ""blood urea nitrogen""}, {""key"": ""urine"", ""label"": ""urine output""}], ""stem"": ""Will this patient survive to hospital discharge?"", ""header"": ""Patient record:"", ""target"": ""hospdead"", ""source"": ""support2""}"
support2-211,support2-211,text,Dies in hospital,,,"Patient record:
- age: 71.29 years
- sex: male
- race: white
- primary disease group: CHF
- disease class: COPD/CHF/Cirrhosis
- number of comorbidities: 1
- cancer status: no
- diabetes: no
- dementia: no
- SUPPORT coma score: 0
- activities of daily living: 0
- day of hospital stay at enrolment: 1
- mean arterial pressure: 63 mmHg
- heart rate: 82 bpm
- respiratory rate: 12 breaths/min
- temperature: 36.2 C
- white blood cell count: 7.3 10^3/uL
- serum creatinine: 1.7 mg/dL
- serum sodium: 127 mEq/L

Will this patient survive to hospital discharge?","[""Survives to hospital discharge"", ""Dies in hospital""]",1,"{""fields"": [{""key"": ""age"", ""label"": ""age"", ""value"": ""71.29"", ""unit"": ""years""}, {""key"": ""sex"", ""label"": ""sex"", ""value"": ""male"", ""unit"": """"}, {""key"": ""race"", ""label"": ""race"", ""value"": ""white"", ""unit"": """"}, {""key"": ""dzgroup"", ""label"": ""primary disease group"", ""value"": ""CHF"", ""unit"": """"}, {""key"": ""dzclass"", ""label"": ""disease class"", ""value"": ""COPD/CHF/Cirrhosis"", ""unit"": """"}, {""key"": ""num.co"", ""label"": ""number of comorbidities"", ""value"": ""1"", ""unit"": """"}, {""key"": ""ca"", ""label"": ""cancer status"", ""value"": ""no"", ""unit"": """"}, {""key"": ""diabetes"", ""label"": ""diabetes"", ""value"": ""no"", ""unit"": """"}, {""key"": ""dementia"", ""label"": ""dementia"", ""value"": ""no"", ""unit"": """"}, {""key"": ""scoma"", ""label"": ""SUPPORT coma score"", ""value"": ""0"", ""unit"": """"}, {""key"": ""adls"", ""label"": ""activities of daily living"", ""value"": ""0"", ""unit"": """"}, {""key"": ""hday"", ""label"": ""day of hospital stay at enrolment"", ""value"": ""1"", ""unit"": """"}, {""key"": ""meanbp"", ""label"": ""mean arterial pressure"", ""value"": ""63"", ""unit"": ""mmHg""}, {""key"": ""hrt"", ""label"": ""heart rate"", ""value"": ""82"", ""unit"": ""bpm""}, {""key"": ""resp"", ""label"": ""respiratory rate"", ""value"": ""12"", ""unit"": ""breaths/min""}, {""key"": ""temp"", ""label"": ""temperature"", ""value"": ""36.2"", ""unit"": ""C""}, {""key"": ""wblc"", ""label"": ""white blood cell count"", ""value"": ""7.3"", ""unit"": ""10^3/uL""}, {""key"": ""crea"", ""label"": ""serum creatinine"", ""value"": ""1.7"", ""unit"": ""mg/dL""}, {""key"": ""sod"", ""label"": ""serum sodium"", ""value"": ""127"", ""unit"": ""mEq/L""}], ""absent"": [{""key"": ""pafi"", ""label"": ""PaO2/FiO2 ratio""}, {""key"": ""alb"", ""label"": ""serum albumin""}, {""key"": ""bili"", ""label"": ""bilirubin""}, {""key"": ""ph"", ""label"": ""arterial pH""}, {""key"": ""glucose"", ""label"": ""serum glucose""}, {""key"": ""bun"", ""label"": ""blood urea nitrogen""}, {""key"": ""urine"", ""label"": ""urine output""}], ""stem"": ""Will this patient survive to hospital discharge?"", ""header"": ""Patient record:"", ""target"": ""hospdead"", ""source"": ""support2""}"
support2-215,support2-215,text,Dies in hospital,,,"Patient record:
- age: 87.43 years
- sex: male
- race: white
- primary disease group: CHF
- disease class: COPD/CHF/Cirrhosis
- number of comorbidities: 2
- cancer status: no
- diabetes: no
- dementia: no
- SUPPORT coma score: 0
- day of hospital stay at enrolment: 2
- mean arterial pressure: 75 mmHg
- heart rate: 135 bpm
- respiratory rate: 8 breaths/min
- temperature: 37.8 C
- white blood cell count: 13.4 10^3/uL
- PaO2/FiO2 ratio: 138
- serum creatinine: 3.2 mg/dL
- serum sodium: 125 mEq/L
- arterial pH: 7.3

Will this patient survive to hospital discharge?","[""Survives to hospital discharge"", ""Dies in hospital""]",1,"{""fields"": [{""key"": ""age"", ""label"": ""age"", ""value"": ""87.43"", ""unit"": ""years""}, {""key"": ""sex"", ""label"": ""sex"", ""value"": ""male"", ""unit"": """"}, {""key"": ""race"", ""label"": ""race"", ""value"": ""white"", ""unit"": """"}, {""key"": ""dzgroup"", ""label"": ""primary disease group"", ""value"": ""CHF"", ""unit"": """"}, {""key"": ""dzclass"", ""label"": ""disease class"", ""value"": ""COPD/CHF/Cirrhosis"", ""unit"": """"}, {""key"": ""num.co"", ""label"": ""number of comorbidities"", ""value"": ""2"", ""unit"": """"}, {""key"": ""ca"", ""label"": ""cancer status"", ""value"": ""no"", ""unit"": """"}, {""key"": ""diabetes"", ""label"": ""diabetes"", ""value"": ""no"", ""unit"": """"}, {""key"": ""dementia"", ""label"": ""dementia"", ""value"": ""no"", ""unit"": """"}, {""key"": ""scoma"", ""label"": ""SUPPORT coma score"", ""value"": ""0"", ""unit"": """"}, {""key"": ""hday"", ""label"": ""day of hospital stay at enrolment"", ""value"": ""2"", ""unit"": """"}, {""key"": ""meanbp"", ""label"": ""mean arterial pressure"", ""value"": ""75"", ""unit"": ""mmHg""}, {""key"": ""hrt"", ""label"": ""heart rate"", ""value"": ""135"", ""unit"": ""bpm""}, {""key"": ""resp"", ""label"": ""respiratory rate"", ""value"": ""8"", ""unit"": ""breaths/min""}, {""key"": ""temp"", ""label"": ""temperature"", ""value"": ""37.8"", ""unit"": ""C""}, {""key"": ""wblc"", ""label"": ""white blood cell count"", ""value"": ""13.4"", ""unit"": ""10^3/uL""}, {""key"": ""pafi"", ""label"": ""PaO2/FiO2 ratio"", ""value"": ""138"", ""unit"": """"}, {""key"": ""crea"", ""label"": ""serum creatinine"", ""value"": ""3.2"", ""unit"": ""mg/dL""}, {""key"": ""sod"", ""label"": ""serum sodium"", ""value"": ""125"", ""unit"": ""mEq/L""}, {""key"": ""ph"", ""label"": ""arterial pH"", ""value"": ""7.3"", ""unit"": """"}], ""absent"": [{""key"": ""adls"", ""label"": ""activities of daily living""}, {""key"": ""alb"", ""label"": ""serum albumin""}, {""key"": ""bili"", ""label"": ""bilirubin""}, {""key"": ""glucose"", ""label"": ""serum glucose""}, {""key"": ""bun"", ""label"": ""blood urea nitrogen""}, {""key"": ""urine"", ""label"": ""urine output""}], ""stem"": ""Will this patient survive to hospital discharge?"", ""header"": ""Patient record:"", ""target"": ""hospdead"", ""source"": ""support2""}"
support2-22,support2-22,text,Survives to hospital discharge,,,"Patient record:
- age: 48.7 years
- sex: male
- race: other
- primary disease group: Lung Cancer
- disease class: Cancer
- number of comorbidities: 0
- cancer status: metastatic
- diabetes: no
- dementia: no
- SUPPORT coma score: 0
- day of hospital stay at enrolment: 1
- mean arterial pressure: 66 mmHg
- heart rate: 125 bpm
- respiratory rate: 30 breaths/min
- temperature: 37 C
- white blood cell count: 12.5 10^3/uL
- PaO2/FiO2 ratio: 170
- serum creatinine: 1 mg/dL
- serum sodium: 133 mEq/L
- arterial pH: 7.52

Will this patient survive to hospital discharge?","[""Survives to hospital discharge"", ""Dies in hospital""]",0,"{""fields"": [{""key"": ""age"", ""label"": ""age"", ""value"": ""48.7"", ""unit"": ""years""}, {""key"": ""sex"", ""label"": ""sex"", ""value"": ""male"", ""unit"": """"}, {""key"": ""race"", ""label"": ""race"", ""value"": ""other"", ""unit"": """"}, {""key"": ""dzgroup"", ""label"": ""primary disease group"", ""value"": ""Lung Cancer"", ""unit"": """"}, {""key"": ""dzclass"", ""label"": ""disease class"", ""value"": ""Cancer"", ""unit"": """"}, {""key"": ""num.co"", ""label"": ""number of comorbidities"", ""value"": ""0"", ""unit"": """"}, {""key"": ""ca"", ""label"": ""cancer status"", ""value"": ""metastatic"", ""unit"": """"}, {""key"": ""diabetes"", ""label"": ""diabetes"", ""value"": ""no"", ""unit"": """"}, {""key"": ""dementia"", ""label"": ""dementia"", ""value"": ""no"", ""unit"": """"}, {""key"": ""scoma"", ""label"": ""SUPPORT coma score"", ""value"": ""0"", ""unit"": """"}, {""key"": ""hday"", ""label"": ""day of hospital stay at enrolment"", ""value"": ""1"", ""unit"": """"}, {""key"": ""meanbp"", ""label"": ""mean arterial pressure"", ""value"": ""66"", ""unit"": ""mmHg""}, {""key"": ""hrt"", ""label"": ""heart rate"", ""value"": ""125"", ""unit"": ""bpm""}, {""key"": ""resp"", ""label"": ""respiratory rate"", ""value"": ""30"", ""unit"": ""breaths/min""}, {""key"": ""temp"", ""label"": ""temperature"", ""value"": ""37"", ""unit"": ""C""}, {""key"": ""wblc"", ""label"": ""white blood cell count"", ""value"": ""12.5"", ""unit"": ""10^3/uL""}, {""key"": ""pafi"", ""label"": ""PaO2/FiO2 ratio"", ""value"": ""170"", ""unit"": """"}, {""key"": ""crea"", ""label"": ""serum creatinine"", ""value"": ""1"", ""unit"": ""mg/dL""}, {""key"": ""sod"", ""label"": ""serum sodium"", ""value"": ""133"", ""unit"": ""mEq/L""}, {""key"": ""ph"", ""label"": ""arterial pH"", ""value"": ""7.52"", ""unit"": """"}], ""absent"": [{""key"": ""adls"", ""label"": ""activities of daily living""}, {""key"": ""alb"", ""label"": ""serum albumin""}, {""key"": ""bili"", ""label"": ""bilirubin""}, {""key"": ""glucose"", ""label"": ""serum glucose""}, {""key"": ""bun"", ""label"": ""blood urea nitrogen""}, {""key"": ""urine"", ""label"": ""urine output""}], ""stem"": ""Will this patient survive to hospital discharge?"", ""header"": ""Patient record:"", ""target"": ""hospdead"", ""source"": ""support2""}"
support2-224,support2-224,text,Dies in hospital,,,"Patient record:
- age: 90.91 years
- sex: female
- race: white
- primary disease group: ARF/MOSF w/Sepsis
- disease class: ARF/MOSF
- number of comorbidities: 0
- cancer status: no
- diabetes: no
- dementia: no
- SUPPORT coma score: 0
- activities of daily living: 5
- day of hospital stay at enrolment: 1
- mean arterial pressure: 133 mmHg
- heart rate: 115 bpm
- respiratory rate: 9 breaths/min
- temperature: 38.5 C
- white blood cell count: 16.3 10^3/uL
- PaO2/FiO2 ratio: 372.5
- serum albumin: 2.8 g/dL
- serum creatinine: 1 mg/dL
- serum sodium: 137 mEq/L
- arterial pH: 7.4

Will this patient survive to hospital discharge?","[""Survives to hospital discharge"", ""Dies in hospital""]",1,"{""fields"": [{""key"": ""age"", ""label"": ""age"", ""value"": ""90.91"", ""unit"": ""years""}, {""key"": ""sex"", ""label"": ""sex"", ""value"": ""female"", ""unit"": """"}, {""key"": ""race"", ""label"": ""race"", ""value"": ""white"", ""unit"": """"}, {""key"": ""dzgroup"", ""label"": ""primary disease group"", ""value"": ""ARF/MOSF w/Sepsis"", ""unit"": """"}, {""key"": ""dzclass"", ""label"": ""disease class"", ""value"": ""ARF/MOSF"", ""unit"": """"}, {""key"": ""num.co"", ""label"": ""number of comorbidities"", ""value"": ""0"", ""unit"": """"}, {""key"": ""ca"", ""label"": ""cancer status"", ""value"": ""no"", ""unit"": """"}, {""key"": ""diabetes"", ""label"": ""diabetes"", ""value"": ""no"", ""unit"": """"}, {""key"": ""dementia"", ""label"": ""dementia"", ""value"": ""no"", ""unit"": """"}, {""key"": ""scoma"", ""label"": ""SUPPORT coma score"", ""value"": ""0"", ""unit"": """"}, {""key"": ""adls"", ""label"": ""activities of daily living"", ""value"": ""5"", ""unit"": """"}, {""key"": ""hday"", ""label"": ""day of hospital stay at enrolment"", ""value"": ""1"", ""unit"": """"}, {""key"": ""meanbp"", ""label"": ""mean arterial pressure"", ""value"": ""133"", ""unit"": ""mmHg""}, {""key"": ""hrt"", ""label"": ""heart rate"", ""value"": ""115"", ""unit"": ""bpm""}, {""key"": ""resp"", ""label"": ""respiratory rate"", ""value"": ""9"", ""unit"": ""breaths/min""}, {""key"": ""temp"", ""label"": ""temperature"", ""value"": ""38.5"", ""unit"": ""C""}, {""key"": ""wblc"", ""label"": ""white blood cell count"", ""value"": ""16.3"", ""unit"": ""10^3/uL""}, {""key"": ""pafi"", ""label"": ""PaO2/FiO2 ratio"", ""value"": ""372.5"", ""unit"": """"}, {""key"": ""alb"", ""label"": ""serum albumin"", ""value"": ""2.8"", ""unit"": ""g/dL""}, {""key"": ""crea"", ""label"": ""serum creatinine"", ""value"": ""1"", ""unit"": ""mg/dL""}, {""key"": ""sod"", ""label"": ""serum sodium"", ""value"": ""137"", ""unit"": ""mEq/L""}, {""key"": ""ph"", ""label"": ""arterial pH"", ""value"": ""7.4"", ""unit"": """"}], ""absent"": [{""key"": ""bili"", ""label"": ""bilirubin""}, {""key"": ""glucose"", ""label"": ""serum glucose""}, {""key"": ""bun"", ""label"": ""blood urea nitrogen""}, {""key"": ""urine"", ""label"": ""urine output""}], ""stem"": ""Will this patient survive to hospital discharge?"", ""header"": ""Patient record:"", ""target"": ""hospdead"", ""source"": ""support2""}"
support2-225,support2-225,text,Dies in hospital,,,"Patient record:
- age: 38.95 years
- sex: male
- race: hispanic
- primary disease group: Cirrhosis
- disease class: COPD/CHF/Cirrhosis
- number of comorbidities: 1
- cancer status: no
- diabetes: no
- dementia: no
- SUPPORT coma score: 0
- activities of daily living: 3
- day of hospital stay at enrolment: 1
- mean arterial pressure: 64 mmHg
- heart rate: 102 bpm
- respiratory rate: 18 breaths/min
- temperature: 36.4 C
- white blood cell count: 12.1 10^3/uL
- serum albumin: 2 g/dL
- bilirubin: 10.2 mg/dL
- serum creatinine: 2.8 mg/dL
- serum sodium: 126 mEq/L

Will this patient survive to hospital discharge?","[""Survives to hospital discharge"", ""Dies in hospital""]",1,"{""fields"": [{""key"": ""age"", ""label"": ""age"", ""value"": ""38.95"", ""unit"": ""years""}, {""key"": ""sex"", ""label"": ""sex"", ""value"": ""male"", ""unit"": """"}, {""key"": ""race"", ""label"": ""race"", ""value"": ""hispanic"", ""unit"": """"}, {""key"": ""dzgroup"", ""label"": ""primary disease group"", ""value"": ""Cirrhosis"", ""unit"": """"}, {""key"": ""dzclass"", ""label"": ""disease class"", ""value"": ""COPD/CHF/Cirrhosis"", ""unit"": """"}, {""key"": ""num.co"", ""label"": ""number of comorbidities"", ""value"": ""1"", ""unit"": """"}, {""key"": ""ca"", ""label"": ""cancer status"", ""value"": ""no"", ""unit"": """"}, {""key"": ""diabetes"", ""label"": ""diabetes"", ""value"": ""no"", ""unit"": """"}, {""key"": ""dementia"", ""label"": ""dementia"", ""value"": ""no"", ""unit"": """"}, {""key"": ""scoma"", ""label"": ""SUPPORT coma score"", ""value"": ""0"", ""unit"": """"}, {""key"": ""adls"", ""label"": ""activities of daily living"", ""value"": ""3"", ""unit"": """"}, {""key"": ""hday"", ""label"": ""day of hospital stay at enrolment"", ""value"": ""1"", ""unit"": """"}, {""key"": ""meanbp"", ""label"": ""mean arterial pressure"", ""value"": ""64"", ""unit"": ""mmHg""}, {""key"": ""hrt"", ""label"": ""heart rate"", ""value"": ""102"", ""unit"": ""bpm""}, {""key"": ""resp"", ""label"": ""respiratory rate"", ""value"": ""18"", ""unit"": ""breaths/min""}, {""key"": ""temp"", ""label"": ""temperature"", ""value"": ""36.4"", ""unit"": ""C""}, {""key"": ""wblc"", ""label"": ""white blood cell count"", ""value"": ""12.1"", ""unit"": ""10^3/uL""}, {""key"": ""alb"", ""label"": ""serum albumin"", ""value"": ""2"", ""unit"": ""g/dL""}, {""key"": ""bili"", ""label"": ""bilirubin"", ""value"": ""10.2"", ""unit"": ""mg/dL""}, {""key"": ""crea"", ""label"": ""serum creatinine"", ""value"": ""2.8"", ""unit"": ""mg/dL""}, {""key"": ""sod"", ""label"": ""serum sodium"", ""value"": ""126"", ""unit"": ""mEq/L""}], ""absent"": [{""key"": ""pafi"", ""label"": ""PaO2/FiO2 ratio""}, {""key"": ""ph"", ""label"": ""arterial pH""}, {""key"": ""glucose"", ""label"": ""serum glucose""}, {""key"": ""bun"", ""label"": ""blood urea nitrogen""}, {""key"": ""urine"", ""label"": ""urine output""}], ""stem"": ""Will this patient survive to hospital discharge?"", ""header"": ""Patient record:"", ""target"": ""hospdead"", ""source"": ""support2""}"
support2-23,support2-23,text,Survives to hospital discharge,,,"Patient record:
- age: 49.61 years
- sex: female
- race: white
- primary disease group: ARF/MOSF w/Sepsis
- disease class: ARF/MOSF
- number of comorbidities: 1
- cancer status: no
- diabetes: no
- dementia: no
- SUPPORT coma score: 0
- activities of daily living: 5
- day of hospital stay at enrolment: 29
- mean arterial pressure: 67 mmHg
- heart rate: 120 bpm
- respiratory rate: 48 breaths/min
- temperature: 38.9 C
- white blood cell count: 11 10^3/uL
- PaO2/FiO2 ratio: 200
- serum albumin: 2 g/dL
- bilirubin: 4.1 mg/dL
- serum creatinine: 0.6 mg/dL
- serum sodium: 130 mEq/L
- arterial pH: 7.4

Will this patient survive to hospital discharge?","[""Survives to hospital discharge"", ""Dies in hospital""]",0,"{""fields"": [{""key"": ""age"", ""label"": ""age"", ""value"": ""49.61"", ""unit"": ""years""}, {""key"": ""sex"", ""label"": ""sex"", ""value"": ""female"", ""unit"": """"}, {""key"": ""race"", ""label"": ""race"", ""value"": ""white"", ""unit"": """"}, {""key"": ""dzgroup"", ""label"": ""primary disease group"", ""value"": ""ARF/MOSF w/Sepsis"", ""unit"": """"}, {""key"": ""dzclass"", ""label"": ""disease class"", ""value"": ""ARF/MOSF"", ""unit"": """"}, {""key"": ""num.co"", ""label"": ""number of comorbidities"", ""value"": ""1"", ""unit"": """"}, {""key"": ""ca"", ""label"": ""cancer status"", ""value"": ""no"", ""unit"": """"}, {""key"": ""diabetes"", ""label"": ""diabetes"", ""value"": ""no"", ""unit"": """"}, {""key"": ""dementia"", ""label"": ""dementia"", ""value"": ""no"", ""unit"": """"}, {""key"": ""scoma"", ""label"": ""SUPPORT coma score"", ""value"": ""0"", ""unit"": """"}, {""key"": ""adls"", ""label"": ""activities of daily living"", ""value"": ""5"", ""unit"": """"}, {""key"": ""hday"", ""label"": ""day of hospital stay at enrolment"", ""value"": ""29"", ""unit"": """"}, {""key"": ""meanbp"", ""label"": ""mean arterial pressure"", ""value"": ""67"", ""unit"": ""mmHg""}, {""key"": ""hrt"", ""label"": ""heart rate"", ""value"": ""120"", ""unit"": ""bpm""}, {""key"": ""resp"", ""label"": ""respiratory rate"", ""value"": ""48"", ""unit"": ""breaths/min""}, {""key"": ""temp"", ""label"": ""temperature"", ""value"": ""38.9"", ""unit"": ""C""}, {""key"": ""wblc"", ""label"": ""white blood cell count"", ""value"": ""11"", ""unit"": ""10^3/uL""}, {""key"": ""pafi"", ""label"": ""PaO2/FiO2 ratio"", ""value"": ""200"", ""unit"": """"}, {""key"": ""alb"", ""label"": ""serum albumin"", ""value"": ""2"", ""unit"": ""g/dL""}, {""key"": ""bili"", ""label"": ""bilirubin"", ""value"": ""4.1"", ""unit"": ""mg/dL""}, {""key"": ""crea"", ""label"": ""serum creatinine"", ""value"": ""0.6"", ""unit"": ""mg/dL""}, {""key"": ""sod"", ""label"": ""serum sodium"", ""value"": ""130"", ""unit"": ""mEq/L""}, {""key"": ""ph"", ""label"": ""arterial pH"", ""value"": ""7.4"", ""unit"": """"}], ""absent"": [{""key"": ""glucose"", ""label"": ""serum glucose""}, {""key"": ""bun"", ""label"": ""blood urea nitrogen""}, {""key"": ""urine"", ""label"": ""urine output""}], ""stem"": ""Will this patient survive to hospital discharge?"", ""header"": ""Patient record:"", ""target"": ""hospdead"", ""source"": ""support2""}"
support2-239,support2-239,text,Dies in hospital,,,"Patient record:
- age: 25.49 years
- sex: male
- race: white
- primary disease group: ARF/MOSF w/Sepsis
- disease class: ARF/MOSF
- number of comorbidities: 1
- cancer status: yes
- diabetes: no
- dementia: no
- SUPPORT coma score: 0
- day of hospital stay at enrolment: 1
- mean arterial pressure: 123 mmHg
- heart rate: 100 bpm
- respiratory rate: 48 breaths/min
- temperature: 38.5 C
- white blood cell count: 1.7 10^3/uL
- PaO2/FiO2 ratio: 191.81
- serum albumin: 3.1 g/dL
- bilirubin: 9 mg/dL
- serum creatinine: 2.3 mg/dL
- serum sodium: 143 mEq/L
- arterial pH: 7.41

Will this patient survive to hospital discharge?","[""Survives to hospital discharge"", ""Dies in hospital""]",1,"{""fields"": [{""key"": ""age"", ""label"": ""age"", ""value"": ""25.49"", ""unit"": ""years""}, {""key"": ""sex"", ""label"": ""sex"", ""value"": ""male"", ""unit"": """"}, {""key"": ""race"", ""label"": ""race"", ""value"": ""white"", ""unit"": """"}, {""key"": ""dzgroup"", ""label"": ""primary disease group"", ""value"": ""ARF/MOSF w/Sepsis"", ""unit"": """"}, {""key"": ""dzclass"", ""label"": ""disease class"", ""value"": ""ARF/MOSF"", ""unit"": """"}, {""key"": ""num.co"", ""label"": ""number of comorbidities"", ""value"": ""1"", ""unit"": """"}, {""key"": ""ca"", ""label"": ""cancer status"", ""value"": ""yes"", ""unit"": """"}, {""key"": ""diabetes"", ""label"": ""diabetes"", ""value"": ""no"", ""unit"": """"}, {""key"": ""dementia"", ""label"": ""dementia"", ""value"": ""no"", ""unit"": """"}, {""key"": ""scoma"", ""label"": ""SUPPORT coma score"", ""value"": ""0"", ""unit"": """"}, {""key"": ""hday"", ""label"": ""day of hospital stay at enrolment"", ""value"": ""1"", ""unit"": """"}, {""key"": ""meanbp"", ""label"": ""mean arterial pressure"", ""value"": ""123"", ""unit"": ""mmHg""}, {""key"": ""hrt"", ""label"": ""heart rate"", ""value"": ""100"", ""unit"": ""bpm""}, {""key"": ""resp"", ""label"": ""respiratory rate"", ""value"": ""48"", ""unit"": ""breaths/min""}, {""key"": ""temp"", ""label"": ""temperature"", ""value"": ""38.5"", ""unit"": ""C""}, {""key"": ""wblc"", ""label"": ""white blood cell count"", ""value"": ""1.7"", ""unit"": ""10^3/uL""}, {""key"": ""pafi"", ""label"": ""PaO2/FiO2 ratio"", ""value"": ""191.81"", ""unit"": """"}, {""key"": ""alb"", ""label"": ""serum albumin"", ""value"": ""3.1"", ""unit"": ""g/dL""}, {""key"": ""bili"", ""label"": ""bilirubin"", ""value"": ""9"", ""unit"": ""mg/dL""}, {""key"": ""crea"", ""label"": ""serum creatinine"", ""value"": ""2.3"", ""unit"": ""mg/dL""}, {""key"": ""sod"", ""label"": ""serum sodium"", ""value"": ""143"", ""unit"": ""mEq/L""}, {""key"": ""ph"", ""label"": ""arterial pH"", ""value"": ""7.41"", ""unit"": """"}], ""absent"": [{""key"": ""adls"", ""label"": ""activities of daily living""}, {""key"": ""glucose"", ""label"": ""serum glucose""}, {""key"": ""bun"", ""label"": ""blood urea nitrogen""}, {""key"": ""urine"", ""label"": ""urine output""}], ""stem"": ""Will this patient survive to hospital discharge?"", ""header"": ""Patient record:"", ""target"": ""hospdead"", ""source"": ""support2""}"
support2-24,support2-24,text,Survives to hospital discharge,,,"Patient record:
- age: 50.72 years
- sex: female
- race: asian
- primary disease group: Lung Cancer
- disease class: Cancer
- number of comorbidities: 0
- cancer status: metastatic
- diabetes: no
- dementia: no
- SUPPORT coma score: 0
- day of hospital stay at enrolment: 1
- mean arterial pressure: 71 mmHg
- heart rate: 88 bpm
- respiratory rate: 24 breaths/min
- temperature: 37.4 C
- white blood cell count: 9.8 10^3/uL
- serum creatinine: 0.9 mg/dL
- serum sodium: 141 mEq/L

Will this patient survive to hospital discharge?","[""Survives to hospital discharge"", ""Dies in hospital""]",0,"{""fields"": [{""key"": ""age"", ""label"": ""age"", ""value"": ""50.72"", ""unit"": ""years""}, {""key"": ""sex"", ""label"": ""sex"", ""value"": ""female"", ""unit"": """"}, {""key"": ""race"", ""label"": ""race"", ""value"": ""asian"", ""unit"": """"}, {""key"": ""dzgroup"", ""label"": ""primary disease group"", ""value"": ""Lung Cancer"", ""unit"": """"}, {""key"": ""dzclass"", ""label"": ""disease class"", ""value"": ""Cancer"", ""unit"": """"}, {""key"": ""num.co"", ""label"": ""number of comorbidities"", ""value"": ""0"", ""unit"": """"}, {""key"": ""ca"", ""label"": ""cancer status"", ""value"": ""metastatic"", ""unit"": """"}, {""key"": ""diabetes"", ""label"": ""diabetes"", ""value"": ""no"", ""unit"": """"}, {""key"": ""dementia"", ""label"": ""dementia"", ""value"": ""no"", ""unit"": """"}, {""key"": ""scoma"", ""label"": ""SUPPORT coma score"", ""value"": ""0"", ""unit"": """"}, {""key"": ""hday"", ""label"": ""day of hospital stay at enrolment"", ""value"": ""1"", ""unit"": """"}, {""key"": ""meanbp"", ""label"": ""mean arterial pressure"", ""value"": ""71"", ""unit"": ""mmHg""}, {""key"": ""hrt"", ""label"": ""heart rate"", ""value"": ""88"", ""unit"": ""bpm""}, {""key"": ""resp"", ""label"": ""respiratory rate"", ""value"": ""24"", ""unit"": ""breaths/min""}, {""key"": ""temp"", ""label"": ""temperature"", ""value"": ""37.4"", ""unit"": ""C""}, {""key"": ""wblc"", ""label"": ""white blood cell count"", ""value"": ""9.8"", ""unit"": ""10^3/uL""}, {""key"": ""crea"", ""label"": ""serum creatinine"", ""value"": ""0.9"", ""unit"": ""mg/dL""}, {""key"": ""sod"", ""label"": ""serum sodium"", ""value"": ""141"", ""unit"": ""mEq/L""}], ""absent"": [{""key"": ""adls"", ""label"": ""activities of daily living""}, {""key"": ""pafi"", ""label"": ""PaO2/FiO2 ratio""}, {""key"": ""alb"", ""label"": ""serum albumin""}, {""key"": ""bili"", ""label"": ""bilirubin""}, {""key"": ""ph"", ""label"": ""arterial pH""}, {""key"": ""glucose"", ""label"": ""serum glucose""}, {""key"": ""bun"", ""label"": ""blood urea nitrogen""}, {""key"": ""urine"", ""label"": ""urine output""}], ""stem"": ""Will this patient survive to hospital discharge?"", ""header"": ""Patient record:"", ""target"": ""hospdead"", ""source"": ""support2""}"
support2-240,support2-240,text,Dies in hospital,,,"Patient record:
- age: 88.69 years
- sex: male
- race: white
- primary disease group: Coma
- disease class: Coma
- number of comorbidities: 2
- cancer status: no
- diabetes: no
- dementia: no
- SUPPORT coma score: 89
- activities of daily living: 0
- day of hospital stay at enrolment: 1
- mean arterial pressure: 102 mmHg
- heart rate: 123 bpm
- respiratory rate: 14 breaths/min
- temperature: 38.4 C
- white blood cell count: 11.6 10^3/uL
- PaO2/FiO2 ratio: 397.12
- serum albumin: 3.1 g/dL
- bilirubin: 0.7 mg/dL
- serum creatinine: 5.7 mg/dL
- serum sodium: 135 mEq/L
- arterial pH: 7.41

Will this patient survive to hospital discharge?","[""Survives to hospital discharge"", ""Dies in hospital""]",1,"{""fields"": [{""key"": ""age"", ""label"": ""age"", ""value"": ""88.69"", ""unit"": ""years""}, {""key"": ""sex"", ""label"": ""sex"", ""value"": ""male"", ""unit"": """"}, {""key"": ""race"", ""label"": ""race"", ""value"": ""white"", ""unit"": """"}, {""key"": ""dzgroup"", ""label"": ""primary disease group"", ""value"": ""Coma"", ""unit"": """"}, {""key"": ""dzclass"", ""label"": ""disease class"", ""value"": ""Coma"", ""unit"": """"}, {""key"": ""num.co"", ""label"": ""number of comorbidities"", ""value"": ""2"", ""unit"": """"}, {""key"": ""ca"", ""label"": ""cancer status"", ""value"": ""no"", ""unit"": """"}, {""key"": ""diabetes"", ""label"": ""diabetes"", ""value"": ""no"", ""unit"": """"}, {""key"": ""dementia"", ""label"": ""dementia"", ""value"": ""no"", ""unit"": """"}, {""key"": ""scoma"", ""label"": ""SUPPORT coma score"", ""value"": ""89"", ""unit"": """"}, {""key"": ""adls"", ""label"": ""activities of daily living"", ""value"": ""0"", ""unit"": """"}, {""key"": ""hday"", ""label"": ""day of hospital stay at enrolment"", ""value"": ""1"", ""unit"": """"}, {""key"": ""meanbp"", ""label"": ""mean arterial pressure"", ""value"": ""102"", ""unit"": ""mmHg""}, {""key"": ""hrt"", ""label"": ""heart rate"", ""value"": ""123"", ""unit"": ""bpm""}, {""key"": ""resp"", ""label"": ""respiratory rate"", ""value"": ""14"", ""unit"": ""breaths/min""}, {""key"": ""temp"", ""label"": ""temperature"", ""value"": ""38.4"", ""unit"": ""C""}, {""key"": ""wblc"", ""label"": ""white blood cell count"", ""value"": ""11.6"", ""unit"": ""10^3/uL""}, {""key"": ""pafi"", ""label"": ""PaO2/FiO2 ratio"", ""value"": ""397.12"", ""unit"": """"}, {""key"": ""alb"", ""label"": ""serum albumin"", ""value"": ""3.1"", ""unit"": ""g/dL""}, {""key"": ""bili"", ""label"": ""bilirubin"", ""value"": ""0.7"", ""unit"": ""mg/dL""}, {""key"": ""crea"", ""label"": ""serum creatinine"", ""value"": ""5.7"", ""unit"": ""mg/dL""}, {""key"": ""sod"", ""label"": ""serum sodium"", ""value"": ""135"", ""unit"": ""mEq/L""}, {""key"": ""ph"", ""label"": ""arterial pH"", ""value"": ""7.41"", ""unit"": """"}], ""absent"": [{""key"": ""glucose"", ""label"": ""serum glucose""}, {""key"": ""bun"", ""label"": ""blood urea nitrogen""}, {""key"": ""urine"", ""label"": ""urine output""}], ""stem"": ""Will this patient survive to hospital discharge?"", ""header"": ""Patient record:"", ""target"": ""hospdead"", ""source"": ""support2""}"
support2-246,support2-246,text,Dies in hospital,,,"Patient record:
- age: 34.36 years
- sex: male
- race: hispanic
- primary disease group: ARF/MOSF w/Sepsis
- disease class: ARF/MOSF
- number of comorbidities: 2
- cancer status: no
- diabetes: no
- dementia: no
- SUPPORT coma score: 26
- activities of daily living: 5
- day of hospital stay at enrolment: 9
- mean arterial pressure: 48 mmHg
- heart rate: 120 bpm
- respiratory rate: 33 breaths/min
- temperature: 38.5 C
- white blood cell count: 6.2 10^3/uL
- PaO2/FiO2 ratio: 150
- serum albumin: 2.4 g/dL
- bilirubin: 6 mg/dL
- serum creatinine: 2.3 mg/dL
- serum sodium: 130 mEq/L
- arterial pH: 7.31

Will this patient survive to hospital discharge?","[""Survives to hospital discharge"", ""Dies in hospital""]",1,"{""fields"": [{""key"": ""age"", ""label"": ""age"", ""value"": ""34.36"", ""unit"": ""years""}, {""key"": ""sex"", ""label"": ""sex"", ""value"": ""male"", ""unit"": """"}, {""key"": ""race"", ""label"": ""race"", ""value"": ""hispanic"", ""unit"": """"}, {""key"": ""dzgroup"", ""label"": ""primary disease group"", ""value"": ""ARF/MOSF w/Sepsis"", ""unit"": """"}, {""key"": ""dzclass"", ""label"": ""disease class"", ""value"": ""ARF/MOSF"", ""unit"": """"}, {""key"": ""num.co"", ""label"": ""number of comorbidities"", ""value"": ""2"", ""unit"": """"}, {""key"": ""ca"", ""label"": ""cancer status"", ""value"": ""no"", ""unit"": """"}, {""key"": ""diabetes"", ""label"": ""diabetes"", ""value"": ""no"", ""unit"": """"}, {""key"": ""dementia"", ""label"": ""dementia"", ""value"": ""no"", ""unit"": """"}, {""key"": ""scoma"", ""label"": ""SUPPORT coma score"", ""value"": ""26"", ""unit"": """"}, {""key"": ""adls"", ""label"": ""activities of daily living"", ""value"": ""5"", ""unit"": """"}, {""key"": ""hday"", ""label"": ""day of hospital stay at enrolment"", ""value"": ""9"", ""unit"": """"}, {""key"": ""meanbp"", ""label"": ""mean arterial pressure"", ""value"": ""48"", ""unit"": ""mmHg""}, {""key"": ""hrt"", ""label"": ""heart rate"", ""value"": ""120"", ""unit"": ""bpm""}, {""key"": ""resp"", ""label"": ""respiratory rate"", ""value"": ""33"", ""unit"": ""breaths/min""}, {""key"": ""temp"", ""label"": ""temperature"", ""value"": ""38.5"", ""unit"": ""C""}, {""key"": ""wblc"", ""label"": ""white blood cell count"", ""value"": ""6.2"", ""unit"": ""10^3/uL""}, {""key"": ""pafi"", ""label"": ""PaO2/FiO2 ratio"", ""value"": ""150"", ""unit"": """"}, {""key"": ""alb"", ""label"": ""serum albumin"", ""value"": ""2.4"", ""unit"": ""g/dL""}, {""key"": ""bili"", ""label"": ""bilirubin"", ""value"": ""6"", ""unit"": ""mg/dL""}, {""key"": ""crea"", ""label"": ""serum creatinine"", ""value"": ""2.3"", ""unit"": ""mg/dL""}, {""key"": ""sod"", ""label"": ""serum sodium"", ""value"": ""130"", ""unit"": ""mEq/L""}, {""key"": ""ph"", ""label"": ""arterial pH"", ""value"": ""7.31"", ""unit"": """"}], ""absent"": [{""key"": ""glucose"", ""label"": ""serum glucose""}, {""key"": ""bun"", ""label"": ""blood urea nitrogen""}, {""key"": ""urine"", ""label"": ""urine output""}], ""stem"": ""Will this patient survive to hospital discharge?"", ""header"": ""Patient record:"", ""target"": ""hospdead"", ""source"": ""support2""}"
support2-247,support2-247,text,Dies in hospital,,,"Patient record:
- age: 56.66 years
- sex: male
- race: white
- primary disease group: ARF/MOSF w/Sepsis
- disease class: ARF/MOSF
- number of comorbidities: 0
- cancer status: no
- diabetes: no
- dementia: no
- SUPPORT coma score: 0
- day of hospital stay at enrolment: 31
- mean arterial pressure: 63 mmHg
- heart rate: 125 bpm
- respiratory rate: 30 breaths/min
- temperature: 38.5 C
- white blood cell count: 18.6 10^3/uL
- PaO2/FiO2 ratio: 148
- bilirubin: 16.8 mg/dL
- serum creatinine: 4.1 mg/dL
- serum sodium: 147 mEq/L
- arterial pH: 7.19

Will this patient survive to hospital discharge?","[""Survives to hospital discharge"", ""Dies in hospital""]",1,"{""fields"": [{""key"": ""age"", ""label"": ""age"", ""value"": ""56.66"", ""unit"": ""years""}, {""key"": ""sex"", ""label"": ""sex"", ""value"": ""male"", ""unit"": """"}, {""key"": ""race"", ""label"": ""race"", ""value"": ""white"", ""unit"": """"}, {""key"": ""dzgroup"", ""label"": ""primary disease group"", ""value"": ""ARF/MOSF w/Sepsis"", ""unit"": """"}, {""key"": ""dzclass"", ""label"": ""disease class"", ""value"": ""ARF/MOSF"", ""unit"": """"}, {""key"": ""num.co"", ""label"": ""number of comorbidities"", ""value"": ""0"", ""unit"": """"}, {""key"": ""ca"", ""label"": ""cancer status"", ""value"": ""no"", ""unit"": """"}, {""key"": ""diabetes"", ""label"": ""diabetes"", ""value"": ""no"", ""unit"": """"}, {""key"": ""dementia"", ""label"": ""dementia"", ""value"": ""no"", ""unit"": """"}, {""key"": ""scoma"", ""label"": ""SUPPORT coma score"", ""value"": ""0"", ""unit"": """"}, {""key"": ""hday"", ""label"": ""day of hospital stay at enrolment"", ""value"": ""31"", ""unit"": """"}, {""key"": ""meanbp"", ""label"": ""mean arterial pressure"", ""value"": ""63"", ""unit"": ""mmHg""}, {""key"": ""hrt"", ""label"": ""heart rate"", ""value"": ""125"", ""unit"": ""bpm""}, {""key"": ""resp"", ""label"": ""respiratory rate"", ""value"": ""30"", ""unit"": ""breaths/min""}, {""key"": ""temp"", ""label"": ""temperature"", ""value"": ""38.5"", ""unit"": ""C""}, {""key"": ""wblc"", ""label"": ""white blood cell count"", ""value"": ""18.6"", ""unit"": ""10^3/uL""}, {""key"": ""pafi"", ""label"": ""PaO2/FiO2 ratio"", ""value"": ""148"", ""unit"": """"}, {""key"": ""bili"", ""label"": ""bilirubin"", ""value"": ""16.8"", ""unit"": ""mg/dL""}, {""key"": ""crea"", ""label"": ""serum creatinine"", ""value"": ""4.1"", ""unit"": ""mg/dL""}, {""key"": ""sod"", ""label"": ""serum sodium"", ""value"": ""147"", ""unit"": ""mEq/L""}, {""key"": ""ph"", ""label"": ""arterial pH"", ""value"": ""7.19"", ""unit"": """"}], ""absent"": [{""key"": ""adls"", ""label"": ""activities of daily living""}, {""key"": ""alb"", ""label"": ""serum albumin""}, {""key"": ""glucose"", ""label"": ""serum glucose""}, {""key"": ""bun"", ""label"": ""blood urea nitrogen""}, {""key"": ""urine"", ""label"": ""urine output""}], ""stem"": ""Will this patient survive to hospital discharge?"", ""header"": ""Patient record:"", ""target"": ""hospdead"", ""source"": ""support2""}"
support2-25,support2-25,text,Survives to hospital discharge,,,"Patient record:
- age: 29.36 years
- sex: female
- race: white
- primary disease group: Colon Cancer
- disease class: Cancer
- number of comorbidities: 0
- cancer status: metastatic
- diabetes: no
- dementia: no
- SUPPORT coma score: 0
- day of hospital stay at enrolment: 1
- mean arterial pressure: 96 mmHg
- heart rate: 112 bpm
- respiratory rate: 20 breaths/min
- temperature: 37 C
- white blood cell count: 10.6 10^3/uL
- serum albumin: 3.7 g/dL
- bilirubin: 1.4 mg/dL
- serum creatinine: 0.6 mg/dL
- serum sodium: 137 mEq/L

Will this patient survive to hospital discharge?","[""Survives to hospital discharge"", ""Dies in hospital""]",0,"{""fields"": [{""key"": ""age"", ""label"": ""age"", ""value"": ""29.36"", ""unit"": ""years""}, {""key"": ""sex"", ""label"": ""sex"", ""value"": ""female"", ""unit"": """"}, {""key"": ""race"", ""label"": ""race"", ""value"": ""white"", ""unit"": """"}, {""key"": ""dzgroup"", ""label"": ""primary disease group"", ""value"": ""Colon Cancer"", ""unit"": """"}, {""key"": ""dzclass"", ""label"": ""disease class"", ""value"": ""Cancer"", ""unit"": """"}, {""key"": ""num.co"", ""label"": ""number of comorbidities"", ""value"": ""0"", ""unit"": """"}, {""key"": ""ca"", ""label"": ""cancer status"", ""value"": ""metastatic"", ""unit"": """"}, {""key"": ""diabetes"", ""label"": ""diabetes"", ""value"": ""no"", ""unit"": """"}, {""key"": ""dementia"", ""label"": ""dementia"", ""value"": ""no"", ""unit"": """"}, {""key"": ""scoma"", ""label"": ""SUPPORT coma score"", ""value"": ""0"", ""unit"": """"}, {""key"": ""hday"", ""label"": ""day of hospital stay at enrolment"", ""value"": ""1"", ""unit"": """"}, {""key"": ""meanbp"", ""label"": ""mean arterial pressure"", ""value"": ""96"", ""unit"": ""mmHg""}, {""key"": ""hrt"", ""label"": ""heart rate"", ""value"": ""112"", ""unit"": ""bpm""}, {""key"": ""resp"", ""label"": ""respiratory rate"", ""value"": ""20"", ""unit"": ""breaths/min""}, {""key"": ""temp"", ""label"": ""temperature"", ""value"": ""37"", ""unit"": ""C""}, {""key"": ""wblc"", ""label"": ""white blood cell count"", ""value"": ""10.6"", ""unit"": ""10^3/uL""}, {""key"": ""alb"", ""label"": ""serum albumin"", ""value"": ""3.7"", ""unit"": ""g/dL""}, {""key"": ""bili"", ""label"": ""bilirubin"", ""value"": ""1.4"", ""unit"": ""mg/dL""}, {""key"": ""crea"", ""label"": ""serum creatinine"", ""value"": ""0.6"", ""unit"": ""mg/dL""}, {""key"": ""sod"", ""label"": ""serum sodium"", ""value"": ""137"", ""unit"": ""mEq/L""}], ""absent"": [{""key"": ""adls"", ""label"": ""activities of daily living""}, {""key"": ""pafi"", ""label"": ""PaO2/FiO2 ratio""}, {""key"": ""ph"", ""label"": ""arterial pH""}, {""key"": ""glucose"", ""label"": ""serum glucose""}, {""key"": ""bun"", ""label"": ""blood urea nitrogen""}, {""key"": ""urine"", ""label"": ""urine output""}], ""stem"": ""Will this patient survive to hospital discharge?"", ""header"": ""Patient record:"", ""target"": ""hospdead"", ""source"": ""support2""}"
support2-250,support2-250,text,Dies in hospital,,,"Patient record:
- age: 54.06 years
- sex: male
- race: white
- primary disease group: Coma
- disease class: Coma
- number of comorbidities: 2
- cancer status: no
- diabetes: no
- dementia: no
- SUPPORT coma score: 55
- activities of daily living: 1
- day of hospital stay at enrolment: 1
- mean arterial pressure: 110 mmHg
- heart rate: 165 bpm
- respiratory rate: 34 breaths/min
- temperature: 39.2 C
- white blood cell count: 29.6 10^3/uL
- PaO2/FiO2 ratio: 223.31
- bilirubin: 1.9 mg/dL
- serum creatinine: 1.7 mg/dL
- serum sodium: 128 mEq/L
- arterial pH: 7.5

Will this patient survive to hospital discharge?","[""Survives to hospital discharge"", ""Dies in hospital""]",1,"{""fields"": [{""key"": ""age"", ""label"": ""age"", ""value"": ""54.06"", ""unit"": ""years""}, {""key"": ""sex"", ""label"": ""sex"", ""value"": ""male"", ""unit"": """"}, {""key"": ""race"", ""label"": ""race"", ""value"": ""white"", ""unit"": """"}, {""key"": ""dzgroup"", ""label"": ""primary disease group"", ""value"": ""Coma"", ""unit"": """"}, {""key"": ""dzclass"", ""label"": ""disease class"", ""value"": ""Coma"", ""unit"": """"}, {""key"": ""num.co"", ""label"": ""number of comorbidities"", ""value"": ""2"", ""unit"": """"}, {""key"": ""ca"", ""label"": ""cancer status"", ""value"": ""no"", ""unit"": """"}, {""key"": ""diabetes"", ""label"": ""diabetes"", ""value"": ""no"", ""unit"": """"}, {""key"": ""dementia"", ""label"": ""dementia"", ""value"": ""no"", ""unit"": """"}, {""key"": ""scoma"", ""label"": ""SUPPORT coma score"", ""value"": ""55"", ""unit"": """"}, {""key"": ""adls"", ""label"": ""activities of daily living"", ""value"": ""1"", ""unit"": """"}, {""key"": ""hday"", ""label"": ""day of hospital stay at enrolment"", ""value"": ""1"", ""unit"": """"}, {""key"": ""meanbp"", ""label"": ""mean arterial pressure"", ""value"": ""110"", ""unit"": ""mmHg""}, {""key"": ""hrt"", ""label"": ""heart rate"", ""value"": ""165"", ""unit"": ""bpm""}, {""key"": ""resp"", ""label"": ""respiratory rate"", ""value"": ""34"", ""unit"": ""breaths/min""}, {""key"": ""temp"", ""label"": ""temperature"", ""value"": ""39.2"", ""unit"": ""C""}, {""key"": ""wblc"", ""label"": ""white blood cell count"", ""value"": ""29.6"", ""unit"": ""10^3/uL""}, {""key"": ""pafi"", ""label"": ""PaO2/FiO2 ratio"", ""value"": ""223.31"", ""unit"": """"}, {""key"": ""bili"", ""label"": ""bilirubin"", ""value"": ""1.9"", ""unit"": ""mg/dL""}, {""key"": ""crea"", ""label"": ""serum creatinine"", ""value"": ""1.7"", ""unit"": ""mg/dL""}, {""key"": ""sod"", ""label"": ""serum sodium"", ""value"": ""128"", ""unit"": ""mEq/L""}, {""key"": ""ph"", ""label"": ""arterial pH"", ""value"": ""7.5"", ""unit"": """"}], ""absent"": [{""key"": ""alb"", ""label"": ""serum albumin""}, {""key"": ""glucose"", ""label"": ""serum glucose""}, {""key"": ""bun"", ""label"": ""blood urea nitrogen""}, {""key"": ""urine"", ""label"": ""urine output""}], ""stem"": ""Will this patient survive to hospital discharge?"", ""header"": ""Patient record:"", ""target"": ""hospdead"", ""source"": ""support2""}"
support2-26,support2-26,text,Survives to hospital discharge,,,"Patient record:
- age: 53.84 years
- sex: male
- race: white
- primary disease group: COPD
- disease class: COPD/CHF/Cirrhosis
- number of comorbidities: 1
- cancer status: no
- diabetes: no
- dementia: no
- SUPPORT coma score: 0
- activities of daily living: 4
- day of hospital stay at enrolment: 1
- mean arterial pressure: 134 mmHg
- heart rate: 106 bpm
- respiratory rate: 22 breaths/min
- temperature: 37.9 C
- white blood cell count: 7.8 10^3/uL
- PaO2/FiO2 ratio: 304.12
- serum albumin: 3.8 g/dL
- bilirubin: 0.5 mg/dL
- serum creatinine: 0.8 mg/dL
- serum sodium: 141 mEq/L
- arterial pH: 7.38

Will this patient survive to hospital discharge?","[""Survives to hospital discharge"", ""Dies in hospital""]",0,"{""fields"": [{""key"": ""age"", ""label"": ""age"", ""value"": ""53.84"", ""unit"": ""years""}, {""key"": ""sex"", ""label"": ""sex"", ""value"": ""male"", ""unit"": """"}, {""key"": ""race"", ""label"": ""race"", ""value"": ""white"", ""unit"": """"}, {""key"": ""dzgroup"", ""label"": ""primary disease group"", ""value"": ""COPD"", ""unit"": """"}, {""key"": ""dzclass"", ""label"": ""disease class"", ""value"": ""COPD/CHF/Cirrhosis"", ""unit"": """"}, {""key"": ""num.co"", ""label"": ""number of comorbidities"", ""value"": ""1"", ""unit"": """"}, {""key"": ""ca"", ""label"": ""cancer status"", ""value"": ""no"", ""unit"": """"}, {""key"": ""diabetes"", ""label"": ""diabetes"", ""value"": ""no"", ""unit"": """"}, {""key"": ""dementia"", ""label"": ""dementia"", ""value"": ""no"", ""unit"": """"}, {""key"": ""scoma"", ""label"": ""SUPPORT coma score"", ""value"": ""0"", ""unit"": """"}, {""key"": ""adls"", ""label"": ""activities of daily living"", ""value"": ""4"", ""unit"": """"}, {""key"": ""hday"", ""label"": ""day of hospital stay at enrolment"", ""value"": ""1"", ""unit"": """"}, {""key"": ""meanbp"", ""label"": ""mean arterial pressure"", ""value"": ""134"", ""unit"": ""mmHg""}, {""key"": ""hrt"", ""label"": ""heart rate"", ""value"": ""106"", ""unit"": ""bpm""}, {""key"": ""resp"", ""label"": ""respiratory rate"", ""value"": ""22"", ""unit"": ""breaths/min""}, {""key"": ""temp"", ""label"": ""temperature"", ""value"": ""37.9"", ""unit"": ""C""}, {""key"": ""wblc"", ""label"": ""white blood cell count"", ""value"": ""7.8"", ""unit"": ""10^3/uL""}, {""key"": ""pafi"", ""label"": ""PaO2/FiO2 ratio"", ""value"": ""304.12"", ""unit"": """"}, {""key"": ""alb"", ""label"": ""serum albumin"", ""value"": ""3.8"", ""unit"": ""g/dL""}, {""key"": ""bili"", ""label"": ""bilirubin"", ""value"": ""0.5"", ""unit"": ""mg/dL""}, {""key"": ""crea"", ""label"": ""serum creatinine"", ""value"": ""0.8"", ""unit"": ""mg/dL""}, {""key"": ""sod"", ""label"": ""serum sodium"", ""value"": ""141"", ""unit"": ""mEq/L""}, {""key"": ""ph"", ""label"": ""arterial pH"", ""value"": ""7.38"", ""unit"": """"}], ""absent"": [{""key"": ""glucose"", ""label"": ""serum glucose""}, {""key"": ""bun"", ""label"": ""blood urea nitrogen""}, {""key"": ""urine"", ""label"": ""urine output""}], ""stem"": ""Will this patient survive to hospital discharge?"", ""header"": ""Patient record:"", ""target"": ""hospdead"", ""source"": ""support2""}"
support2-27,support2-27,text,Dies in hospital,,,"Patient record:
- age: 82.41 years
- sex: female
- race: white
- primary disease group: Lung Cancer
- disease class: Cancer
- number of comorbidities: 0
- cancer status: metastatic
- diabetes: no
- dementia: no
- SUPPORT coma score: 44
- day of hospital stay at enrolment: 1
- mean arterial pressure: 75 mmHg
- heart rate: 114 bpm
- respiratory rate: 20 breaths/min
- temperature: 37.2 C
- white blood cell count: 6.8 10^3/uL
- serum albumin: 3.1 g/dL
- serum creatinine: 1.8 mg/dL
- serum sodium: 131 mEq/L

Will this patient survive to hospital discharge?","[""Survives to hospital discharge"", ""Dies in hospital""]",1,"{""fields"": [{""key"": ""age"", ""label"": ""age"", ""value"": ""82.41"", ""unit"": ""years""}, {""key"": ""sex"", ""label"": ""sex"", ""value"": ""female"", ""unit"": """"}, {""key"": ""race"", ""label"": ""race"", ""value"": ""white"", ""unit"": """"}, {""key"": ""dzgroup"", ""label"": ""primary disease group"", ""value"": ""Lung Cancer"", ""unit"": """"}, {""key"": ""dzclass"", ""label"": ""disease class"", ""value"": ""Cancer"", ""unit"": """"}, {""key"": ""num.co"", ""label"": ""number of comorbidities"", ""value"": ""0"", ""unit"": """"}, {""key"": ""ca"", ""label"": ""cancer status"", ""value"": ""metastatic"", ""unit"": """"}, {""key"": ""diabetes"", ""label"": ""diabetes"", ""value"": ""no"", ""unit"": """"}, {""key"": ""dementia"", ""label"": ""dementia"", ""value"": ""no"", ""unit"": """"}, {""key"": ""scoma"", ""label"": ""SUPPORT coma score"", ""value"": ""44"", ""unit"": """"}, {""key"": ""hday"", ""label"": ""day of hospital stay at enrolment"", ""value"": ""1"", ""unit"": """"}, {""key"": ""meanbp"", ""label"": ""mean arterial pressure"", ""value"": ""75"", ""unit"": ""mmHg""}, {""key"": ""hrt"", ""label"": ""heart rate"", ""value"": ""114"", ""unit"": ""bpm""}, {""key"": ""resp"", ""label"": ""respiratory rate"", ""value"": ""20"", ""unit"": ""breaths/min""}, {""key"": ""temp"", ""label"": ""temperature"", ""value"": ""37.2"", ""unit"": ""C""}, {""key"": ""wblc"", ""label"": ""white blood cell count"", ""value"": ""6.8"", ""unit"": ""10^3/uL""}, {""key"": ""alb"", ""label"": ""serum albumin"", ""value"": ""3.1"", ""unit"": ""g/dL""}, {""key"": ""crea"", ""label"": ""serum creatinine"", ""value"": ""1.8"", ""unit"": ""mg/dL""}, {""key"": ""sod"", ""label"": ""serum sodium"", ""value"": ""131"", ""unit"": ""mEq/L""}], ""absent"": [{""key"": ""adls"", ""label"": ""activities of daily living""}, {""key"": ""pafi"", ""label"": ""PaO2/FiO2 ratio""}, {""key"": ""bili"", ""label"": ""bilirubin""}, {""key"": ""ph"", ""label"": ""arterial pH""}, {""key"": ""glucose"", ""label"": ""serum glucose""}, {""key"": ""bun"", ""label"": ""blood urea nitrogen""}, {""key"": ""urine"", ""label"": ""urine output""}], ""stem"": ""Will this patient survive to hospital discharge?"", ""header"": ""Patient record:"", ""target"": ""hospdead"", ""source"": ""support2""}"
support2-28,support2-28,text,Dies in hospital,,,"Patient record:
- age: 27.32 years
- sex: male
- race: asian
- primary disease group: MOSF w/Malig
- disease class: ARF/MOSF
- number of comorbidities: 1
- cancer status: yes
- diabetes: no
- dementia: no
- SUPPORT coma score: 26
- activities of daily living: 2
- day of hospital stay at enrolment: 28
- mean arterial pressure: 77 mmHg
- heart rate: 144 bpm
- respiratory rate: 36 breaths/min
- temperature: 38.9 C
- white blood cell count: 0.1 10^3/uL
- PaO2/FiO2 ratio: 45
- serum albumin: 2.4 g/dL
- bilirubin: 5 mg/dL
- serum creatinine: 1.4 mg/dL
- serum sodium: 147 mEq/L
- arterial pH: 7.31

Will this patient survive to hospital discharge?","[""Survives to hospital discharge"", ""Dies in hospital""]",1,"{""fields"": [{""key"": ""age"", ""label"": ""age"", ""value"": ""27.32"", ""unit"": ""years""}, {""key"": ""sex"", ""label"": ""sex"", ""value"": ""male"", ""unit"": """"}, {""key"": ""race"", ""label"": ""race"", ""value"": ""asian"", ""unit"": """"}, {""key"": ""dzgroup"", ""label"": ""primary disease group"", ""value"": ""MOSF w/Malig"", ""unit"": """"}, {""key"": ""dzclass"", ""label"": ""disease class"", ""value"": ""ARF/MOSF"", ""unit"": """"}, {""key"": ""num.co"", ""label"": ""number of comorbidities"", ""value"": ""1"", ""unit"": """"}, {""key"": ""ca"", ""label"": ""cancer status"", ""value"": ""yes"", ""unit"": """"}, {""key"": ""diabetes"", ""label"": ""diabetes"", ""value"": ""no"", ""unit"": """"}, {""key"": ""dementia"", ""label"": ""dementia"", ""value"": ""no"", ""unit"": """"}, {""key"": ""scoma"", ""label"": ""SUPPORT coma score"", ""value"": ""26"", ""unit"": """"}, {""key"": ""adls"", ""label"": ""activities of daily living"", ""value"": ""2"", ""unit"": """"}, {""key"": ""hday"", ""label"": ""day of hospital stay at enrolment"", ""value"": ""28"", ""unit"": """"}, {""key"": ""meanbp"", ""label"": ""mean arterial pressure"", ""value"": ""77"", ""unit"": ""mmHg""}, {""key"": ""hrt"", ""label"": ""heart rate"", ""value"": ""144"", ""unit"": ""bpm""}, {""key"": ""resp"", ""label"": ""respiratory rate"", ""value"": ""36"", ""unit"": ""breaths/min""}, {""key"": ""temp"", ""label"": ""temperature"", ""value"": ""38.9"", ""unit"": ""C""}, {""key"": ""wblc"", ""label"": ""white blood cell count"", ""value"": ""0.1"", ""unit"": ""10^3/uL""}, {""key"": ""pafi"", ""label"": ""PaO2/FiO2 ratio"", ""value"": ""45"", ""unit"": """"}, {""key"": ""alb"", ""label"": ""serum albumin"", ""value"": ""2.4"", ""unit"": ""g/dL""}, {""key"": ""bili"", ""label"": ""bilirubin"", ""value"": ""5"", ""unit"": ""mg/dL""}, {""key"": ""crea"", ""label"": ""serum creatinine"", ""value"": ""1.4"", ""unit"": ""mg/dL""}, {""key"": ""sod"", ""label"": ""serum sodium"", ""value"": ""147"", ""unit"": ""mEq/L""}, {""key"": ""ph"", ""label"": ""arterial pH"", ""value"": ""7.31"", ""unit"": """"}], ""absent"": [{""key"": ""glucose"", ""label"": ""serum glucose""}, {""key"": ""bun"", ""label"": ""blood urea nitrogen""}, {""key"": ""urine"", ""label"": ""urine output""}], ""stem"": ""Will this patient survive to hospital discharge?"", ""header"": ""Patient record:"", ""target"": ""hospdead"", ""source"": ""support2""}"
support2-29,support2-29,text,Survives to hospital discharge,,,"Patient record:
- age: 30.11 years
- sex: male
- race: asian
- primary disease group: ARF/MOSF w/Sepsis
- disease class: ARF/MOSF
- number of comorbidities: 2
- cancer status: no
- diabetes: no
- dementia: no
- SUPPORT coma score: 37
- day of hospital stay at enrolment: 4
- mean arterial pressure: 92 mmHg
- heart rate: 112 bpm
- respiratory rate: 27 breaths/min
- temperature: 37.59 C
- white blood cell count: 8.8 10^3/uL
- PaO2/FiO2 ratio: 225
- serum creatinine: 0.4 mg/dL
- serum sodium: 134 mEq/L
- arterial pH: 7.46

Will this patient survive to hospital discharge?","[""Survives to hospital discharge"", ""Dies in hospital""]",0,"{""fields"": [{""key"": ""age"", ""label"": ""age"", ""value"": ""30.11"", ""unit"": ""years""}, {""key"": ""sex"", ""label"": ""sex"", ""value"": ""male"", ""unit"": """"}, {""key"": ""race"", ""label"": ""race"", ""value"": ""asian"", ""unit"": """"}, {""key"": ""dzgroup"", ""label"": ""primary disease group"", ""value"": ""ARF/MOSF w/Sepsis"", ""unit"": """"}, {""key"": ""dzclass"", ""label"": ""disease class"", ""value"": ""ARF/MOSF"", ""unit"": """"}, {""key"": ""num.co"", ""label"": ""number of comorbidities"", ""value"": ""2"", ""unit"": """"}, {""key"": ""ca"", ""label"": ""cancer status"", ""value"": ""no"", ""unit"": """"}, {""key"": ""diabetes"", ""label"": ""diabetes"", ""value"": ""no"", ""unit"": """"}, {""key"": ""dementia"", ""label"": ""dementia"", ""value"": ""no"", ""unit"": """"}, {""key"": ""scoma"", ""label"": ""SUPPORT coma score"", ""value"": ""37"", ""unit"": """"}, {""key"": ""hday"", ""label"": ""day of hospital stay at enrolment"", ""value"": ""4"", ""unit"": """"}, {""key"": ""meanbp"", ""label"": ""mean arterial pressure"", ""value"": ""92"", ""unit"": ""mmHg""}, {""key"": ""hrt"", ""label"": ""heart rate"", ""value"": ""112"", ""unit"": ""bpm""}, {""key"": ""resp"", ""label"": ""respiratory rate"", ""value"": ""27"", ""unit"": ""breaths/min""}, {""key"": ""temp"", ""label"": ""temperature"", ""value"": ""37.59"", ""unit"": ""C""}, {""key"": ""wblc"", ""label"": ""white blood cell count"", ""value"": ""8.8"", ""unit"": ""10^3/uL""}, {""key"": ""pafi"", ""label"": ""PaO2/FiO2 ratio"", ""value"": ""225"", ""unit"": """"}, {""key"": ""crea"", ""label"": ""serum creatinine"", ""value"": ""0.4"", ""unit"": ""mg/dL""}, {""key"": ""sod"", ""label"": ""serum sodium"", ""value"": ""134"", ""unit"": ""mEq/L""}, {""key"": ""ph"", ""label"": ""arterial pH"", ""value"": ""7.46"", ""unit"": """"}], ""absent"": [{""key"": ""adls"", ""label"": ""activities of daily living""}, {""key"": ""alb"", ""label"": ""serum albumin""}, {""key"": ""bili"", ""label"": ""bilirubin""}, {""key"": ""glucose"", ""label"": ""serum glucose""}, {""key"": ""bun"", ""label"": ""blood urea nitrogen""}, {""key"": ""urine"", ""label"": ""urine output""}], ""stem"": ""Will this patient survive to hospital discharge?"", ""header"": ""Patient record:"", ""target"": ""hospdead"", ""source"": ""support2""}"
support2-3,support2-3,text,Survives to hospital discharge,,,"Patient record:
- age: 52.75 years
- sex: female
- race: white
- primary disease group: Cirrhosis
- disease class: COPD/CHF/Cirrhosis
- number of comorbidities: 2
- cancer status: no
- diabetes: no
- dementia: no
- SUPPORT coma score: 0
- activities of daily living: 0
- day of hospital stay at enrolment: 4
- mean arterial pressure: 70 mmHg
- heart rate: 88 bpm
- respiratory rate: 28 breaths/min
- temperature: 37.4 C
- white blood cell count: 8.5 10^3/uL
- PaO2/FiO2 ratio: 231.66
- bilirubin: 2.2 mg/dL
- serum creatinine: 2 mg/dL
- serum sodium: 134 mEq/L
- arterial pH: 7.46

Will this patient survive to hospital discharge?","[""Survives to hospital discharge"", ""Dies in hospital""]",0,"{""fields"": [{""key"": ""age"", ""label"": ""age"", ""value"": ""52.75"", ""unit"": ""years""}, {""key"": ""sex"", ""label"": ""sex"", ""value"": ""female"", ""unit"": """"}, {""key"": ""race"", ""label"": ""race"", ""value"": ""white"", ""unit"": """"}, {""key"": ""dzgroup"", ""label"": ""primary disease group"", ""value"": ""Cirrhosis"", ""unit"": """"}, {""key"": ""dzclass"", ""label"": ""disease class"", ""value"": ""COPD/CHF/Cirrhosis"", ""unit"": """"}, {""key"": ""num.co"", ""label"": ""number of comorbidities"", ""value"": ""2"", ""unit"": """"}, {""key"": ""ca"", ""label"": ""cancer status"", ""value"": ""no"", ""unit"": """"}, {""key"": ""diabetes"", ""label"": ""diabetes"", ""value"": ""no"", ""unit"": """"}, {""key"": ""dementia"", ""label"": ""dementia"", ""value"": ""no"", ""unit"": """"}, {""key"": ""scoma"", ""label"": ""SUPPORT coma score"", ""value"": ""0"", ""unit"": """"}, {""key"": ""adls"", ""label"": ""activities of daily living"", ""value"": ""0"", ""unit"": """"}, {""key"": ""hday"", ""label"": ""day of hospital stay at enrolment"", ""value"": ""4"", ""unit"": """"}, {""key"": ""meanbp"", ""label"": ""mean arterial pressure"", ""value"": ""70"", ""unit"": ""mmHg""}, {""key"": ""hrt"", ""label"": ""heart rate"", ""value"": ""88"", ""unit"": ""bpm""}, {""key"": ""resp"", ""label"": ""respiratory rate"", ""value"": ""28"", ""unit"": ""breaths/min""}, {""key"": ""temp"", ""label"": ""temperature"", ""value"": ""37.4"", ""unit"": ""C""}, {""key"": ""wblc"", ""label"": ""white blood cell count"", ""value"": ""8.5"", ""unit"": ""10^3/uL""}, {""key"": ""pafi"", ""label"": ""PaO2/FiO2 ratio"", ""value"": ""231.66"", ""unit"": """"}, {""key"": ""bili"", ""label"": ""bilirubin"", ""value"": ""2.2"", ""unit"": ""mg/dL""}, {""key"": ""crea"", ""label"": ""serum creatinine"", ""value"": ""2"", ""unit"": ""mg/dL""}, {""key"": ""sod"", ""label"": ""serum sodium"", ""value"": ""134"", ""unit"": ""mEq/L""}, {""key"": ""ph"", ""label"": ""arterial pH"", ""value"": ""7.46"", ""unit"": """"}], ""absent"": [{""key"": ""alb"", ""label"": ""serum albumin""}, {""key"": ""glucose"", ""label"": ""serum glucose""}, {""key"": ""bun"", ""label"": ""blood urea nitrogen""}, {""key"": ""urine"", ""label"": ""urine output""}], ""stem"": ""Will this patient survive to hospital discharge?"", ""header"": ""Patient record:"", ""target"": ""hospdead"", ""source"": ""support2""}"
support2-30,support2-30,text,Survives to hospital discharge,,,"Patient record:
- age: 50.37 years
- sex: male
- race: white
- primary disease group: Cirrhosis
- disease class: COPD/CHF/Cirrhosis
- number of comorbidities: 2
- cancer status: no
- diabetes: no
- dementia: no
- SUPPORT coma score: 0
- activities of daily living: 1
- day of hospital stay at enrolment: 2
- mean arterial pressure: 98 mmHg
- heart rate: 82 bpm
- respiratory rate: 20 breaths/min
- temperature: 37.4 C
- white blood cell count: 8.4 10^3/uL
- PaO2/FiO2 ratio: 197.5
- serum albumin: 3 g/dL
- bilirubin: 6.8 mg/dL
- serum creatinine: 0.7 mg/dL
- serum sodium: 138 mEq/L
- arterial pH: 7.32

Will this patient survive to hospital discharge?","[""Survives to hospital discharge"", ""Dies in hospital""]",0,"{""fields"": [{""key"": ""age"", ""label"": ""age"", ""value"": ""50.37"", ""unit"": ""years""}, {""key"": ""sex"", ""label"": ""sex"", ""value"": ""male"", ""unit"": """"}, {""key"": ""race"", ""label"": ""race"", ""value"": ""white"", ""unit"": """"}, {""key"": ""dzgroup"", ""label"": ""primary disease group"", ""value"": ""Cirrhosis"", ""unit"": """"}, {""key"": ""dzclass"", ""label"": ""disease class"", ""value"": ""COPD/CHF/Cirrhosis"", ""unit"": """"}, {""key"": ""num.co"", ""label"": ""number of comorbidities"", ""value"": ""2"", ""unit"": """"}, {""key"": ""ca"", ""label"": ""cancer status"", ""value"": ""no"", ""unit"": """"}, {""key"": ""diabetes"", ""label"": ""diabetes"", ""value"": ""no"", ""unit"": """"}, {""key"": ""dementia"", ""label"": ""dementia"", ""value"": ""no"", ""unit"": """"}, {""key"": ""scoma"", ""label"": ""SUPPORT coma score"", ""value"": ""0"", ""unit"": """"}, {""key"": ""adls"", ""label"": ""activities of daily living"", ""value"": ""1"", ""unit"": """"}, {""key"": ""hday"", ""label"": ""day of hospital stay at enrolment"", ""value"": ""2"", ""unit"": """"}, {""key"": ""meanbp"", ""label"": ""mean arterial pressure"", ""value"": ""98"", ""unit"": ""mmHg""}, {""key"": ""hrt"", ""label"": ""heart rate"", ""value"": ""82"", ""unit"": ""bpm""}, {""key"": ""resp"", ""label"": ""respiratory rate"", ""value"": ""20"", ""unit"": ""breaths/min""}, {""key"": ""temp"", ""label"": ""temperature"", ""value"": ""37.4"", ""unit"": ""C""}, {""key"": ""wblc"", ""label"": ""white blood cell count"", ""value"": ""8.4"", ""unit"": ""10^3/uL""}, {""key"": ""pafi"", ""label"": ""PaO2/FiO2 ratio"", ""value"": ""197.5"", ""unit"": """"}, {""key"": ""alb"", ""label"": ""serum albumin"", ""value"": ""3"", ""unit"": ""g/dL""}, {""key"": ""bili"", ""label"": ""bilirubin"", ""value"": ""6.8"", ""unit"": ""mg/dL""}, {""key"": ""crea"", ""label"": ""serum creatinine"", ""value"": ""0.7"", ""unit"": ""mg/dL""}, {""key"": ""sod"", ""label"": ""serum sodium"", ""value"": ""138"", ""unit"": ""mEq/L""}, {""key"": ""ph"", ""label"": ""arterial pH"", ""value"": ""7.32"", ""unit"": """"}], ""absent"": [{""key"": ""glucose"", ""label"": ""serum glucose""}, {""key"": ""bun"", ""label"": ""blood urea nitrogen""}, {""key"": ""urine"", ""label"": ""urine output""}], ""stem"": ""Will this patient survive to hospital discharge?"", ""header"": ""Patient record:"", ""target"": ""hospdead"", ""source"": ""support2""}"
support2-31,support2-31,text,Survives to hospital discharge,,,"Patient record:
- age: 74.48 years
- sex: male
- race: white
- primary disease group: CHF
- disease class: COPD/CHF/Cirrhosis
- number of comorbidities: 2
- cancer status: no
- diabetes: no
- dementia: no
- SUPPORT coma score: 0
- activities of daily living: 1
- day of hospital stay at enrolment: 1
- mean arterial pressure: 111 mmHg
- heart rate: 60 bpm
- respiratory rate: 32 breaths/min
- temperature: 36.8 C
- white blood cell count: 6.9 10^3/uL
- serum albumin: 3.8 g/dL
- bilirubin: 0.6 mg/dL
- serum creatinine: 1.6 mg/dL
- serum sodium: 142 mEq/L

Will this patient survive to hospital discharge?","[""Survives to hospital discharge"", ""Dies in hospital""]",0,"{""fields"": [{""key"": ""age"", ""label"": ""age"", ""value"": ""74.48"", ""unit"": ""years""}, {""key"": ""sex"", ""label"": ""sex"", ""value"": ""male"", ""unit"": """"}, {""key"": ""race"", ""label"": ""race"", ""value"": ""white"", ""unit"": """"}, {""key"": ""dzgroup"", ""label"": ""primary disease group"", ""value"": ""CHF"", ""unit"": """"}, {""key"": ""dzclass"", ""label"": ""disease class"", ""value"": ""COPD/CHF/Cirrhosis"", ""unit"": """"}, {""key"": ""num.co"", ""label"": ""number of comorbidities"", ""value"": ""2"", ""unit"": """"}, {""key"": ""ca"", ""label"": ""cancer status"", ""value"": ""no"", ""unit"": """"}, {""key"": ""diabetes"", ""label"": ""diabetes"", ""value"": ""no"", ""unit"": """"}, {""key"": ""dementia"", ""label"": ""dementia"", ""value"": ""no"", ""unit"": """"}, {""key"": ""scoma"", ""label"": ""SUPPORT coma score"", ""value"": ""0"", ""unit"": """"}, {""key"": ""adls"", ""label"": ""activities of daily living"", ""value"": ""1"", ""unit"": """"}, {""key"": ""hday"", ""label"": ""day of hospital stay at enrolment"", ""value"": ""1"", ""unit"": """"}, {""key"": ""meanbp"", ""label"": ""mean arterial pressure"", ""value"": ""111"", ""unit"": ""mmHg""}, {""key"": ""hrt"", ""label"": ""heart rate"", ""value"": ""60"", ""unit"": ""bpm""}, {""key"": ""resp"", ""label"": ""respiratory rate"", ""value"": ""32"", ""unit"": ""breaths/min""}, {""key"": ""temp"", ""label"": ""temperature"", ""value"": ""36.8"", ""unit"": ""C""}, {""key"": ""wblc"", ""label"": ""white blood cell count"", ""value"": ""6.9"", ""unit"": ""10^3/uL""}, {""key"": ""alb"", ""label"": ""serum albumin"", ""value"": ""3.8"", ""unit"": ""g/dL""}, {""key"": ""bili"", ""label"": ""bilirubin"", ""value"": ""0.6"", ""unit"": ""mg/dL""}, {""key"": ""crea"", ""label"": ""serum creatinine"", ""value"": ""1.6"", ""unit"": ""mg/dL""}, {""key"": ""sod"", ""label"": ""serum sodium"", ""value"": ""142"", ""unit"": ""mEq/L""}], ""absent"": [{""key"": ""pafi"", ""label"": ""PaO2/FiO2 ratio""}, {""key"": ""ph"", ""label"": ""arterial pH""}, {""key"": ""glucose"", ""label"": ""serum glucose""}, {""key"": ""bun"", ""label"": ""blood urea nitrogen""}, {""key"": ""urine"", ""label"": ""urine output""}], ""stem"": ""Will this patient survive to hospital discharge?"", ""header"": ""Patient record:"", ""target"": ""hospdead"", ""source"": ""support2""}"
support2-32,support2-32,text,Survives to hospital discharge,,,"Patient record:
- age: 55.73 years
- sex: male
- race: hispanic
- primary disease group: Cirrhosis
- disease class: COPD/CHF/Cirrhosis
- number of comorbidities: 2
- cancer status: no
- diabetes: no
- dementia: no
- SUPPORT coma score: 0
- activities of daily living: 6
- day of hospital stay at enrolment: 1
- mean arterial pressure: 121 mmHg
- heart rate: 118 bpm
- respiratory rate: 18 breaths/min
- temperature: 37.4 C
- white blood cell count: 19.7 10^3/uL
- PaO2/FiO2 ratio: 404.75
- serum albumin: 2.2 g/dL
- bilirubin: 0.9 mg/dL
- serum creatinine: 0.8 mg/dL
- serum sodium: 117 mEq/L
- arterial pH: 7.38

Will this patient survive to hospital discharge?","[""Survives to hospital discharge"", ""Dies in hospital""]",0,"{""fields"": [{""key"": ""age"", ""label"": ""age"", ""value"": ""55.73"", ""unit"": ""years""}, {""key"": ""sex"", ""label"": ""sex"", ""value"": ""male"", ""unit"": """"}, {""key"": ""race"", ""label"": ""race"", ""value"": ""hispanic"", ""unit"": """"}, {""key"": ""dzgroup"", ""label"": ""primary disease group"", ""value"": ""Cirrhosis"", ""unit"": """"}, {""key"": ""dzclass"", ""label"": ""disease class"", ""value"": ""COPD/CHF/Cirrhosis"", ""unit"": """"}, {""key"": ""num.co"", ""label"": ""number of comorbidities"", ""value"": ""2"", ""unit"": """"}, {""key"": ""ca"", ""label"": ""cancer status"", ""value"": ""no"", ""unit"": """"}, {""key"": ""diabetes"", ""label"": ""diabetes"", ""value"": ""no"", ""unit"": """"}, {""key"": ""dementia"", ""label"": ""dementia"", ""value"": ""no"", ""unit"": """"}, {""key"": ""scoma"", ""label"": ""SUPPORT coma score"", ""value"": ""0"", ""unit"": """"}, {""key"": ""adls"", ""label"": ""activities of daily living"", ""value"": ""6"", ""unit"": """"}, {""key"": ""hday"", ""label"": ""day of hospital stay at enrolment"", ""value"": ""1"", ""unit"": """"}, {""key"": ""meanbp"", ""label"": ""mean arterial pressure"", ""value"": ""121"", ""unit"": ""mmHg""}, {""key"": ""hrt"", ""label"": ""heart rate"", ""value"": ""118"", ""unit"": ""bpm""}, {""key"": ""resp"", ""label"": ""respiratory rate"", ""value"": ""18"", ""unit"": ""breaths/min""}, {""key"": ""temp"", ""label"": ""temperature"", ""value"": ""37.4"", ""unit"": ""C""}, {""key"": ""wblc"", ""label"": ""white blood cell count"", ""value"": ""19.7"", ""unit"": ""10^3/uL""}, {""key"": ""pafi"", ""label"": ""PaO2/FiO2 ratio"", ""value"": ""404.75"", ""unit"": """"}, {""key"": ""alb"", ""label"": ""serum albumin"", ""value"": ""2.2"", ""unit"": ""g/dL""}, {""key"": ""bili"", ""label"": ""bilirubin"", ""value"": ""0.9"", ""unit"": ""mg/dL""}, {""key"": ""crea"", ""label"": ""serum creatinine"", ""value"": ""0.8"", ""unit"": ""mg/dL""}, {""key"": ""sod"", ""label"": ""serum sodium"", ""value"": ""117"", ""unit"": ""mEq/L""}, {""key"": ""ph"", ""label"": ""arterial pH"", ""value"": ""7.38"", ""unit"": """"}], ""absent"": [{""key"": ""glucose"", ""label"": ""serum glucose""}, {""key"": ""bun"", ""label"": ""blood urea nitrogen""}, {""key"": ""urine"", ""label"": ""urine output""}], ""stem"": ""Will this patient survive to hospital discharge?"", ""header"": ""Patient record:"", ""target"": ""hospdead"", ""source"": ""support2""}"
support2-33,support2-33,text,Survives to hospital discharge,,,"Patient record:
- age: 77.21 years
- sex: female
- race: hispanic
- primary disease group: COPD
- disease class: COPD/CHF/Cirrhosis
- number of comorbidities: 2
- cancer status: no
- diabetes: no
- dementia: no
- SUPPORT coma score: 0
- activities of daily living: 7
- day of hospital stay at enrolment: 1
- mean arterial pressure: 113 mmHg
- heart rate: 93 bpm
- respiratory rate: 25 breaths/min
- temperature: 36.2 C
- white blood cell count: 8.3 10^3/uL
- PaO2/FiO2 ratio: 250
- serum creatinine: 2.1 mg/dL
- serum sodium: 145 mEq/L
- arterial pH: 7.27

Will this patient survive to hospital discharge?","[""Survives to hospital discharge"", ""Dies in hospital""]",0,"{""fields"": [{""key"": ""age"", ""label"": ""age"", ""value"": ""77.21"", ""unit"": ""years""}, {""key"": ""sex"", ""label"": ""sex"", ""value"": ""female"", ""unit"": """"}, {""key"": ""race"", ""label"": ""race"", ""value"": ""hispanic"", ""unit"": """"}, {""key"": ""dzgroup"", ""label"": ""primary disease group"", ""value"": ""COPD"", ""unit"": """"}, {""key"": ""dzclass"", ""label"": ""disease class"", ""value"": ""COPD/CHF/Cirrhosis"", ""unit"": """"}, {""key"": ""num.co"", ""label"": ""number of comorbidities"", ""value"": ""2"", ""unit"": """"}, {""key"": ""ca"", ""label"": ""cancer status"", ""value"": ""no"", ""unit"": """"}, {""key"": ""diabetes"", ""label"": ""diabetes"", ""value"": ""no"", ""unit"": """"}, {""key"": ""dementia"", ""label"": ""dementia"", ""value"": ""no"", ""unit"": """"}, {""key"": ""scoma"", ""label"": ""SUPPORT coma score"", ""value"": ""0"", ""unit"": """"}, {""key"": ""adls"", ""label"": ""activities of daily living"", ""value"": ""7"", ""unit"": """"}, {""key"": ""hday"", ""label"": ""day of hospital stay at enrolment"", ""value"": ""1"", ""unit"": """"}, {""key"": ""meanbp"", ""label"": ""mean arterial pressure"", ""value"": ""113"", ""unit"": ""mmHg""}, {""key"": ""hrt"", ""label"": ""heart rate"", ""value"": ""93"", ""unit"": ""bpm""}, {""key"": ""resp"", ""label"": ""respiratory rate"", ""value"": ""25"", ""unit"": ""breaths/min""}, {""key"": ""temp"", ""label"": ""temperature"", ""value"": ""36.2"", ""unit"": ""C""}, {""key"": ""wblc"", ""label"": ""white blood cell count"", ""value"": ""8.3"", ""unit"": ""10^3/uL""}, {""key"": ""pafi"", ""label"": ""PaO2/FiO2 ratio"", ""value"": ""250"", ""unit"": """"}, {""key"": ""crea"", ""label"": ""serum creatinine"", ""value"": ""2.1"", ""unit"": ""mg/dL""}, {""key"": ""sod"", ""label"": ""serum sodium"", ""value"": ""145"", ""unit"": ""mEq/L""}, {""key"": ""ph"", ""label"": ""arterial pH"", ""value"": ""7.27"", ""unit"": """"}], ""absent"": [{""key"": ""alb"", ""label"": ""serum albumin""}, {""key"": ""bili"", ""label"": ""bilirubin""}, {""key"": ""glucose"", ""label"": ""serum glucose""}, {""key"": ""bun"", ""label"": ""blood urea nitrogen""}, {""key"": ""urine"", ""label"": ""urine output""}], ""stem"": ""Will this patient survive to hospital discharge?"", ""header"": ""Patient record:"", ""target"": ""hospdead"", ""source"": ""support2""}"
support2-34,support2-34,text,Dies in hospital,,,"Patient record:
- age: 61.02 years
- sex: female
- race: white
- primary disease group: ARF/MOSF w/Sepsis
- disease class: ARF/MOSF
- number of comorbidities: 1
- cancer status: no
- diabetes: no
- dementia: no
- SUPPORT coma score: 37
- day of hospital stay at enrolment: 1
- mean arterial pressure: 80 mmHg
- heart rate: 128 bpm
- respiratory rate: 30 breaths/min
- temperature: 38.5 C
- white blood cell count: 15.4 10^3/uL
- PaO2/FiO2 ratio: 217.5
- serum albumin: 2.3 g/dL
- bilirubin: 0.4 mg/dL
- serum creatinine: 2.4 mg/dL
- serum sodium: 143 mEq/L
- arterial pH: 7.33

Will this patient survive to hospital discharge?","[""Survives to hospital discharge"", ""Dies in hospital""]",1,"{""fields"": [{""key"": ""age"", ""label"": ""age"", ""value"": ""61.02"", ""unit"": ""years""}, {""key"": ""sex"", ""label"": ""sex"", ""value"": ""female"", ""unit"": """"}, {""key"": ""race"", ""label"": ""race"", ""value"": ""white"", ""unit"": """"}, {""key"": ""dzgroup"", ""label"": ""primary disease group"", ""value"": ""ARF/MOSF w/Sepsis"", ""unit"": """"}, {""key"": ""dzclass"", ""label"": ""disease class"", ""value"": ""ARF/MOSF"", ""unit"": """"}, {""key"": ""num.co"", ""label"": ""number of comorbidities"", ""value"": ""1"", ""unit"": """"}, {""key"": ""ca"", ""label"": ""cancer status"", ""value"": ""no"", ""unit"": """"}, {""key"": ""diabetes"", ""label"": ""diabetes"", ""value"": ""no"", ""unit"": """"}, {""key"": ""dementia"", ""label"": ""dementia"", ""value"": ""no"", ""unit"": """"}, {""key"": ""scoma"", ""label"": ""SUPPORT coma score"", ""value"": ""37"", ""unit"": """"}, {""key"": ""hday"", ""label"": ""day of hospital stay at enrolment"", ""value"": ""1"", ""unit"": """"}, {""key"": ""meanbp"", ""label"": ""mean arterial pressure"", ""value"": ""80"", ""unit"": ""mmHg""}, {""key"": ""hrt"", ""label"": ""heart rate"", ""value"": ""128"", ""unit"": ""bpm""}, {""key"": ""resp"", ""label"": ""respiratory rate"", ""value"": ""30"", ""unit"": ""breaths/min""}, {""key"": ""temp"", ""label"": ""temperature"", ""value"": ""38.5"", ""unit"": ""C""}, {""key"": ""wblc"", ""label"": ""white blood cell count"", ""value"": ""15.4"", ""unit"": ""10^3/uL""}, {""key"": ""pafi"", ""label"": ""PaO2/FiO2 ratio"", ""value"": ""217.5"", ""unit"": """"}, {""key"": ""alb"", ""label"": ""serum albumin"", ""value"": ""2.3"", ""unit"": ""g/dL""}, {""key"": ""bili"", ""label"": ""bilirubin"", ""value"": ""0.4"", ""unit"": ""mg/dL""}, {""key"": ""crea"", ""label"": ""serum creatinine"", ""value"": ""2.4"", ""unit"": ""mg/dL""}, {""key"": ""sod"", ""label"": ""serum sodium"", ""value"": ""143"", ""unit"": ""mEq/L""}, {""key"": ""ph"", ""label"": ""arterial pH"", ""value"": ""7.33"", ""unit"": """"}], ""absent"": [{""key"": ""adls"", ""label"": ""activities of daily living""}, {""key"": ""glucose"", ""label"": ""serum glucose""}, {""key"": ""bun"", ""label"": ""blood urea nitrogen""}, {""key"": ""urine"", ""label"": ""urine output""}], ""stem"": ""Will this patient survive to hospital discharge?"", ""header"": ""Patient record:"", ""target"": ""hospdead"", ""source"": ""support2""}"
support2-35,support2-35,text,Survives to hospital discharge,,,"Patient record:
- age: 56.49 years
- sex: female
- race: hispanic
- primary disease group: CHF
- disease class: COPD/CHF/Cirrhosis
- number of comorbidities: 1
- cancer status: no
- diabetes: no
- dementia: no
- SUPPORT coma score: 0
- day of hospital stay at enrolment: 4
- mean arterial pressure: 38 mmHg
- heart rate: 92 bpm
- respiratory rate: 20 breaths/min
- temperature: 36 C
- serum creatinine: 6 mg/dL
- serum sodium: 133 mEq/L

Will this patient survive to hospital discharge?","[""Survives to hospital discharge"", ""Dies in hospital""]",0,"{""fields"": [{""key"": ""age"", ""label"": ""age"", ""value"": ""56.49"", ""unit"": ""years""}, {""key"": ""sex"", ""label"": ""sex"", ""value"": ""female"", ""unit"": """"}, {""key"": ""race"", ""label"": ""race"", ""value"": ""hispanic"", ""unit"": """"}, {""key"": ""dzgroup"", ""label"": ""primary disease group"", ""value"": ""CHF"", ""unit"": """"}, {""key"": ""dzclass"", ""label"": ""disease class"", ""value"": ""COPD/CHF/Cirrhosis"", ""unit"": """"}, {""key"": ""num.co"", ""label"": ""number of comorbidities"", ""value"": ""1"", ""unit"": """"}, {""key"": ""ca"", ""label"": ""cancer status"", ""value"": ""no"", ""unit"": """"}, {""key"": ""diabetes"", ""label"": ""diabetes"", ""value"": ""no"", ""unit"": """"}, {""key"": ""dementia"", ""label"": ""dementia"", ""value"": ""no"", ""unit"": """"}, {""key"": ""scoma"", ""label"": ""SUPPORT coma score"", ""value"": ""0"", ""unit"": """"}, {""key"": ""hday"", ""label"": ""day of hospital stay at enrolment"", ""value"": ""4"", ""unit"": """"}, {""key"": ""meanbp"", ""label"": ""mean arterial pressure"", ""value"": ""38"", ""unit"": ""mmHg""}, {""key"": ""hrt"", ""label"": ""heart rate"", ""value"": ""92"", ""unit"": ""bpm""}, {""key"": ""resp"", ""label"": ""respiratory rate"", ""value"": ""20"", ""unit"": ""breaths/min""}, {""key"": ""temp"", ""label"": ""temperature"", ""value"": ""36"", ""unit"": ""C""}, {""key"": ""crea"", ""label"": ""serum creatinine"", ""value"": ""6"", ""unit"": ""mg/dL""}, {""key"": ""sod"", ""label"": ""serum sodium"", ""value"": ""133"", ""unit"": ""mEq/L""}], ""absent"": [{""key"": ""adls"", ""label"": ""activities of daily living""}, {""key"": ""wblc"", ""label"": ""white blood cell count""}, {""key"": ""pafi"", ""label"": ""PaO2/FiO2 ratio""}, {""key"": ""alb"", ""label"": ""serum albumin""}, {""key"": ""bili"", ""label"": ""bilirubin""}, {""key"": ""ph"", ""label"": ""arterial pH""}, {""key"": ""glucose"", ""label"": ""serum glucose""}, {""key"": ""bun"", ""label"": ""blood urea nitrogen""}, {""key"": ""urine"", ""label"": ""urine output""}], ""stem"": ""Will this patient survive to hospital discharge?"", ""header"": ""Patient record:"", ""target"": ""hospdead"", ""source"": ""support2""}"
support2-36,support2-36,text,Survives to hospital discharge,,,"Patient record:
- age: 57.53 years
- sex: female
- race: hispanic
- primary disease group: Cirrhosis
- disease class: COPD/CHF/Cirrhosis
- number of comorbidities: 1
- cancer status: no
- diabetes: no
- dementia: no
- SUPPORT coma score: 0
- day of hospital stay at enrolment: 1
- mean arterial pressure: 77 mmHg
- heart rate: 92 bpm
- respiratory rate: 18 breaths/min
- temperature: 37.59 C
- white blood cell count: 12.2 10^3/uL
- PaO2/FiO2 ratio: 552.38
- serum albumin: 2.5 g/dL
- bilirubin: 23.6 mg/dL
- serum creatinine: 0.9 mg/dL
- serum sodium: 132 mEq/L
- arterial pH: 7.44

Will this patient survive to hospital discharge?","[""Survives to hospital discharge"", ""Dies in hospital""]",0,"{""fields"": [{""key"": ""age"", ""label"": ""age"", ""value"": ""57.53"", ""unit"": ""years""}, {""key"": ""sex"", ""label"": ""sex"", ""value"": ""female"", ""unit"": """"}, {""key"": ""race"", ""label"": ""race"", ""value"": ""hispanic"", ""unit"": """"}, {""key"": ""dzgroup"", ""label"": ""primary disease group"", ""value"": ""Cirrhosis"", ""unit"": """"}, {""key"": ""dzclass"", ""label"": ""disease class"", ""value"": ""COPD/CHF/Cirrhosis"", ""unit"": """"}, {""key"": ""num.co"", ""label"": ""number of comorbidities"", ""value"": ""1"", ""unit"": """"}, {""key"": ""ca"", ""label"": ""cancer status"", ""value"": ""no"", ""unit"": """"}, {""key"": ""diabetes"", ""label"": ""diabetes"", ""value"": ""no"", ""unit"": """"}, {""key"": ""dementia"", ""label"": ""dementia"", ""value"": ""no"", ""unit"": """"}, {""key"": ""scoma"", ""label"": ""SUPPORT coma score"", ""value"": ""0"", ""unit"": """"}, {""key"": ""hday"", ""label"": ""day of hospital stay at enrolment"", ""value"": ""1"", ""unit"": """"}, {""key"": ""meanbp"", ""label"": ""mean arterial pressure"", ""value"": ""77"", ""unit"": ""mmHg""}, {""key"": ""hrt"", ""label"": ""heart rate"", ""value"": ""92"", ""unit"": ""bpm""}, {""key"": ""resp"", ""label"": ""respiratory rate"", ""value"": ""18"", ""unit"": ""breaths/min""}, {""key"": ""temp"", ""label"": ""temperature"", ""value"": ""37.59"", ""unit"": ""C""}, {""key"": ""wblc"", ""label"": ""white blood cell count"", ""value"": ""12.2"", ""unit"": ""10^3/uL""}, {""key"": ""pafi"", ""label"": ""PaO2/FiO2 ratio"", ""value"": ""552.38"", ""unit"": """"}, {""key"": ""alb"", ""label"": ""serum albumin"", ""value"": ""2.5"", ""unit"": ""g/dL""}, {""key"": ""bili"", ""label"": ""bilirubin"", ""value"": ""23.6"", ""unit"": ""mg/dL""}, {""key"": ""crea"", ""label"": ""serum creatinine"", ""value"": ""0.9"", ""unit"": ""mg/dL""}, {""key"": ""sod"", ""label"": ""serum sodium"", ""value"": ""132"", ""unit"": ""mEq/L""}, {""key"": ""ph"", ""label"": ""arterial pH"", ""value"": ""7.44"", ""unit"": """"}], ""absent"": [{""key"": ""adls"", ""label"": ""activities of daily living""}, {""key"": ""glucose"", ""label"": ""serum glucose""}, {""key"": ""bun"", ""label"": ""blood urea nitrogen""}, {""key"": ""urine"", ""label"": ""urine output""}], ""stem"": ""Will this patient survive to hospital discharge?"", ""header"": ""Patient record:"", ""target"": ""hospdead"", ""source"": ""support2""}"
support2-37,support2-37,text,Survives to hospital discharge,,,"Patient record:
- age: 68.99 years
- sex: female
- race: white
- primary disease group: COPD
- disease class: COPD/CHF/Cirrhosis
- number of comorbidities: 1
- cancer status: no
- diabetes: no
- dementia: no
- SUPPORT coma score: 0
- activities of daily living: 0
- day of hospital stay at enrolment: 1
- mean arterial pressure: 76 mmHg
- heart rate: 78 bpm
- respiratory rate: 26 breaths/min
- temperature: 36.59 C
- PaO2/FiO2 ratio: 280.94
- serum albumin: 4 g/dL
- serum creatinine: 0.8 mg/dL
- serum sodium: 142 mEq/L
- arterial pH: 7.36

Will this patient survive to hospital discharge?","[""Survives to hospital discharge"", ""Dies in hospital""]",0,"{""fields"": [{""key"": ""age"", ""label"": ""age"", ""value"": ""68.99"", ""unit"": ""years""}, {""key"": ""sex"", ""label"": ""sex"", ""value"": ""female"", ""unit"": """"}, {""key"": ""race"", ""label"": ""race"", ""value"": ""white"", ""unit"": """"}, {""key"": ""dzgroup"", ""label"": ""primary disease group"", ""value"": ""COPD"", ""unit"": """"}, {""key"": ""dzclass"", ""label"": ""disease class"", ""value"": ""COPD/CHF/Cirrhosis"", ""unit"": """"}, {""key"": ""num.co"", ""label"": ""number of comorbidities"", ""value"": ""1"", ""unit"": """"}, {""key"": ""ca"", ""label"": ""cancer status"", ""value"": ""no"", ""unit"": """"}, {""key"": ""diabetes"", ""label"": ""diabetes"", ""value"": ""no"", ""unit"": """"}, {""key"": ""dementia"", ""label"": ""dementia"", ""value"": ""no"", ""unit"": """"}, {""key"": ""scoma"", ""label"": ""SUPPORT coma score"", ""value"": ""0"", ""unit"": """"}, {""key"": ""adls"", ""label"": ""activities of daily living"", ""value"": ""0"", ""unit"": """"}, {""key"": ""hday"", ""label"": ""day of hospital stay at enrolment"", ""value"": ""1"", ""unit"": """"}, {""key"": ""meanbp"", ""label"": ""mean arterial pressure"", ""value"": ""76"", ""unit"": ""mmHg""}, {""key"": ""hrt"", ""label"": ""heart rate"", ""value"": ""78"", ""unit"": ""bpm""}, {""key"": ""resp"", ""label"": ""respiratory rate"", ""value"": ""26"", ""unit"": ""breaths/min""}, {""key"": ""temp"", ""label"": ""temperature"", ""value"": ""36.59"", ""unit"": ""C""}, {""key"": ""pafi"", ""label"": ""PaO2/FiO2 ratio"", ""value"": ""280.94"", ""unit"": """"}, {""key"": ""alb"", ""label"": ""serum albumin"", ""value"": ""4"", ""unit"": ""g/dL""}, {""key"": ""crea"", ""label"": ""serum creatinine"", ""value"": ""0.8"", ""unit"": ""mg/dL""}, {""key"": ""sod"", ""label"": ""serum sodium"", ""value"": ""142"", ""unit"": ""mEq/L""}, {""key"": ""ph"", ""label"": ""arterial pH"", ""value"": ""7.36"", ""unit"": """"}], ""absent"": [{""key"": ""wblc"", ""label"": ""white blood cell count""}, {""key"": ""bili"", ""label"": ""bilirubin""}, {""key"": ""glucose"", ""label"": ""serum glucose""}, {""key"": ""bun"", ""label"": ""blood urea nitrogen""}, {""key"": ""urine"", ""label"": ""urine output""}], ""stem"": ""Will this patient survive to hospital discharge?"", ""header"": ""Patient record:"", ""target"": ""hospdead"", ""source"": ""support2""}"
support2-38,support2-38,text,Survives to hospital discharge,,,"Patient record:
- age: 41.98 years
- sex: male
- race: white
- primary disease group: CHF
- disease class: COPD/CHF/Cirrhosis
- number of comorbidities: 1
- cancer status: no
- diabetes: no
- dementia: no
- SUPPORT coma score: 0
- activities of daily living: 0
- day of hospital stay at enrolment: 1
- mean arterial pressure: 120 mmHg
- heart rate: 86 bpm
- respiratory rate: 22 breaths/min
- temperature: 37.5 C
- white blood cell count: 8.4 10^3/uL
- PaO2/FiO2 ratio: 295.19
- serum creatinine: 1.8 mg/dL
- serum sodium: 129 mEq/L
- arterial pH: 7.5

Will this patient survive to hospital discharge?","[""Survives to hospital discharge"", ""Dies in hospital""]",0,"{""fields"": [{""key"": ""age"", ""label"": ""age"", ""value"": ""41.98"", ""unit"": ""years""}, {""key"": ""sex"", ""label"": ""sex"", ""value"": ""male"", ""unit"": """"}, {""key"": ""race"", ""label"": ""race"", ""value"": ""white"", ""unit"": """"}, {""key"": ""dzgroup"", ""label"": ""primary disease group"", ""value"": ""CHF"", ""unit"": """"}, {""key"": ""dzclass"", ""label"": ""disease class"", ""value"": ""COPD/CHF/Cirrhosis"", ""unit"": """"}, {""key"": ""num.co"", ""label"": ""number of comorbidities"", ""value"": ""1"", ""unit"": """"}, {""key"": ""ca"", ""label"": ""cancer status"", ""value"": ""no"", ""unit"": """"}, {""key"": ""diabetes"", ""label"": ""diabetes"", ""value"": ""no"", ""unit"": """"}, {""key"": ""dementia"", ""label"": ""dementia"", ""value"": ""no"", ""unit"": """"}, {""key"": ""scoma"", ""label"": ""SUPPORT coma score"", ""value"": ""0"", ""unit"": """"}, {""key"": ""adls"", ""label"": ""activities of daily living"", ""value"": ""0"", ""unit"": """"}, {""key"": ""hday"", ""label"": ""day of hospital stay at enrolment"", ""value"": ""1"", ""unit"": """"}, {""key"": ""meanbp"", ""label"": ""mean arterial pressure"", ""value"": ""120"", ""unit"": ""mmHg""}, {""key"": ""hrt"", ""label"": ""heart rate"", ""value"": ""86"", ""unit"": ""bpm""}, {""key"": ""resp"", ""label"": ""respiratory rate"", ""value"": ""22"", ""unit"": ""breaths/min""}, {""key"": ""temp"", ""label"": ""temperature"", ""value"": ""37.5"", ""unit"": ""C""}, {""key"": ""wblc"", ""label"": ""white blood cell count"", ""value"": ""8.4"", ""unit"": ""10^3/uL""}, {""key"": ""pafi"", ""label"": ""PaO2/FiO2 ratio"", ""value"": ""295.19"", ""unit"": """"}, {""key"": ""crea"", ""label"": ""serum creatinine"", ""value"": ""1.8"", ""unit"": ""mg/dL""}, {""key"": ""sod"", ""label"": ""serum sodium"", ""value"": ""129"", ""unit"": ""mEq/L""}, {""key"": ""ph"", ""label"": ""arterial pH"", ""value"": ""7.5"", ""unit"": """"}], ""absent"": [{""key"": ""alb"", ""label"": ""serum albumin""}, {""key"": ""bili"", ""label"": ""bilirubin""}, {""key"": ""glucose"", ""label"": ""serum glucose""}, {""key"": ""bun"", ""label"": ""blood urea nitrogen""}, {""key"": ""urine"", ""label"": ""urine output""}], ""stem"": ""Will this patient survive to hospital discharge?"", ""header"": ""Patient record:"", ""target"": ""hospdead"", ""source"": ""support2""}"
support2-39,support2-39,text,Survives to hospital discharge,,,"Patient record:
- age: 19.79 years
- sex: male
- race: black
- primary disease group: ARF/MOSF w/Sepsis
- disease class: ARF/MOSF
- number of comorbidities: 0
- cancer status: no
- diabetes: no
- dementia: no
- SUPPORT coma score: 0
- activities of daily living: 0
- day of hospital stay at enrolment: 4
- mean arterial pressure: 83 mmHg
- heart rate: 52 bpm
- respiratory rate: 6 breaths/min
- temperature: 39 C
- white blood cell count: 9.6 10^3/uL
- PaO2/FiO2 ratio: 310
- serum sodium: 131 mEq/L
- arterial pH: 7.44

Will this patient survive to hospital discharge?","[""Survives to hospital discharge"", ""Dies in hospital""]",0,"{""fields"": [{""key"": ""age"", ""label"": ""age"", ""value"": ""19.79"", ""unit"": ""years""}, {""key"": ""sex"", ""label"": ""sex"", ""value"": ""male"", ""unit"": """"}, {""key"": ""race"", ""label"": ""race"", ""value"": ""black"", ""unit"": """"}, {""key"": ""dzgroup"", ""label"": ""primary disease group"", ""value"": ""ARF/MOSF w/Sepsis"", ""unit"": """"}, {""key"": ""dzclass"", ""label"": ""disease class"", ""value"": ""ARF/MOSF"", ""unit"": """"}, {""key"": ""num.co"", ""label"": ""number of comorbidities"", ""value"": ""0"", ""unit"": """"}, {""key"": ""ca"", ""label"": ""cancer status"", ""value"": ""no"", ""unit"": """"}, {""key"": ""diabetes"", ""label"": ""diabetes"", ""value"": ""no"", ""unit"": """"}, {""key"": ""dementia"", ""label"": ""dementia"", ""value"": ""no"", ""unit"": """"}, {""key"": ""scoma"", ""label"": ""SUPPORT coma score"", ""value"": ""0"", ""unit"": """"}, {""key"": ""adls"", ""label"": ""activities of daily living"", ""value"": ""0"", ""unit"": """"}, {""key"": ""hday"", ""label"": ""day of hospital stay at enrolment"", ""value"": ""4"", ""unit"": """"}, {""key"": ""meanbp"", ""label"": ""mean arterial pressure"", ""value"": ""83"", ""unit"": ""mmHg""}, {""key"": ""hrt"", ""label"": ""heart rate"", ""value"": ""52"", ""unit"": ""bpm""}, {""key"": ""resp"", ""label"": ""respiratory rate"", ""value"": ""6"", ""unit"": ""breaths/min""}, {""key"": ""temp"", ""label"": ""temperature"", ""value"": ""39"", ""unit"": ""C""}, {""key"": ""wblc"", ""label"": ""white blood cell count"", ""value"": ""9.6"", ""unit"": ""10^3/uL""}, {""key"": ""pafi"", ""label"": ""PaO2/FiO2 ratio"", ""value"": ""310"", ""unit"": """"}, {""key"": ""sod"", ""label"": ""serum sodium"", ""value"": ""131"", ""unit"": ""mEq/L""}, {""key"": ""ph"", ""label"": ""arterial pH"", ""value"": ""7.44"", ""unit"": """"}], ""absent"": [{""key"": ""alb"", ""label"": ""serum albumin""}, {""key"": ""bili"", ""label"": ""bilirubin""}, {""key"": ""crea"", ""label"": ""serum creatinine""}, {""key"": ""glucose"", ""label"": ""serum glucose""}, {""key"": ""bun"", ""label"": ""blood urea nitrogen""}, {""key"": ""urine"", ""label"": ""urine output""}], ""stem"": ""Will this patient survive to hospital discharge?"", ""header"": ""Patient record:"", ""target"": ""hospdead"", ""source"": ""support2""}"
support2-4,support2-4,text,Survives to hospital discharge,,,"Patient record:
- age: 42.38 years
- sex: female
- race: white
- primary disease group: Lung Cancer
- disease class: Cancer
- number of comorbidities: 2
- cancer status: metastatic
- diabetes: no
- dementia: no
- SUPPORT coma score: 0
- activities of daily living: 0
- day of hospital stay at enrolment: 1
- mean arterial pressure: 75 mmHg
- heart rate: 88 bpm
- respiratory rate: 32 breaths/min
- temperature: 35 C
- white blood cell count: 9.1 10^3/uL
- serum creatinine: 0.8 mg/dL
- serum sodium: 139 mEq/L

Will this patient survive to hospital discharge?","[""Survives to hospital discharge"", ""Dies in hospital""]",0,"{""fields"": [{""key"": ""age"", ""label"": ""age"", ""value"": ""42.38"", ""unit"": ""years""}, {""key"": ""sex"", ""label"": ""sex"", ""value"": ""female"", ""unit"": """"}, {""key"": ""race"", ""label"": ""race"", ""value"": ""white"", ""unit"": """"}, {""key"": ""dzgroup"", ""label"": ""primary disease group"", ""value"": ""Lung Cancer"", ""unit"": """"}, {""key"": ""dzclass"", ""label"": ""disease class"", ""value"": ""Cancer"", ""unit"": """"}, {""key"": ""num.co"", ""label"": ""number of comorbidities"", ""value"": ""2"", ""unit"": """"}, {""key"": ""ca"", ""label"": ""cancer status"", ""value"": ""metastatic"", ""unit"": """"}, {""key"": ""diabetes"", ""label"": ""diabetes"", ""value"": ""no"", ""unit"": """"}, {""key"": ""dementia"", ""label"": ""dementia"", ""value"": ""no"", ""unit"": """"}, {""key"": ""scoma"", ""label"": ""SUPPORT coma score"", ""value"": ""0"", ""unit"": """"}, {""key"": ""adls"", ""label"": ""activities of daily living"", ""value"": ""0"", ""unit"": """"}, {""key"": ""hday"", ""label"": ""day of hospital stay at enrolment"", ""value"": ""1"", ""unit"": """"}, {""key"": ""meanbp"", ""label"": ""mean arterial pressure"", ""value"": ""75"", ""unit"": ""mmHg""}, {""key"": ""hrt"", ""label"": ""heart rate"", ""value"": ""88"", ""unit"": ""bpm""}, {""key"": ""resp"", ""label"": ""respiratory rate"", ""value"": ""32"", ""unit"": ""breaths/min""}, {""key"": ""temp"", ""label"": ""temperature"", ""value"": ""35"", ""unit"": ""C""}, {""key"": ""wblc"", ""label"": ""white blood cell count"", ""value"": ""9.1"", ""unit"": ""10^3/uL""}, {""key"": ""crea"", ""label"": ""serum creatinine"", ""value"": ""0.8"", ""unit"": ""mg/dL""}, {""key"": ""sod"", ""label"": ""serum sodium"", ""value"": ""139"", ""unit"": ""mEq/L""}], ""absent"": [{""key"": ""pafi"", ""label"": ""PaO2/FiO2 ratio""}, {""key"": ""alb"", ""label"": ""serum albumin""}, {""key"": ""bili"", ""label"": ""bilirubin""}, {""key"": ""ph"", ""label"": ""arterial pH""}, {""key"": ""glucose"", ""label"": ""serum glucose""}, {""key"": ""bun"", ""label"": ""blood urea nitrogen""}, {""key"": ""urine"", ""label"": ""urine output""}], ""stem"": ""Will this patient survive to hospital discharge?"", ""header"": ""Patient record:"", ""target"": ""hospdead"", ""source"": ""support2""}"
support2-40,support2-40,text,Survives to hospital discharge,,,"Patient record:
- age: 57.51 years
- sex: female
- race: black
- primary disease group: CHF
- disease class: COPD/CHF/Cirrhosis
- number of comorbidities: 0
- cancer status: no
- diabetes: no
- dementia: no
- SUPPORT coma score: 0
- activities of daily living: 6
- day of hospital stay at enrolment: 1
- mean arterial pressure: 83 mmHg
- heart rate: 106 bpm
- respiratory rate: 24 breaths/min
- temperature: 36.8 C
- white blood cell count: 14.3 10^3/uL
- PaO2/FiO2 ratio: 280.94
- serum creatinine: 2.3 mg/dL
- serum sodium: 138 mEq/L
- arterial pH: 7.45

Will this patient survive to hospital discharge?","[""Survives to hospital discharge"", ""Dies in hospital""]",0,"{""fields"": [{""key"": ""age"", ""label"": ""age"", ""value"": ""57.51"", ""unit"": ""years""}, {""key"": ""sex"", ""label"": ""sex"", ""value"": ""female"", ""unit"": """"}, {""key"": ""race"", ""label"": ""race"", ""value"": ""black"", ""unit"": """"}, {""key"": ""dzgroup"", ""label"": ""primary disease group"", ""value"": ""CHF"", ""unit"": """"}, {""key"": ""dzclass"", ""label"": ""disease class"", ""value"": ""COPD/CHF/Cirrhosis"", ""unit"": """"}, {""key"": ""num.co"", ""label"": ""number of comorbidities"", ""value"": ""0"", ""unit"": """"}, {""key"": ""ca"", ""label"": ""cancer status"", ""value"": ""no"", ""unit"": """"}, {""key"": ""diabetes"", ""label"": ""diabetes"", ""value"": ""no"", ""unit"": """"}, {""key"": ""dementia"", ""label"": ""dementia"", ""value"": ""no"", ""unit"": """"}, {""key"": ""scoma"", ""label"": ""SUPPORT coma score"", ""value"": ""0"", ""unit"": """"}, {""key"": ""adls"", ""label"": ""activities of daily living"", ""value"": ""6"", ""unit"": """"}, {""key"": ""hday"", ""label"": ""day of hospital stay at enrolment"", ""value"": ""1"", ""unit"": """"}, {""key"": ""meanbp"", ""label"": ""mean arterial pressure"", ""value"": ""83"", ""unit"": ""mmHg""}, {""key"": ""hrt"", ""label"": ""heart rate"", ""value"": ""106"", ""unit"": ""bpm""}, {""key"": ""resp"", ""label"": ""respiratory rate"", ""value"": ""24"", ""unit"": ""breaths/min""}, {""key"": ""temp"", ""label"": ""temperature"", ""value"": ""36.8"", ""unit"": ""C""}, {""key"": ""wblc"", ""label"": ""white blood cell count"", ""value"": ""14.3"", ""unit"": ""10^3/uL""}, {""key"": ""pafi"", ""label"": ""PaO2/FiO2 ratio"", ""value"": ""280.94"", ""unit"": """"}, {""key"": ""crea"", ""label"": ""serum creatinine"", ""value"": ""2.3"", ""unit"": ""mg/dL""}, {""key"": ""sod"", ""label"": ""serum sodium"", ""value"": ""138"", ""unit"": ""mEq/L""}, {""key"": ""ph"", ""label"": ""arterial pH"", ""value"": ""7.45"", ""unit"": """"}], ""absent"": [{""key"": ""alb"", ""label"": ""serum albumin""}, {""key"": ""bili"", ""label"": ""bilirubin""}, {""key"": ""glucose"", ""label"": ""serum glucose""}, {""key"": ""bun"", ""label"": ""blood urea nitrogen""}, {""key"": ""urine"", ""label"": ""urine output""}], ""stem"": ""Will this patient survive to hospital discharge?"", ""header"": ""Patient record:"", ""target"": ""hospdead"", ""source"": ""support2""}"
support2-41,support2-41,text,Survives to hospital discharge,,,"Patient record:
- age: 73.41 years
- sex: male
- race: white
- primary disease group: Colon Cancer
- disease class: Cancer
- number of comorbidities: 1
- cancer status: metastatic
- diabetes: no
- dementia: no
- SUPPORT coma score: 0
- day of hospital stay at enrolment: 1
- mean arterial pressure: 71 mmHg
- heart rate: 76 bpm
- respiratory rate: 10 breaths/min
- temperature: 37 C
- white blood cell count: 16.5 10^3/uL
- serum albumin: 4 g/dL
- bilirubin: 0.6 mg/dL
- serum creatinine: 0.8 mg/dL
- serum sodium: 141 mEq/L

Will this patient survive to hospital discharge?","[""Survives to hospital discharge"", ""Dies in hospital""]",0,"{""fields"": [{""key"": ""age"", ""label"": ""age"", ""value"": ""73.41"", ""unit"": ""years""}, {""key"": ""sex"", ""label"": ""sex"", ""value"": ""male"", ""unit"": """"}, {""key"": ""race"", ""label"": ""race"", ""value"": ""white"", ""unit"": """"}, {""key"": ""dzgroup"", ""label"": ""primary disease group"", ""value"": ""Colon Cancer"", ""unit"": """"}, {""key"": ""dzclass"", ""label"": ""disease class"", ""value"": ""Cancer"", ""unit"": """"}, {""key"": ""num.co"", ""label"": ""number of comorbidities"", ""value"": ""1"", ""unit"": """"}, {""key"": ""ca"", ""label"": ""cancer status"", ""value"": ""metastatic"", ""unit"": """"}, {""key"": ""diabetes"", ""label"": ""diabetes"", ""value"": ""no"", ""unit"": """"}, {""key"": ""dementia"", ""label"": ""dementia"", ""value"": ""no"", ""unit"": """"}, {""key"": ""scoma"", ""label"": ""SUPPORT coma score"", ""value"": ""0"", ""unit"": """"}, {""key"": ""hday"", ""label"": ""day of hospital stay at enrolment"", ""value"": ""1"", ""unit"": """"}, {""key"": ""meanbp"", ""label"": ""mean arterial pressure"", ""value"": ""71"", ""unit"": ""mmHg""}, {""key"": ""hrt"", ""label"": ""heart rate"", ""value"": ""76"", ""unit"": ""bpm""}, {""key"": ""resp"", ""label"": ""respiratory rate"", ""value"": ""10"", ""unit"": ""breaths/min""}, {""key"": ""temp"", ""label"": ""temperature"", ""value"": ""37"", ""unit"": ""C""}, {""key"": ""wblc"", ""label"": ""white blood cell count"", ""value"": ""16.5"", ""unit"": ""10^3/uL""}, {""key"": ""alb"", ""label"": ""serum albumin"", ""value"": ""4"", ""unit"": ""g/dL""}, {""key"": ""bili"", ""label"": ""bilirubin"", ""value"": ""0.6"", ""unit"": ""mg/dL""}, {""key"": ""crea"", ""label"": ""serum creatinine"", ""value"": ""0.8"", ""unit"": ""mg/dL""}, {""key"": ""sod"", ""label"": ""serum sodium"", ""value"": ""141"", ""unit"": ""mEq/L""}], ""absent"": [{""key"": ""adls"", ""label"": ""activities of daily living""}, {""key"": ""pafi"", ""label"": ""PaO2/FiO2 ratio""}, {""key"": ""ph"", ""label"": ""arterial pH""}, {""key"": ""glucose"", ""label"": ""serum glucose""}, {""key"": ""bun"", ""label"": ""blood urea nitrogen""}, {""key"": ""urine"", ""label"": ""urine output""}], ""stem"": ""Will this patient survive to hospital discharge?"", ""header"": ""Patient record:"", ""target"": ""hospdead"", ""source"": ""support2""}"
support2-42,support2-42,text,Survives to hospital discharge,,,"Patient record:
- age: 68.32 years
- sex: male
- race: white
- primary disease group: Colon Cancer
- disease class: Cancer
- number of comorbidities: 1
- cancer status: metastatic
- diabetes: no
- dementia: no
- SUPPORT coma score: 0
- activities of daily living: 0
- day of hospital stay at enrolment: 1
- mean arterial pressure: 89 mmHg
- heart rate: 92 bpm
- respiratory rate: 18 breaths/min
- temperature: 39 C
- white blood cell count: 10.6 10^3/uL
- bilirubin: 0.5 mg/dL
- serum creatinine: 1 mg/dL
- serum sodium: 136 mEq/L

Will this patient survive to hospital discharge?","[""Survives to hospital discharge"", ""Dies in hospital""]",0,"{""fields"": [{""key"": ""age"", ""label"": ""age"", ""value"": ""68.32"", ""unit"": ""years""}, {""key"": ""sex"", ""label"": ""sex"", ""value"": ""male"", ""unit"": """"}, {""key"": ""race"", ""label"": ""race"", ""value"": ""white"", ""unit"": """"}, {""key"": ""dzgroup"", ""label"": ""primary disease group"", ""value"": ""Colon Cancer"", ""unit"": """"}, {""key"": ""dzclass"", ""label"": ""disease class"", ""value"": ""Cancer"", ""unit"": """"}, {""key"": ""num.co"", ""label"": ""number of comorbidities"", ""value"": ""1"", ""unit"": """"}, {""key"": ""ca"", ""label"": ""cancer status"", ""value"": ""metastatic"", ""unit"": """"}, {""key"": ""diabetes"", ""label"": ""diabetes"", ""value"": ""no"", ""unit"": """"}, {""key"": ""dementia"", ""label"": ""dementia"", ""value"": ""no"", ""unit"": """"}, {""key"": ""scoma"", ""label"": ""SUPPORT coma score"", ""value"": ""0"", ""unit"": """"}, {""key"": ""adls"", ""label"": ""activities of daily living"", ""value"": ""0"", ""unit"": """"}, {""key"": ""hday"", ""label"": ""day of hospital stay at enrolment"", ""value"": ""1"", ""unit"": """"}, {""key"": ""meanbp"", ""label"": ""mean arterial pressure"", ""value"": ""89"", ""unit"": ""mmHg""}, {""key"": ""hrt"", ""label"": ""heart rate"", ""value"": ""92"", ""unit"": ""bpm""}, {""key"": ""resp"", ""label"": ""respiratory rate"", ""value"": ""18"", ""unit"": ""breaths/min""}, {""key"": ""temp"", ""label"": ""temperature"", ""value"": ""39"", ""unit"": ""C""}, {""key"": ""wblc"", ""label"": ""white blood cell count"", ""value"": ""10.6"", ""unit"": ""10^3/uL""}, {""key"": ""bili"", ""label"": ""bilirubin"", ""value"": ""0.5"", ""unit"": ""mg/dL""}, {""key"": ""crea"", ""label"": ""serum creatinine"", ""value"": ""1"", ""unit"": ""mg/dL""}, {""key"": ""sod"", ""label"": ""serum sodium"", ""value"": ""136"", ""unit"": ""mEq/L""}], ""absent"": [{""key"": ""pafi"", ""label"": ""PaO2/FiO2 ratio""}, {""key"": ""alb"", ""label"": ""serum albumin""}, {""key"": ""ph"", ""label"": ""arterial pH""}, {""key"": ""glucose"", ""label"": ""serum glucose""}, {""key"": ""bun"", ""label"": ""blood urea nitrogen""}, {""key"": ""urine"", ""label"": ""urine output""}], ""stem"": ""Will this patient survive to hospital discharge?"", ""header"": ""Patient record:"", ""target"": ""hospdead"", ""source"": ""support2""}"
support2-43,support2-43,text,Dies in hospital,,,"Patient record:
- age: 75.79 years
- sex: female
- race: white
- primary disease group: ARF/MOSF w/Sepsis
- disease class: ARF/MOSF
- number of comorbidities: 1
- cancer status: no
- diabetes: no
- dementia: no
- SUPPORT coma score: 0
- day of hospital stay at enrolment: 8
- mean arterial pressure: 59 mmHg
- heart rate: 90 bpm
- respiratory rate: 22 breaths/min
- temperature: 37.5 C
- white blood cell count: 30.6 10^3/uL
- PaO2/FiO2 ratio: 70.91
- serum albumin: 1.9 g/dL
- bilirubin: 5.4 mg/dL
- serum creatinine: 2.7 mg/dL
- serum sodium: 128 mEq/L
- arterial pH: 7.33

Will this patient survive to hospital discharge?","[""Survives to hospital discharge"", ""Dies in hospital""]",1,"{""fields"": [{""key"": ""age"", ""label"": ""age"", ""value"": ""75.79"", ""unit"": ""years""}, {""key"": ""sex"", ""label"": ""sex"", ""value"": ""female"", ""unit"": """"}, {""key"": ""race"", ""label"": ""race"", ""value"": ""white"", ""unit"": """"}, {""key"": ""dzgroup"", ""label"": ""primary disease group"", ""value"": ""ARF/MOSF w/Sepsis"", ""unit"": """"}, {""key"": ""dzclass"", ""label"": ""disease class"", ""value"": ""ARF/MOSF"", ""unit"": """"}, {""key"": ""num.co"", ""label"": ""number of comorbidities"", ""value"": ""1"", ""unit"": """"}, {""key"": ""ca"", ""label"": ""cancer status"", ""value"": ""no"", ""unit"": """"}, {""key"": ""diabetes"", ""label"": ""diabetes"", ""value"": ""no"", ""unit"": """"}, {""key"": ""dementia"", ""label"": ""dementia"", ""value"": ""no"", ""unit"": """"}, {""key"": ""scoma"", ""label"": ""SUPPORT coma score"", ""value"": ""0"", ""unit"": """"}, {""key"": ""hday"", ""label"": ""day of hospital stay at enrolment"", ""value"": ""8"", ""unit"": """"}, {""key"": ""meanbp"", ""label"": ""mean arterial pressure"", ""value"": ""59"", ""unit"": ""mmHg""}, {""key"": ""hrt"", ""label"": ""heart rate"", ""value"": ""90"", ""unit"": ""bpm""}, {""key"": ""resp"", ""label"": ""respiratory rate"", ""value"": ""22"", ""unit"": ""breaths/min""}, {""key"": ""temp"", ""label"": ""temperature"", ""value"": ""37.5"", ""unit"": ""C""}, {""key"": ""wblc"", ""label"": ""white blood cell count"", ""value"": ""30.6"", ""unit"": ""10^3/uL""}, {""key"": ""pafi"", ""label"": ""PaO2/FiO2 ratio"", ""value"": ""70.91"", ""unit"": """"}, {""key"": ""alb"", ""label"": ""serum albumin"", ""value"": ""1.9"", ""unit"": ""g/dL""}, {""key"": ""bili"", ""label"": ""bilirubin"", ""value"": ""5.4"", ""unit"": ""mg/dL""}, {""key"": ""crea"", ""label"": ""serum creatinine"", ""value"": ""2.7"", ""unit"": ""mg/dL""}, {""key"": ""sod"", ""label"": ""serum sodium"", ""value"": ""128"", ""unit"": ""mEq/L""}, {""key"": ""ph"", ""label"": ""arterial pH"", ""value"": ""7.33"", ""unit"": """"}], ""absent"": [{""key"": ""adls"", ""label"": ""activities of daily living""}, {""key"": ""glucose"", ""label"": ""serum glucose""}, {""key"": ""bun"", ""label"": ""blood urea nitrogen""}, {""key"": ""urine"", ""label"": ""urine output""}], ""stem"": ""Will this patient survive to hospital discharge?"", ""header"": ""Patient record:"", ""target"": ""hospdead"", ""source"": ""support2""}"
support2-44,support2-44,text,Survives to hospital discharge,,,"Patient record:
- age: 45.72 years
- sex: male
- race: white
- primary disease group: CHF
- disease class: COPD/CHF/Cirrhosis
- number of comorbidities: 1
- cancer status: no
- diabetes: no
- dementia: no
- SUPPORT coma score: 0
- activities of daily living: 0
- day of hospital stay at enrolment: 1
- mean arterial pressure: 57 mmHg
- heart rate: 96 bpm
- respiratory rate: 22 breaths/min
- temperature: 36 C
- white blood cell count: 12.3 10^3/uL
- PaO2/FiO2 ratio: 185
- serum albumin: 3.9 g/dL
- serum creatinine: 1.4 mg/dL
- serum sodium: 135 mEq/L
- arterial pH: 7.6

Will this patient survive to hospital discharge?","[""Survives to hospital discharge"", ""Dies in hospital""]",0,"{""fields"": [{""key"": ""age"", ""label"": ""age"", ""value"": ""45.72"", ""unit"": ""years""}, {""key"": ""sex"", ""label"": ""sex"", ""value"": ""male"", ""unit"": """"}, {""key"": ""race"", ""label"": ""race"", ""value"": ""white"", ""unit"": """"}, {""key"": ""dzgroup"", ""label"": ""primary disease group"", ""value"": ""CHF"", ""unit"": """"}, {""key"": ""dzclass"", ""label"": ""disease class"", ""value"": ""COPD/CHF/Cirrhosis"", ""unit"": """"}, {""key"": ""num.co"", ""label"": ""number of comorbidities"", ""value"": ""1"", ""unit"": """"}, {""key"": ""ca"", ""label"": ""cancer status"", ""value"": ""no"", ""unit"": """"}, {""key"": ""diabetes"", ""label"": ""diabetes"", ""value"": ""no"", ""unit"": """"}, {""key"": ""dementia"", ""label"": ""dementia"", ""value"": ""no"", ""unit"": """"}, {""key"": ""scoma"", ""label"": ""SUPPORT coma score"", ""value"": ""0"", ""unit"": """"}, {""key"": ""adls"", ""label"": ""activities of daily living"", ""value"": ""0"", ""unit"": """"}, {""key"": ""hday"", ""label"": ""day of hospital stay at enrolment"", ""value"": ""1"", ""unit"": """"}, {""key"": ""meanbp"", ""label"": ""mean arterial pressure"", ""value"": ""57"", ""unit"": ""mmHg""}, {""key"": ""hrt"", ""label"": ""heart rate"", ""value"": ""96"", ""unit"": ""bpm""}, {""key"": ""resp"", ""label"": ""respiratory rate"", ""value"": ""22"", ""unit"": ""breaths/min""}, {""key"": ""temp"", ""label"": ""temperature"", ""value"": ""36"", ""unit"": ""C""}, {""key"": ""wblc"", ""label"": ""white blood cell count"", ""value"": ""12.3"", ""unit"": ""10^3/uL""}, {""key"": ""pafi"", ""label"": ""PaO2/FiO2 ratio"", ""value"": ""185"", ""unit"": """"}, {""key"": ""alb"", ""label"": ""serum albumin"", ""value"": ""3.9"", ""unit"": ""g/dL""}, {""key"": ""crea"", ""label"": ""serum creatinine"", ""value"": ""1.4"", ""unit"": ""mg/dL""}, {""key"": ""sod"", ""label"": ""serum sodium"", ""value"": ""135"", ""unit"": ""mEq/L""}, {""key"": ""ph"", ""label"": ""arterial pH"", ""value"": ""7.6"", ""unit"": """"}], ""absent"": [{""key"": ""bili"", ""label"": ""bilirubin""}, {""key"": ""glucose"", ""label"": ""serum glucose""}, {""key"": ""bun"", ""label"": ""blood urea nitrogen""}, {""key"": ""urine"", ""label"": ""urine output""}], ""stem"": ""Will this patient survive to hospital discharge?"", ""header"": ""Patient record:"", ""target"": ""hospdead"", ""source"": ""support2""}"
support2-45,support2-45,text,Survives to hospital discharge,,,"Patient record:
- age: 75.49 years
- sex: male
- race: hispanic
- primary disease group: CHF
- disease class: COPD/CHF/Cirrhosis
- number of comorbidities: 1
- cancer status: no
- diabetes: no
- dementia: no
- SUPPORT coma score: 0
- activities of daily living: 0
- day of hospital stay at enrolment: 1
- mean arterial pressure: 62 mmHg
- heart rate: 102 bpm
- respiratory rate: 24 breaths/min
- temperature: 36.59 C
- white blood cell count: 21.8 10^3/uL
- PaO2/FiO2 ratio: 415
- serum creatinine: 4 mg/dL
- serum sodium: 124 mEq/L
- arterial pH: 7.43

Will this patient survive to hospital discharge?","[""Survives to hospital discharge"", ""Dies in hospital""]",0,"{""fields"": [{""key"": ""age"", ""label"": ""age"", ""value"": ""75.49"", ""unit"": ""years""}, {""key"": ""sex"", ""label"": ""sex"", ""value"": ""male"", ""unit"": """"}, {""key"": ""race"", ""label"": ""race"", ""value"": ""hispanic"", ""unit"": """"}, {""key"": ""dzgroup"", ""label"": ""primary disease group"", ""value"": ""CHF"", ""unit"": """"}, {""key"": ""dzclass"", ""label"": ""disease class"", ""value"": ""COPD/CHF/Cirrhosis"", ""unit"": """"}, {""key"": ""num.co"", ""label"": ""number of comorbidities"", ""value"": ""1"", ""unit"": """"}, {""key"": ""ca"", ""label"": ""cancer status"", ""value"": ""no"", ""unit"": """"}, {""key"": ""diabetes"", ""label"": ""diabetes"", ""value"": ""no"", ""unit"": """"}, {""key"": ""dementia"", ""label"": ""dementia"", ""value"": ""no"", ""unit"": """"}, {""key"": ""scoma"", ""label"": ""SUPPORT coma score"", ""value"": ""0"", ""unit"": """"}, {""key"": ""adls"", ""label"": ""activities of daily living"", ""value"": ""0"", ""unit"": """"}, {""key"": ""hday"", ""label"": ""day of hospital stay at enrolment"", ""value"": ""1"", ""unit"": """"}, {""key"": ""meanbp"", ""label"": ""mean arterial pressure"", ""value"": ""62"", ""unit"": ""mmHg""}, {""key"": ""hrt"", ""label"": ""heart rate"", ""value"": ""102"", ""unit"": ""bpm""}, {""key"": ""resp"", ""label"": ""respiratory rate"", ""value"": ""24"", ""unit"": ""breaths/min""}, {""key"": ""temp"", ""label"": ""temperature"", ""value"": ""36.59"", ""unit"": ""C""}, {""key"": ""wblc"", ""label"": ""white blood cell count"", ""value"": ""21.8"", ""unit"": ""10^3/uL""}, {""key"": ""pafi"", ""label"": ""PaO2/FiO2 ratio"", ""value"": ""415"", ""unit"": """"}, {""key"": ""crea"", ""label"": ""serum creatinine"", ""value"": ""4"", ""unit"": ""mg/dL""}, {""key"": ""sod"", ""label"": ""serum sodium"", ""value"": ""124"", ""unit"": ""mEq/L""}, {""key"": ""ph"", ""label"": ""arterial pH"", ""value"": ""7.43"", ""unit"": """"}], ""absent"": [{""key"": ""alb"", ""label"": ""serum albumin""}, {""key"": ""bili"", ""label"": ""bilirubin""}, {""key"": ""glucose"", ""label"": ""serum glucose""}, {""key"": ""bun"", ""label"": ""blood urea nitrogen""}, {""key"": ""urine"", ""label"": ""urine output""}], ""stem"": ""Will this patient survive to hospital discharge?"", ""header"": ""Patient record:"", ""target"": ""hospdead"", ""source"": ""support2""}"
support2-46,support2-46,text,Dies in hospital,,,"Patient record:
- age: 75 years
- sex: female
- race: white
- primary disease group: ARF/MOSF w/Sepsis
- disease class: ARF/MOSF
- number of comorbidities: 0
- cancer status: no
- diabetes: no
- dementia: no
- SUPPORT coma score: 0
- day of hospital stay at enrolment: 10
- mean arterial pressure: 50 mmHg
- heart rate: 120 bpm
- respiratory rate: 18 breaths/min
- temperature: 36.2 C
- white blood cell count: 51.2 10^3/uL
- PaO2/FiO2 ratio: 237.5
- serum albumin: 2.9 g/dL
- bilirubin: 1 mg/dL
- serum creatinine: 4.8 mg/dL
- serum sodium: 135 mEq/L
- arterial pH: 7.44

Will this patient survive to hospital discharge?","[""Survives to hospital discharge"", ""Dies in hospital""]",1,"{""fields"": [{""key"": ""age"", ""label"": ""age"", ""value"": ""75"", ""unit"": ""years""}, {""key"": ""sex"", ""label"": ""sex"", ""value"": ""female"", ""unit"": """"}, {""key"": ""race"", ""label"": ""race"", ""value"": ""white"", ""unit"": """"}, {""key"": ""dzgroup"", ""label"": ""primary disease group"", ""value"": ""ARF/MOSF w/Sepsis"", ""unit"": """"}, {""key"": ""dzclass"", ""label"": ""disease class"", ""value"": ""ARF/MOSF"", ""unit"": """"}, {""key"": ""num.co"", ""label"": ""number of comorbidities"", ""value"": ""0"", ""unit"": """"}, {""key"": ""ca"", ""label"": ""cancer status"", ""value"": ""no"", ""unit"": """"}, {""key"": ""diabetes"", ""label"": ""diabetes"", ""value"": ""no"", ""unit"": """"}, {""key"": ""dementia"", ""label"": ""dementia"", ""value"": ""no"", ""unit"": """"}, {""key"": ""scoma"", ""label"": ""SUPPORT coma score"", ""value"": ""0"", ""unit"": """"}, {""key"": ""hday"", ""label"": ""day of hospital stay at enrolment"", ""value"": ""10"", ""unit"": """"}, {""key"": ""meanbp"", ""label"": ""mean arterial pressure"", ""value"": ""50"", ""unit"": ""mmHg""}, {""key"": ""hrt"", ""label"": ""heart rate"", ""value"": ""120"", ""unit"": ""bpm""}, {""key"": ""resp"", ""label"": ""respiratory rate"", ""value"": ""18"", ""unit"": ""breaths/min""}, {""key"": ""temp"", ""label"": ""temperature"", ""value"": ""36.2"", ""unit"": ""C""}, {""key"": ""wblc"", ""label"": ""white blood cell count"", ""value"": ""51.2"", ""unit"": ""10^3/uL""}, {""key"": ""pafi"", ""label"": ""PaO2/FiO2 ratio"", ""value"": ""237.5"", ""unit"": """"}, {""key"": ""alb"", ""label"": ""serum albumin"", ""value"": ""2.9"", ""unit"": ""g/dL""}, {""key"": ""bili"", ""label"": ""bilirubin"", ""value"": ""1"", ""unit"": ""mg/dL""}, {""key"": ""crea"", ""label"": ""serum creatinine"", ""value"": ""4.8"", ""unit"": ""mg/dL""}, {""key"": ""sod"", ""label"": ""serum sodium"", ""value"": ""135"", ""unit"": ""mEq/L""}, {""key"": ""ph"", ""label"": ""arterial pH"", ""value"": ""7.44"", ""unit"": """"}], ""absent"": [{""key"": ""adls"", ""label"": ""activities of daily living""}, {""key"": ""glucose"", ""label"": ""serum glucose""}, {""key"": ""bun"", ""label"": ""blood urea nitrogen""}, {""key"": ""urine"", ""label"": ""urine output""}], ""stem"": ""Will this patient survive to hospital discharge?"", ""header"": ""Patient record:"", ""target"": ""hospdead"", ""source"": ""support2""}"
support2-47,support2-47,text,Dies in hospital,,,"Patient record:
- age: 56.19 years
- sex: male
- race: other
- primary disease group: ARF/MOSF w/Sepsis
- disease class: ARF/MOSF
- number of comorbidities: 0
- cancer status: no
- diabetes: no
- dementia: no
- SUPPORT coma score: 26
- activities of daily living: 3
- day of hospital stay at enrolment: 15
- mean arterial pressure: 68 mmHg
- heart rate: 130 bpm
- respiratory rate: 28 breaths/min
- temperature: 38.5 C
- white blood cell count: 26.7 10^3/uL
- PaO2/FiO2 ratio: 121.66
- serum albumin: 1.7 g/dL
- bilirubin: 3.9 mg/dL
- serum creatinine: 2.1 mg/dL
- serum sodium: 131 mEq/L
- arterial pH: 7.45

Will this patient survive to hospital discharge?","[""Survives to hospital discharge"", ""Dies in hospital""]",1,"{""fields"": [{""key"": ""age"", ""label"": ""age"", ""value"": ""56.19"", ""unit"": ""years""}, {""key"": ""sex"", ""label"": ""sex"", ""value"": ""male"", ""unit"": """"}, {""key"": ""race"", ""label"": ""race"", ""value"": ""other"", ""unit"": """"}, {""key"": ""dzgroup"", ""label"": ""primary disease group"", ""value"": ""ARF/MOSF w/Sepsis"", ""unit"": """"}, {""key"": ""dzclass"", ""label"": ""disease class"", ""value"": ""ARF/MOSF"", ""unit"": """"}, {""key"": ""num.co"", ""label"": ""number of comorbidities"", ""value"": ""0"", ""unit"": """"}, {""key"": ""ca"", ""label"": ""cancer status"", ""value"": ""no"", ""unit"": """"}, {""key"": ""diabetes"", ""label"": ""diabetes"", ""value"": ""no"", ""unit"": """"}, {""key"": ""dementia"", ""label"": ""dementia"", ""value"": ""no"", ""unit"": """"}, {""key"": ""scoma"", ""label"": ""SUPPORT coma score"", ""value"": ""26"", ""unit"": """"}, {""key"": ""adls"", ""label"": ""activities of daily living"", ""value"": ""3"", ""unit"": """"}, {""key"": ""hday"", ""label"": ""day of hospital stay at enrolment"", ""value"": ""15"", ""unit"": """"}, {""key"": ""meanbp"", ""label"": ""mean arterial pressure"", ""value"": ""68"", ""unit"": ""mmHg""}, {""key"": ""hrt"", ""label"": ""heart rate"", ""value"": ""130"", ""unit"": ""bpm""}, {""key"": ""resp"", ""label"": ""respiratory rate"", ""value"": ""28"", ""unit"": ""breaths/min""}, {""key"": ""temp"", ""label"": ""temperature"", ""value"": ""38.5"", ""unit"": ""C""}, {""key"": ""wblc"", ""label"": ""white blood cell count"", ""value"": ""26.7"", ""unit"": ""10^3/uL""}, {""key"": ""pafi"", ""label"": ""PaO2/FiO2 ratio"", ""value"": ""121.66"", ""unit"": """"}, {""key"": ""alb"", ""label"": ""serum albumin"", ""value"": ""1.7"", ""unit"": ""g/dL""}, {""key"": ""bili"", ""label"": ""bilirubin"", ""value"": ""3.9"", ""unit"": ""mg/dL""}, {""key"": ""crea"", ""label"": ""serum creatinine"", ""value"": ""2.1"", ""unit"": ""mg/dL""}, {""key"": ""sod"", ""label"": ""serum sodium"", ""value"": ""131"", ""unit"": ""mEq/L""}, {""key"": ""ph"", ""label"": ""arterial pH"", ""value"": ""7.45"", ""unit"": """"}], ""absent"": [{""key"": ""glucose"", ""label"": ""serum glucose""}, {""key"": ""bun"", ""label"": ""blood urea nitrogen""}, {""key"": ""urine"", ""label"": ""urine output""}], ""stem"": ""Will this patient survive to hospital discharge?"", ""header"": ""Patient record:"", ""target"": ""hospdead"", ""source"": ""support2""}"
support2-48,support2-48,text,Survives to hospital discharge,,,"Patient record:
- age: 44.85 years
- sex: female
- race: hispanic
- primary disease group: MOSF w/Malig
- disease class: ARF/MOSF
- number of comorbidities: 2
- cancer status: yes
- diabetes: no
- dementia: no
- SUPPORT coma score: 0
- activities of daily living: 0
- day of hospital stay at enrolment: 1
- mean arterial pressure: 91 mmHg
- heart rate: 70 bpm
- respiratory rate: 32 breaths/min
- temperature: 37.09 C
- white blood cell count: 4.7 10^3/uL
- PaO2/FiO2 ratio: 447.56
- serum albumin: 2.3 g/dL
- bilirubin: 7 mg/dL
- serum creatinine: 0.8 mg/dL
- serum sodium: 136 mEq/L
- arterial pH: 7.36

Will this patient survive to hospital discharge?","[""Survives to hospital discharge"", ""Dies in hospital""]",0,"{""fields"": [{""key"": ""age"", ""label"": ""age"", ""value"": ""44.85"", ""unit"": ""years""}, {""key"": ""sex"", ""label"": ""sex"", ""value"": ""female"", ""unit"": """"}, {""key"": ""race"", ""label"": ""race"", ""value"": ""hispanic"", ""unit"": """"}, {""key"": ""dzgroup"", ""label"": ""primary disease group"", ""value"": ""MOSF w/Malig"", ""unit"": """"}, {""key"": ""dzclass"", ""label"": ""disease class"", ""value"": ""ARF/MOSF"", ""unit"": """"}, {""key"": ""num.co"", ""label"": ""number of comorbidities"", ""value"": ""2"", ""unit"": """"}, {""key"": ""ca"", ""label"": ""cancer status"", ""value"": ""yes"", ""unit"": """"}, {""key"": ""diabetes"", ""label"": ""diabetes"", ""value"": ""no"", ""unit"": """"}, {""key"": ""dementia"", ""label"": ""dementia"", ""value"": ""no"", ""unit"": """"}, {""key"": ""scoma"", ""label"": ""SUPPORT coma score"", ""value"": ""0"", ""unit"": """"}, {""key"": ""adls"", ""label"": ""activities of daily living"", ""value"": ""0"", ""unit"": """"}, {""key"": ""hday"", ""label"": ""day of hospital stay at enrolment"", ""value"": ""1"", ""unit"": """"}, {""key"": ""meanbp"", ""label"": ""mean arterial pressure"", ""value"": ""91"", ""unit"": ""mmHg""}, {""key"": ""hrt"", ""label"": ""heart rate"", ""value"": ""70"", ""unit"": ""bpm""}, {""key"": ""resp"", ""label"": ""respiratory rate"", ""value"": ""32"", ""unit"": ""breaths/min""}, {""key"": ""temp"", ""label"": ""temperature"", ""value"": ""37.09"", ""unit"": ""C""}, {""key"": ""wblc"", ""label"": ""white blood cell count"", ""value"": ""4.7"", ""unit"": ""10^3/uL""}, {""key"": ""pafi"", ""label"": ""PaO2/FiO2 ratio"", ""value"": ""447.56"", ""unit"": """"}, {""key"": ""alb"", ""label"": ""serum albumin"", ""value"": ""2.3"", ""unit"": ""g/dL""}, {""key"": ""bili"", ""label"": ""bilirubin"", ""value"": ""7"", ""unit"": ""mg/dL""}, {""key"": ""crea"", ""label"": ""serum creatinine"", ""value"": ""0.8"", ""unit"": ""mg/dL""}, {""key"": ""sod"", ""label"": ""serum sodium"", ""value"": ""136"", ""unit"": ""mEq/L""}, {""key"": ""ph"", ""label"": ""arterial pH"", ""value"": ""7.36"", ""unit"": """"}], ""absent"": [{""key"": ""glucose"", ""label"": ""serum glucose""}, {""key"": ""bun"", ""label"": ""blood urea nitrogen""}, {""key"": ""urine"", ""label"": ""urine output""}], ""stem"": ""Will this patient survive to hospital discharge?"", ""header"": ""Patient record:"", ""target"": ""hospdead"", ""source"": ""support2""}"
support2-49,support2-49,text,Survives to hospital discharge,,,"Patient record:
- age: 51.1 years
- sex: female
- race: black
- primary disease group: CHF
- disease class: COPD/CHF/Cirrhosis
- number of comorbidities: 1
- cancer status: no
- diabetes: no
- dementia: no
- SUPPORT coma score: 0
- day of hospital stay at enrolment: 1
- mean arterial pressure: 100 mmHg
- heart rate: 120 bpm
- respiratory rate: 32 breaths/min
- temperature: 37.59 C
- white blood cell count: 5.7 10^3/uL
- PaO2/FiO2 ratio: 203.69
- serum albumin: 4.2 g/dL
- bilirubin: 0.2 mg/dL
- serum creatinine: 4 mg/dL
- serum sodium: 140 mEq/L
- arterial pH: 7.46

Will this patient survive to hospital discharge?","[""Survives to hospital discharge"", ""Dies in hospital""]",0,"{""fields"": [{""key"": ""age"", ""label"": ""age"", ""value"": ""51.1"", ""unit"": ""years""}, {""key"": ""sex"", ""label"": ""sex"", ""value"": ""female"", ""unit"": """"}, {""key"": ""race"", ""label"": ""race"", ""value"": ""black"", ""unit"": """"}, {""key"": ""dzgroup"", ""label"": ""primary disease group"", ""value"": ""CHF"", ""unit"": """"}, {""key"": ""dzclass"", ""label"": ""disease class"", ""value"": ""COPD/CHF/Cirrhosis"", ""unit"": """"}, {""key"": ""num.co"", ""label"": ""number of comorbidities"", ""value"": ""1"", ""unit"": """"}, {""key"": ""ca"", ""label"": ""cancer status"", ""value"": ""no"", ""unit"": """"}, {""key"": ""diabetes"", ""label"": ""diabetes"", ""value"": ""no"", ""unit"": """"}, {""key"": ""dementia"", ""label"": ""dementia"", ""value"": ""no"", ""unit"": """"}, {""key"": ""scoma"", ""label"": ""SUPPORT coma score"", ""value"": ""0"", ""unit"": """"}, {""key"": ""hday"", ""label"": ""day of hospital stay at enrolment"", ""value"": ""1"", ""unit"": """"}, {""key"": ""meanbp"", ""label"": ""mean arterial pressure"", ""value"": ""100"", ""unit"": ""mmHg""}, {""key"": ""hrt"", ""label"": ""heart rate"", ""value"": ""120"", ""unit"": ""bpm""}, {""key"": ""resp"", ""label"": ""respiratory rate"", ""value"": ""32"", ""unit"": ""breaths/min""}, {""key"": ""temp"", ""label"": ""temperature"", ""value"": ""37.59"", ""unit"": ""C""}, {""key"": ""wblc"", ""label"": ""white blood cell count"", ""value"": ""5.7"", ""unit"": ""10^3/uL""}, {""key"": ""pafi"", ""label"": ""PaO2/FiO2 ratio"", ""value"": ""203.69"", ""unit"": """"}, {""key"": ""alb"", ""label"": ""serum albumin"", ""value"": ""4.2"", ""unit"": ""g/dL""}, {""key"": ""bili"", ""label"": ""bilirubin"", ""value"": ""0.2"", ""unit"": ""mg/dL""}, {""key"": ""crea"", ""label"": ""serum creatinine"", ""value"": ""4"", ""unit"": ""mg/dL""}, {""key"": ""sod"", ""label"": ""serum sodium"", ""value"": ""140"", ""unit"": ""mEq/L""}, {""key"": ""ph"", ""label"": ""arterial pH"", ""value"": ""7.46"", ""unit"": """"}], ""absent"": [{""key"": ""adls"", ""label"": ""activities of daily living""}, {""key"": ""glucose"", ""label"": ""serum glucose""}, {""key"": ""bun"", ""label"": ""blood urea nitrogen""}, {""key"": ""urine"", ""label"": ""urine output""}], ""stem"": ""Will this patient survive to hospital discharge?"", ""header"": ""Patient record:"", ""target"": ""hospdead"", ""source"": ""support2""}"
support2-5,support2-5,text,Survives to hospital discharge,,,"Patient record:
- age: 79.88 years
- sex: female
- race: white
- primary disease group: ARF/MOSF w/Sepsis
- disease class: ARF/MOSF
- number of comorbidities: 1
- cancer status: no
- diabetes: no
- dementia: no
- SUPPORT coma score: 26
- activities of daily living: 2
- day of hospital stay at enrolment: 3
- mean arterial pressure: 59 mmHg
- heart rate: 112 bpm
- respiratory rate: 20 breaths/min
- temperature: 37.9 C
- white blood cell count: 13.5 10^3/uL
- PaO2/FiO2 ratio: 173.31
- serum creatinine: 0.8 mg/dL
- serum sodium: 143 mEq/L
- arterial pH: 7.51

Will this patient survive to hospital discharge?","[""Survives to hospital discharge"", ""Dies in hospital""]",0,"{""fields"": [{""key"": ""age"", ""label"": ""age"", ""value"": ""79.88"", ""unit"": ""years""}, {""key"": ""sex"", ""label"": ""sex"", ""value"": ""female"", ""unit"": """"}, {""key"": ""race"", ""label"": ""race"", ""value"": ""white"", ""unit"": """"}, {""key"": ""dzgroup"", ""label"": ""primary disease group"", ""value"": ""ARF/MOSF w/Sepsis"", ""unit"": """"}, {""key"": ""dzclass"", ""label"": ""disease class"", ""value"": ""ARF/MOSF"", ""unit"": """"}, {""key"": ""num.co"", ""label"": ""number of comorbidities"", ""value"": ""1"", ""unit"": """"}, {""key"": ""ca"", ""label"": ""cancer status"", ""value"": ""no"", ""unit"": """"}, {""key"": ""diabetes"", ""label"": ""diabetes"", ""value"": ""no"", ""unit"": """"}, {""key"": ""dementia"", ""label"": ""dementia"", ""value"": ""no"", ""unit"": """"}, {""key"": ""scoma"", ""label"": ""SUPPORT coma score"", ""value"": ""26"", ""unit"": """"}, {""key"": ""adls"", ""label"": ""activities of daily living"", ""value"": ""2"", ""unit"": """"}, {""key"": ""hday"", ""label"": ""day of hospital stay at enrolment"", ""value"": ""3"", ""unit"": """"}, {""key"": ""meanbp"", ""label"": ""mean arterial pressure"", ""value"": ""59"", ""unit"": ""mmHg""}, {""key"": ""hrt"", ""label"": ""heart rate"", ""value"": ""112"", ""unit"": ""bpm""}, {""key"": ""resp"", ""label"": ""respiratory rate"", ""value"": ""20"", ""unit"": ""breaths/min""}, {""key"": ""temp"", ""label"": ""temperature"", ""value"": ""37.9"", ""unit"": ""C""}, {""key"": ""wblc"", ""label"": ""white blood cell count"", ""value"": ""13.5"", ""unit"": ""10^3/uL""}, {""key"": ""pafi"", ""label"": ""PaO2/FiO2 ratio"", ""value"": ""173.31"", ""unit"": """"}, {""key"": ""crea"", ""label"": ""serum creatinine"", ""value"": ""0.8"", ""unit"": ""mg/dL""}, {""key"": ""sod"", ""label"": ""serum sodium"", ""value"": ""143"", ""unit"": ""mEq/L""}, {""key"": ""ph"", ""label"": ""arterial pH"", ""value"": ""7.51"", ""unit"": """"}], ""absent"": [{""key"": ""alb"", ""label"": ""serum albumin""}, {""key"": ""bili"", ""label"": ""bilirubin""}, {""key"": ""glucose"", ""label"": ""serum glucose""}, {""key"": ""bun"", ""label"": ""blood urea nitrogen""}, {""key"": ""urine"", ""label"": ""urine output""}], ""stem"": ""Will this patient survive to hospital discharge?"", ""header"": ""Patient record:"", ""target"": ""hospdead"", ""source"": ""support2""}"
support2-50,support2-50,text,Survives to hospital discharge,,,"Patient record:
- age: 36.31 years
- sex: male
- race: white
- primary disease group: CHF
- disease class: COPD/CHF/Cirrhosis
- number of comorbidities: 2
- cancer status: no
- diabetes: no
- dementia: no
- SUPPORT coma score: 0
- activities of daily living: 0
- day of hospital stay at enrolment: 1
- mean arterial pressure: 64 mmHg
- heart rate: 115 bpm
- respiratory rate: 20 breaths/min
- temperature: 36.3 C
- white blood cell count: 6.8 10^3/uL
- serum albumin: 4.4 g/dL
- bilirubin: 4.5 mg/dL
- serum creatinine: 1.3 mg/dL
- serum sodium: 121 mEq/L

Will this patient survive to hospital discharge?","[""Survives to hospital discharge"", ""Dies in hospital""]",0,"{""fields"": [{""key"": ""age"", ""label"": ""age"", ""value"": ""36.31"", ""unit"": ""years""}, {""key"": ""sex"", ""label"": ""sex"", ""value"": ""male"", ""unit"": """"}, {""key"": ""race"", ""label"": ""race"", ""value"": ""white"", ""unit"": """"}, {""key"": ""dzgroup"", ""label"": ""primary disease group"", ""value"": ""CHF"", ""unit"": """"}, {""key"": ""dzclass"", ""label"": ""disease class"", ""value"": ""COPD/CHF/Cirrhosis"", ""unit"": """"}, {""key"": ""num.co"", ""label"": ""number of comorbidities"", ""value"": ""2"", ""unit"": """"}, {""key"": ""ca"", ""label"": ""cancer status"", ""value"": ""no"", ""unit"": """"}, {""key"": ""diabetes"", ""label"": ""diabetes"", ""value"": ""no"", ""unit"": """"}, {""key"": ""dementia"", ""label"": ""dementia"", ""value"": ""no"", ""unit"": """"}, {""key"": ""scoma"", ""label"": ""SUPPORT coma score"", ""value"": ""0"", ""unit"": """"}, {""key"": ""adls"", ""label"": ""activities of daily living"", ""value"": ""0"", ""unit"": """"}, {""key"": ""hday"", ""label"": ""day of hospital stay at enrolment"", ""value"": ""1"", ""unit"": """"}, {""key"": ""meanbp"", ""label"": ""mean arterial pressure"", ""value"": ""64"", ""unit"": ""mmHg""}, {""key"": ""hrt"", ""label"": ""heart rate"", ""value"": ""115"", ""unit"": ""bpm""}, {""key"": ""resp"", ""label"": ""respiratory rate"", ""value"": ""20"", ""unit"": ""breaths/min""}, {""key"": ""temp"", ""label"": ""temperature"", ""value"": ""36.3"", ""unit"": ""C""}, {""key"": ""wblc"", ""label"": ""white blood cell count"", ""value"": ""6.8"", ""unit"": ""10^3/uL""}, {""key"": ""alb"", ""label"": ""serum albumin"", ""value"": ""4.4"", ""unit"": ""g/dL""}, {""key"": ""bili"", ""label"": ""bilirubin"", ""value"": ""4.5"", ""unit"": ""mg/dL""}, {""key"": ""crea"", ""label"": ""serum creatinine"", ""value"": ""1.3"", ""unit"": ""mg/dL""}, {""key"": ""sod"", ""label"": ""serum sodium"", ""value"": ""121"", ""unit"": ""mEq/L""}], ""absent"": [{""key"": ""pafi"", ""label"": ""PaO2/FiO2 ratio""}, {""key"": ""ph"", ""label"": ""arterial pH""}, {""key"": ""glucose"", ""label"": ""serum glucose""}, {""key"": ""bun"", ""label"": ""blood urea nitrogen""}, {""key"": ""urine"", ""label"": ""urine output""}], ""stem"": ""Will this patient survive to hospital discharge?"", ""header"": ""Patient record:"", ""target"": ""hospdead"", ""source"": ""support2""}"
support2-51,support2-51,text,Survives to hospital discharge,,,"Patient record:
- age: 76.26 years
- sex: male
- race: white
- primary disease group: CHF
- disease class: COPD/CHF/Cirrhosis
- number of comorbidities: 3
- cancer status: no
- diabetes: no
- dementia: no
- SUPPORT coma score: 0
- activities of daily living: 2
- day of hospital stay at enrolment: 1
- mean arterial pressure: 74 mmHg
- heart rate: 96 bpm
- respiratory rate: 30 breaths/min
- temperature: 36.4 C
- white blood cell count: 9.3 10^3/uL
- PaO2/FiO2 ratio: 266.62
- bilirubin: 1.1 mg/dL
- serum creatinine: 1.2 mg/dL
- serum sodium: 141 mEq/L
- arterial pH: 7.4

Will this patient survive to hospital discharge?","[""Survives to hospital discharge"", ""Dies in hospital""]",0,"{""fields"": [{""key"": ""age"", ""label"": ""age"", ""value"": ""76.26"", ""unit"": ""years""}, {""key"": ""sex"", ""label"": ""sex"", ""value"": ""male"", ""unit"": """"}, {""key"": ""race"", ""label"": ""race"", ""value"": ""white"", ""unit"": """"}, {""key"": ""dzgroup"", ""label"": ""primary disease group"", ""value"": ""CHF"", ""unit"": """"}, {""key"": ""dzclass"", ""label"": ""disease class"", ""value"": ""COPD/CHF/Cirrhosis"", ""unit"": """"}, {""key"": ""num.co"", ""label"": ""number of comorbidities"", ""value"": ""3"", ""unit"": """"}, {""key"": ""ca"", ""label"": ""cancer status"", ""value"": ""no"", ""unit"": """"}, {""key"": ""diabetes"", ""label"": ""diabetes"", ""value"": ""no"", ""unit"": """"}, {""key"": ""dementia"", ""label"": ""dementia"", ""value"": ""no"", ""unit"": """"}, {""key"": ""scoma"", ""label"": ""SUPPORT coma score"", ""value"": ""0"", ""unit"": """"}, {""key"": ""adls"", ""label"": ""activities of daily living"", ""value"": ""2"", ""unit"": """"}, {""key"": ""hday"", ""label"": ""day of hospital stay at enrolment"", ""value"": ""1"", ""unit"": """"}, {""key"": ""meanbp"", ""label"": ""mean arterial pressure"", ""value"": ""74"", ""unit"": ""mmHg""}, {""key"": ""hrt"", ""label"": ""heart rate"", ""value"": ""96"", ""unit"": ""bpm""}, {""key"": ""resp"", ""label"": ""respiratory rate"", ""value"": ""30"", ""unit"": ""breaths/min""}, {""key"": ""temp"", ""label"": ""temperature"", ""value"": ""36.4"", ""unit"": ""C""}, {""key"": ""wblc"", ""label"": ""white blood cell count"", ""value"": ""9.3"", ""unit"": ""10^3/uL""}, {""key"": ""pafi"", ""label"": ""PaO2/FiO2 ratio"", ""value"": ""266.62"", ""unit"": """"}, {""key"": ""bili"", ""label"": ""bilirubin"", ""value"": ""1.1"", ""unit"": ""mg/dL""}, {""key"": ""crea"", ""label"": ""serum creatinine"", ""value"": ""1.2"", ""unit"": ""mg/dL""}, {""key"": ""sod"", ""label"": ""serum sodium"", ""value"": ""141"", ""unit"": ""mEq/L""}, {""key"": ""ph"", ""label"": ""arterial pH"", ""value"": ""7.4"", ""unit"": """"}], ""absent"": [{""key"": ""alb"", ""label"": ""serum albumin""}, {""key"": ""glucose"", ""label"": ""serum glucose""}, {""key"": ""bun"", ""label"": ""blood urea nitrogen""}, {""key"": ""urine"", ""label"": ""urine output""}], ""stem"": ""Will this patient survive to hospital discharge?"", ""header"": ""Patient record:"", ""target"": ""hospdead"", ""source"": ""support2""}"
support2-52,support2-52,text,Survives to hospital discharge,,,"Patient record:
- age: 51.3 years
- sex: male
- race: black
- primary disease group: CHF
- disease class: COPD/CHF/Cirrhosis
- number of comorbidities: 1
- cancer status: no
- diabetes: no
- dementia: no
- SUPPORT coma score: 0
- activities of daily living: 0
- day of hospital stay at enrolment: 2
- mean arterial pressure: 71 mmHg
- heart rate: 104 bpm
- respiratory rate: 18 breaths/min
- temperature: 36.5 C
- serum creatinine: 2.4 mg/dL
- serum sodium: 128 mEq/L

Will this patient survive to hospital discharge?","[""Survives to hospital discharge"", ""Dies in hospital""]",0,"{""fields"": [{""key"": ""age"", ""label"": ""age"", ""value"": ""51.3"", ""unit"": ""years""}, {""key"": ""sex"", ""label"": ""sex"", ""value"": ""male"", ""unit"": """"}, {""key"": ""race"", ""label"": ""race"", ""value"": ""black"", ""unit"": """"}, {""key"": ""dzgroup"", ""label"": ""primary disease group"", ""value"": ""CHF"", ""unit"": """"}, {""key"": ""dzclass"", ""label"": ""disease class"", ""value"": ""COPD/CHF/Cirrhosis"", ""unit"": """"}, {""key"": ""num.co"", ""label"": ""number of comorbidities"", ""value"": ""1"", ""unit"": """"}, {""key"": ""ca"", ""label"": ""cancer status"", ""value"": ""no"", ""unit"": """"}, {""key"": ""diabetes"", ""label"": ""diabetes"", ""value"": ""no"", ""unit"": """"}, {""key"": ""dementia"", ""label"": ""dementia"", ""value"": ""no"", ""unit"": """"}, {""key"": ""scoma"", ""label"": ""SUPPORT coma score"", ""value"": ""0"", ""unit"": """"}, {""key"": ""adls"", ""label"": ""activities of daily living"", ""value"": ""0"", ""unit"": """"}, {""key"": ""hday"", ""label"": ""day of hospital stay at enrolment"", ""value"": ""2"", ""unit"": """"}, {""key"": ""meanbp"", ""label"": ""mean arterial pressure"", ""value"": ""71"", ""unit"": ""mmHg""}, {""key"": ""hrt"", ""label"": ""heart rate"", ""value"": ""104"", ""unit"": ""bpm""}, {""key"": ""resp"", ""label"": ""respiratory rate"", ""value"": ""18"", ""unit"": ""breaths/min""}, {""key"": ""temp"", ""label"": ""temperature"", ""value"": ""36.5"", ""unit"": ""C""}, {""key"": ""crea"", ""label"": ""serum creatinine"", ""value"": ""2.4"", ""unit"": ""mg/dL""}, {""key"": ""sod"", ""label"": ""serum sodium"", ""value"": ""128"", ""unit"": ""mEq/L""}], ""absent"": [{""key"": ""wblc"", ""label"": ""white blood cell count""}, {""key"": ""pafi"", ""label"": ""PaO2/FiO2 ratio""}, {""key"": ""alb"", ""label"": ""serum albumin""}, {""key"": ""bili"", ""label"": ""bilirubin""}, {""key"": ""ph"", ""label"": ""arterial pH""}, {""key"": ""glucose"", ""label"": ""serum glucose""}, {""key"": ""bun"", ""label"": ""blood urea nitrogen""}, {""key"": ""urine"", ""label"": ""urine output""}], ""stem"": ""Will this patient survive to hospital discharge?"", ""header"": ""Patient record:"", ""target"": ""hospdead"", ""source"": ""support2""}"
support2-53,support2-53,text,Survives to hospital discharge,,,"Patient record:
- age: 74.54 years
- sex: female
- race: white
- primary disease group: COPD
- disease class: COPD/CHF/Cirrhosis
- number of comorbidities: 2
- cancer status: no
- diabetes: no
- dementia: no
- SUPPORT coma score: 0
- activities of daily living: 0
- day of hospital stay at enrolment: 1
- mean arterial pressure: 83 mmHg
- heart rate: 92 bpm
- respiratory rate: 22 breaths/min
- temperature: 36.4 C
- white blood cell count: 14.2 10^3/uL
- PaO2/FiO2 ratio: 164
- serum albumin: 3.3 g/dL
- bilirubin: 0.3 mg/dL
- serum creatinine: 0.8 mg/dL
- serum sodium: 137 mEq/L
- arterial pH: 7.45

Will this patient survive to hospital discharge?","[""Survives to hospital discharge"", ""Dies in hospital""]",0,"{""fields"": [{""key"": ""age"", ""label"": ""age"", ""value"": ""74.54"", ""unit"": ""years""}, {""key"": ""sex"", ""label"": ""sex"", ""value"": ""female"", ""unit"": """"}, {""key"": ""race"", ""label"": ""race"", ""value"": ""white"", ""unit"": """"}, {""key"": ""dzgroup"", ""label"": ""primary disease group"", ""value"": ""COPD"", ""unit"": """"}, {""key"": ""dzclass"", ""label"": ""disease class"", ""value"": ""COPD/CHF/Cirrhosis"", ""unit"": """"}, {""key"": ""num.co"", ""label"": ""number of comorbidities"", ""value"": ""2"", ""unit"": """"}, {""key"": ""ca"", ""label"": ""cancer status"", ""value"": ""no"", ""unit"": """"}, {""key"": ""diabetes"", ""label"": ""diabetes"", ""value"": ""no"", ""unit"": """"}, {""key"": ""dementia"", ""label"": ""dementia"", ""value"": ""no"", ""unit"": """"}, {""key"": ""scoma"", ""label"": ""SUPPORT coma score"", ""value"": ""0"", ""unit"": """"}, {""key"": ""adls"", ""label"": ""activities of daily living"", ""value"": ""0"", ""unit"": """"}, {""key"": ""hday"", ""label"": ""day of hospital stay at enrolment"", ""value"": ""1"", ""unit"": """"}, {""key"": ""meanbp"", ""label"": ""mean arterial pressure"", ""value"": ""83"", ""unit"": ""mmHg""}, {""key"": ""hrt"", ""label"": ""heart rate"", ""value"": ""92"", ""unit"": ""bpm""}, {""key"": ""resp"", ""label"": ""respiratory rate"", ""value"": ""22"", ""unit"": ""breaths/min""}, {""key"": ""temp"", ""label"": ""temperature"", ""value"": ""36.4"", ""unit"": ""C""}, {""key"": ""wblc"", ""label"": ""white blood cell count"", ""value"": ""14.2"", ""unit"": ""10^3/uL""}, {""key"": ""pafi"", ""label"": ""PaO2/FiO2 ratio"", ""value"": ""164"", ""unit"": """"}, {""key"": ""alb"", ""label"": ""serum albumin"", ""value"": ""3.3"", ""unit"": ""g/dL""}, {""key"": ""bili"", ""label"": ""bilirubin"", ""value"": ""0.3"", ""unit"": ""mg/dL""}, {""key"": ""crea"", ""label"": ""serum creatinine"", ""value"": ""0.8"", ""unit"": ""mg/dL""}, {""key"": ""sod"", ""label"": ""serum sodium"", ""value"": ""137"", ""unit"": ""mEq/L""}, {""key"": ""ph"", ""label"": ""arterial pH"", ""value"": ""7.45"", ""unit"": """"}], ""absent"": [{""key"": ""glucose"", ""label"": ""serum glucose""}, {""key"": ""bun"", ""label"": ""blood urea nitrogen""}, {""key"": ""urine"", ""label"": ""urine output""}], ""stem"": ""Will this patient survive to hospital discharge?"", ""header"": ""Patient record:"", ""target"": ""hospdead"", ""source"": ""support2""}"
support2-54,support2-54,text,Survives to hospital discharge,,,"Patient record:
- age: 54.31 years
- sex: male
- race: white
- primary disease group: Lung Cancer
- disease class: Cancer
- number of comorbidities: 1
- cancer status: metastatic
- diabetes: no
- dementia: no
- SUPPORT coma score: 0
- activities of daily living: 0
- day of hospital stay at enrolment: 1
- mean arterial pressure: 95 mmHg
- heart rate: 108 bpm
- respiratory rate: 22 breaths/min
- temperature: 38 C
- white blood cell count: 11.6 10^3/uL
- PaO2/FiO2 ratio: 183
- serum creatinine: 0.8 mg/dL
- serum sodium: 136 mEq/L
- arterial pH: 7.4

Will this patient survive to hospital discharge?","[""Survives to hospital discharge"", ""Dies in hospital""]",0,"{""fields"": [{""key"": ""age"", ""label"": ""age"", ""value"": ""54.31"", ""unit"": ""years""}, {""key"": ""sex"", ""label"": ""sex"", ""value"": ""male"", ""unit"": """"}, {""key"": ""race"", ""label"": ""race"", ""value"": ""white"", ""unit"": """"}, {""key"": ""dzgroup"", ""label"": ""primary disease group"", ""value"": ""Lung Cancer"", ""unit"": """"}, {""key"": ""dzclass"", ""label"": ""disease class"", ""value"": ""Cancer"", ""unit"": """"}, {""key"": ""num.co"", ""label"": ""number of comorbidities"", ""value"": ""1"", ""unit"": """"}, {""key"": ""ca"", ""label"": ""cancer status"", ""value"": ""metastatic"", ""unit"": """"}, {""key"": ""diabetes"", ""label"": ""diabetes"", ""value"": ""no"", ""unit"": """"}, {""key"": ""dementia"", ""label"": ""dementia"", ""value"": ""no"", ""unit"": """"}, {""key"": ""scoma"", ""label"": ""SUPPORT coma score"", ""value"": ""0"", ""unit"": """"}, {""key"": ""adls"", ""label"": ""activities of daily living"", ""value"": ""0"", ""unit"": """"}, {""key"": ""hday"", ""label"": ""day of hospital stay at enrolment"", ""value"": ""1"", ""unit"": """"}, {""key"": ""meanbp"", ""label"": ""mean arterial pressure"", ""value"": ""95"", ""unit"": ""mmHg""}, {""key"": ""hrt"", ""label"": ""heart rate"", ""value"": ""108"", ""unit"": ""bpm""}, {""key"": ""resp"", ""label"": ""respiratory rate"", ""value"": ""22"", ""unit"": ""breaths/min""}, {""key"": ""temp"", ""label"": ""temperature"", ""value"": ""38"", ""unit"": ""C""}, {""key"": ""wblc"", ""label"": ""white blood cell count"", ""value"": ""11.6"", ""unit"": ""10^3/uL""}, {""key"": ""pafi"", ""label"": ""PaO2/FiO2 ratio"", ""value"": ""183"", ""unit"": """"}, {""key"": ""crea"", ""label"": ""serum creatinine"", ""value"": ""0.8"", ""unit"": ""mg/dL""}, {""key"": ""sod"", ""label"": ""serum sodium"", ""value"": ""136"", ""unit"": ""mEq/L""}, {""key"": ""ph"", ""label"": ""arterial pH"", ""value"": ""7.4"", ""unit"": """"}], ""absent"": [{""key"": ""alb"", ""label"": ""serum albumin""}, {""key"": ""bili"", ""label"": ""bilirubin""}, {""key"": ""glucose"", ""label"": ""serum glucose""}, {""key"": ""bun"", ""label"": ""blood urea nitrogen""}, {""key"": ""urine"", ""label"": ""urine output""}], ""stem"": ""Will this patient survive to hospital discharge?"", ""header"": ""Patient record:"", ""target"": ""hospdead"", ""source"": ""support2""}"
support2-55,support2-55,text,Survives to hospital discharge,,,"Patient record:
- age: 77.58 years
- sex: female
- race: other
- primary disease group: CHF
- disease class: COPD/CHF/Cirrhosis
- number of comorbidities: 2
- cancer status: no
- diabetes: yes
- dementia: no
- SUPPORT coma score: 0
- day of hospital stay at enrolment: 1
- mean arterial pressure: 90 mmHg
- heart rate: 84 bpm
- respiratory rate: 32 breaths/min
- temperature: 36.59 C
- white blood cell count: 12.4 10^3/uL
- PaO2/FiO2 ratio: 276.19
- serum creatinine: 0.8 mg/dL
- serum sodium: 139 mEq/L
- arterial pH: 7.47

Will this patient survive to hospital discharge?","[""Survives to hospital discharge"", ""Dies in hospital""]",0,"{""fields"": [{""key"": ""age"", ""label"": ""age"", ""value"": ""77.58"", ""unit"": ""years""}, {""key"": ""sex"", ""label"": ""sex"", ""value"": ""female"", ""unit"": """"}, {""key"": ""race"", ""label"": ""race"", ""value"": ""other"", ""unit"": """"}, {""key"": ""dzgroup"", ""label"": ""primary disease group"", ""value"": ""CHF"", ""unit"": """"}, {""key"": ""dzclass"", ""label"": ""disease class"", ""value"": ""COPD/CHF/Cirrhosis"", ""unit"": """"}, {""key"": ""num.co"", ""label"": ""number of comorbidities"", ""value"": ""2"", ""unit"": """"}, {""key"": ""ca"", ""label"": ""cancer status"", ""value"": ""no"", ""unit"": """"}, {""key"": ""diabetes"", ""label"": ""diabetes"", ""value"": ""yes"", ""unit"": """"}, {""key"": ""dementia"", ""label"": ""dementia"", ""value"": ""no"", ""unit"": """"}, {""key"": ""scoma"", ""label"": ""SUPPORT coma score"", ""value"": ""0"", ""unit"": """"}, {""key"": ""hday"", ""label"": ""day of hospital stay at enrolment"", ""value"": ""1"", ""unit"": """"}, {""key"": ""meanbp"", ""label"": ""mean arterial pressure"", ""value"": ""90"", ""unit"": ""mmHg""}, {""key"": ""hrt"", ""label"": ""heart rate"", ""value"": ""84"", ""unit"": ""bpm""}, {""key"": ""resp"", ""label"": ""respiratory rate"", ""value"": ""32"", ""unit"": ""breaths/min""}, {""key"": ""temp"", ""label"": ""temperature"", ""value"": ""36.59"", ""unit"": ""C""}, {""key"": ""wblc"", ""label"": ""white blood cell count"", ""value"": ""12.4"", ""unit"": ""10^3/uL""}, {""key"": ""pafi"", ""label"": ""PaO2/FiO2 ratio"", ""value"": ""276.19"", ""unit"": """"}, {""key"": ""crea"", ""label"": ""serum creatinine"", ""value"": ""0.8"", ""unit"": ""mg/dL""}, {""key"": ""sod"", ""label"": ""serum sodium"", ""value"": ""139"", ""unit"": ""mEq/L""}, {""key"": ""ph"", ""label"": ""arterial pH"", ""value"": ""7.47"", ""unit"": """"}], ""absent"": [{""key"": ""adls"", ""label"": ""activities of daily living""}, {""key"": ""alb"", ""label"": ""serum albumin""}, {""key"": ""bili"", ""label"": ""bilirubin""}, {""key"": ""glucose"", ""label"": ""serum glucose""}, {""key"": ""bun"", ""label"": ""blood urea nitrogen""}, {""key"": ""urine"", ""label"": ""urine output""}], ""stem"": ""Will this patient survive to hospital discharge?"", ""header"": ""Patient record:"", ""target"": ""hospdead"", ""source"": ""support2""}"
support2-56,support2-56,text,Survives to hospital discharge,,,"Patient record:
- age: 84.96 years
- sex: male
- race: white
- primary disease group: CHF
- disease class: COPD/CHF/Cirrhosis
- number of comorbidities: 4
- cancer status: no
- diabetes: no
- dementia: no
- SUPPORT coma score: 0
- day of hospital stay at enrolment: 1
- mean arterial pressure: 92 mmHg
- heart rate: 80 bpm
- respiratory rate: 32 breaths/min
- temperature: 37.2 C
- white blood cell count: 13.7 10^3/uL
- PaO2/FiO2 ratio: 313.31
- serum albumin: 3.8 g/dL
- bilirubin: 0.3 mg/dL
- serum creatinine: 1.3 mg/dL
- serum sodium: 137 mEq/L
- arterial pH: 7.43

Will this patient survive to hospital discharge?","[""Survives to hospital discharge"", ""Dies in hospital""]",0,"{""fields"": [{""key"": ""age"", ""label"": ""age"", ""value"": ""84.96"", ""unit"": ""years""}, {""key"": ""sex"", ""label"": ""sex"", ""value"": ""male"", ""unit"": """"}, {""key"": ""race"", ""label"": ""race"", ""value"": ""white"", ""unit"": """"}, {""key"": ""dzgroup"", ""label"": ""primary disease group"", ""value"": ""CHF"", ""unit"": """"}, {""key"": ""dzclass"", ""label"": ""disease class"", ""value"": ""COPD/CHF/Cirrhosis"", ""unit"": """"}, {""key"": ""num.co"", ""label"": ""number of comorbidities"", ""value"": ""4"", ""unit"": """"}, {""key"": ""ca"", ""label"": ""cancer status"", ""value"": ""no"", ""unit"": """"}, {""key"": ""diabetes"", ""label"": ""diabetes"", ""value"": ""no"", ""unit"": """"}, {""key"": ""dementia"", ""label"": ""dementia"", ""value"": ""no"", ""unit"": """"}, {""key"": ""scoma"", ""label"": ""SUPPORT coma score"", ""value"": ""0"", ""unit"": """"}, {""key"": ""hday"", ""label"": ""day of hospital stay at enrolment"", ""value"": ""1"", ""unit"": """"}, {""key"": ""meanbp"", ""label"": ""mean arterial pressure"", ""value"": ""92"", ""unit"": ""mmHg""}, {""key"": ""hrt"", ""label"": ""heart rate"", ""value"": ""80"", ""unit"": ""bpm""}, {""key"": ""resp"", ""label"": ""respiratory rate"", ""value"": ""32"", ""unit"": ""breaths/min""}, {""key"": ""temp"", ""label"": ""temperature"", ""value"": ""37.2"", ""unit"": ""C""}, {""key"": ""wblc"", ""label"": ""white blood cell count"", ""value"": ""13.7"", ""unit"": ""10^3/uL""}, {""key"": ""pafi"", ""label"": ""PaO2/FiO2 ratio"", ""value"": ""313.31"", ""unit"": """"}, {""key"": ""alb"", ""label"": ""serum albumin"", ""value"": ""3.8"", ""unit"": ""g/dL""}, {""key"": ""bili"", ""label"": ""bilirubin"", ""value"": ""0.3"", ""unit"": ""mg/dL""}, {""key"": ""crea"", ""label"": ""serum creatinine"", ""value"": ""1.3"", ""unit"": ""mg/dL""}, {""key"": ""sod"", ""label"": ""serum sodium"", ""value"": ""137"", ""unit"": ""mEq/L""}, {""key"": ""ph"", ""label"": ""arterial pH"", ""value"": ""7.43"", ""unit"": """"}], ""absent"": [{""key"": ""adls"", ""label"": ""activities of daily living""}, {""key"": ""glucose"", ""label"": ""serum glucose""}, {""key"": ""bun"", ""label"": ""blood urea nitrogen""}, {""key"": ""urine"", ""label"": ""urine output""}], ""stem"": ""Will this patient survive to hospital discharge?"", ""header"": ""Patient record:"", ""target"": ""hospdead"", ""source"": ""support2""}"
support2-57,support2-57,text,Dies in hospital,,,"Patient record:
- age: 41.52 years
- sex: male
- race: white
- primary disease group: MOSF w/Malig
- disease class: ARF/MOSF
- number of comorbidities: 2
- cancer status: yes
- diabetes: no
- dementia: no
- SUPPORT coma score: 26
- activities of daily living: 0
- day of hospital stay at enrolment: 26
- mean arterial pressure: 66 mmHg
- heart rate: 130 bpm
- respiratory rate: 18 breaths/min
- temperature: 37.5 C
- white blood cell count: 0.2 10^3/uL
- PaO2/FiO2 ratio: 315
- serum albumin: 1.9 g/dL
- bilirubin: 3.8 mg/dL
- serum creatinine: 7.3 mg/dL
- serum sodium: 134 mEq/L
- arterial pH: 7.36

Will this patient survive to hospital discharge?","[""Survives to hospital discharge"", ""Dies in hospital""]",1,"{""fields"": [{""key"": ""age"", ""label"": ""age"", ""value"": ""41.52"", ""unit"": ""years""}, {""key"": ""sex"", ""label"": ""sex"", ""value"": ""male"", ""unit"": """"}, {""key"": ""race"", ""label"": ""race"", ""value"": ""white"", ""unit"": """"}, {""key"": ""dzgroup"", ""label"": ""primary disease group"", ""value"": ""MOSF w/Malig"", ""unit"": """"}, {""key"": ""dzclass"", ""label"": ""disease class"", ""value"": ""ARF/MOSF"", ""unit"": """"}, {""key"": ""num.co"", ""label"": ""number of comorbidities"", ""value"": ""2"", ""unit"": """"}, {""key"": ""ca"", ""label"": ""cancer status"", ""value"": ""yes"", ""unit"": """"}, {""key"": ""diabetes"", ""label"": ""diabetes"", ""value"": ""no"", ""unit"": """"}, {""key"": ""dementia"", ""label"": ""dementia"", ""value"": ""no"", ""unit"": """"}, {""key"": ""scoma"", ""label"": ""SUPPORT coma score"", ""value"": ""26"", ""unit"": """"}, {""key"": ""adls"", ""label"": ""activities of daily living"", ""value"": ""0"", ""unit"": """"}, {""key"": ""hday"", ""label"": ""day of hospital stay at enrolment"", ""value"": ""26"", ""unit"": """"}, {""key"": ""meanbp"", ""label"": ""mean arterial pressure"", ""value"": ""66"", ""unit"": ""mmHg""}, {""key"": ""hrt"", ""label"": ""heart rate"", ""value"": ""130"", ""unit"": ""bpm""}, {""key"": ""resp"", ""label"": ""respiratory rate"", ""value"": ""18"", ""unit"": ""breaths/min""}, {""key"": ""temp"", ""label"": ""temperature"", ""value"": ""37.5"", ""unit"": ""C""}, {""key"": ""wblc"", ""label"": ""white blood cell count"", ""value"": ""0.2"", ""unit"": ""10^3/uL""}, {""key"": ""pafi"", ""label"": ""PaO2/FiO2 ratio"", ""value"": ""315"", ""unit"": """"}, {""key"": ""alb"", ""label"": ""serum albumin"", ""value"": ""1.9"", ""unit"": ""g/dL""}, {""key"": ""bili"", ""label"": ""bilirubin"", ""value"": ""3.8"", ""unit"": ""mg/dL""}, {""key"": ""crea"", ""label"": ""serum creatinine"", ""value"": ""7.3"", ""unit"": ""mg/dL""}, {""key"": ""sod"", ""label"": ""serum sodium"", ""value"": ""134"", ""unit"": ""mEq/L""}, {""key"": ""ph"", ""label"": ""arterial pH"", ""value"": ""7.36"", ""unit"": """"}], ""absent"": [{""key"": ""glucose"", ""label"": ""serum glucose""}, {""key"": ""bun"", ""label"": ""blood urea nitrogen""}, {""key"": ""urine"", ""label"": ""urine output""}], ""stem"": ""Will this patient survive to hospital discharge?"", ""header"": ""Patient record:"", ""target"": ""hospdead"", ""source"": ""support2""}"
support2-58,support2-58,text,Survives to hospital discharge,,,"Patient record:
- age: 39.69 years
- sex: female
- race: white
- primary disease group: ARF/MOSF w/Sepsis
- disease class: ARF/MOSF
- number of comorbidities: 0
- cancer status: no
- diabetes: yes
- dementia: no
- SUPPORT coma score: 0
- activities of daily living: 0
- day of hospital stay at enrolment: 7
- mean arterial pressure: 62 mmHg
- heart rate: 125 bpm
- respiratory rate: 24 breaths/min
- temperature: 39.2 C
- white blood cell count: 36.7 10^3/uL
- PaO2/FiO2 ratio: 208.56
- serum albumin: 1.6 g/dL
- bilirubin: 0.4 mg/dL
- serum creatinine: 7.7 mg/dL
- serum sodium: 139 mEq/L
- arterial pH: 7.4

Will this patient survive to hospital discharge?","[""Survives to hospital discharge"", ""Dies in hospital""]",0,"{""fields"": [{""key"": ""age"", ""label"": ""age"", ""value"": ""39.69"", ""unit"": ""years""}, {""key"": ""sex"", ""label"": ""sex"", ""value"": ""female"", ""unit"": """"}, {""key"": ""race"", ""label"": ""race"", ""value"": ""white"", ""unit"": """"}, {""key"": ""dzgroup"", ""label"": ""primary disease group"", ""value"": ""ARF/MOSF w/Sepsis"", ""unit"": """"}, {""key"": ""dzclass"", ""label"": ""disease class"", ""value"": ""ARF/MOSF"", ""unit"": """"}, {""key"": ""num.co"", ""label"": ""number of comorbidities"", ""value"": ""0"", ""unit"": """"}, {""key"": ""ca"", ""label"": ""cancer status"", ""value"": ""no"", ""unit"": """"}, {""key"": ""diabetes"", ""label"": ""diabetes"", ""value"": ""yes"", ""unit"": """"}, {""key"": ""dementia"", ""label"": ""dementia"", ""value"": ""no"", ""unit"": """"}, {""key"": ""scoma"", ""label"": ""SUPPORT coma score"", ""value"": ""0"", ""unit"": """"}, {""key"": ""adls"", ""label"": ""activities of daily living"", ""value"": ""0"", ""unit"": """"}, {""key"": ""hday"", ""label"": ""day of hospital stay at enrolment"", ""value"": ""7"", ""unit"": """"}, {""key"": ""meanbp"", ""label"": ""mean arterial pressure"", ""value"": ""62"", ""unit"": ""mmHg""}, {""key"": ""hrt"", ""label"": ""heart rate"", ""value"": ""125"", ""unit"": ""bpm""}, {""key"": ""resp"", ""label"": ""respiratory rate"", ""value"": ""24"", ""unit"": ""breaths/min""}, {""key"": ""temp"", ""label"": ""temperature"", ""value"": ""39.2"", ""unit"": ""C""}, {""key"": ""wblc"", ""label"": ""white blood cell count"", ""value"": ""36.7"", ""unit"": ""10^3/uL""}, {""key"": ""pafi"", ""label"": ""PaO2/FiO2 ratio"", ""value"": ""208.56"", ""unit"": """"}, {""key"": ""alb"", ""label"": ""serum albumin"", ""value"": ""1.6"", ""unit"": ""g/dL""}, {""key"": ""bili"", ""label"": ""bilirubin"", ""value"": ""0.4"", ""unit"": ""mg/dL""}, {""key"": ""crea"", ""label"": ""serum creatinine"", ""value"": ""7.7"", ""unit"": ""mg/dL""}, {""key"": ""sod"", ""label"": ""serum sodium"", ""value"": ""139"", ""unit"": ""mEq/L""}, {""key"": ""ph"", ""label"": ""arterial pH"", ""value"": ""7.4"", ""unit"": """"}], ""absent"": [{""key"": ""glucose"", ""label"": ""serum glucose""}, {""key"": ""bun"", ""label"": ""blood urea nitrogen""}, {""key"": ""urine"", ""label"": ""urine output""}], ""stem"": ""Will this patient survive to hospital discharge?"", ""header"": ""Patient record:"", ""target"": ""hospdead"", ""source"": ""support2""}"
support2-59,support2-59,text,Dies in hospital,,,"Patient record:
- age: 72.56 years
- sex: female
- race: white
- primary disease group: COPD
- disease class: COPD/CHF/Cirrhosis
- number of comorbidities: 3
- cancer status: metastatic
- diabetes: no
- dementia: no
- SUPPORT coma score: 0
- day of hospital stay at enrolment: 1
- mean arterial pressure: 123 mmHg
- heart rate: 98 bpm
- respiratory rate: 32 breaths/min
- temperature: 37.2 C
- white blood cell count: 13.3 10^3/uL
- PaO2/FiO2 ratio: 144.88
- serum creatinine: 0.5 mg/dL
- serum sodium: 136 mEq/L
- arterial pH: 7.34

Will this patient survive to hospital discharge?","[""Survives to hospital discharge"", ""Dies in hospital""]",1,"{""fields"": [{""key"": ""age"", ""label"": ""age"", ""value"": ""72.56"", ""unit"": ""years""}, {""key"": ""sex"", ""label"": ""sex"", ""value"": ""female"", ""unit"": """"}, {""key"": ""race"", ""label"": ""race"", ""value"": ""white"", ""unit"": """"}, {""key"": ""dzgroup"", ""label"": ""primary disease group"", ""value"": ""COPD"", ""unit"": """"}, {""key"": ""dzclass"", ""label"": ""disease class"", ""value"": ""COPD/CHF/Cirrhosis"", ""unit"": """"}, {""key"": ""num.co"", ""label"": ""number of comorbidities"", ""value"": ""3"", ""unit"": """"}, {""key"": ""ca"", ""label"": ""cancer status"", ""value"": ""metastatic"", ""unit"": """"}, {""key"": ""diabetes"", ""label"": ""diabetes"", ""value"": ""no"", ""unit"": """"}, {""key"": ""dementia"", ""label"": ""dementia"", ""value"": ""no"", ""unit"": """"}, {""key"": ""scoma"", ""label"": ""SUPPORT coma score"", ""value"": ""0"", ""unit"": """"}, {""key"": ""hday"", ""label"": ""day of hospital stay at enrolment"", ""value"": ""1"", ""unit"": """"}, {""key"": ""meanbp"", ""label"": ""mean arterial pressure"", ""value"": ""123"", ""unit"": ""mmHg""}, {""key"": ""hrt"", ""label"": ""heart rate"", ""value"": ""98"", ""unit"": ""bpm""}, {""key"": ""resp"", ""label"": ""respiratory rate"", ""value"": ""32"", ""unit"": ""breaths/min""}, {""key"": ""temp"", ""label"": ""temperature"", ""value"": ""37.2"", ""unit"": ""C""}, {""key"": ""wblc"", ""label"": ""white blood cell count"", ""value"": ""13.3"", ""unit"": ""10^3/uL""}, {""key"": ""pafi"", ""label"": ""PaO2/FiO2 ratio"", ""value"": ""144.88"", ""unit"": """"}, {""key"": ""crea"", ""label"": ""serum creatinine"", ""value"": ""0.5"", ""unit"": ""mg/dL""}, {""key"": ""sod"", ""label"": ""serum sodium"", ""value"": ""136"", ""unit"": ""mEq/L""}, {""key"": ""ph"", ""label"": ""arterial pH"", ""value"": ""7.34"", ""unit"": """"}], ""absent"": [{""key"": ""adls"", ""label"": ""activities of daily living""}, {""key"": ""alb"", ""label"": ""serum albumin""}, {""key"": ""bili"", ""label"": ""bilirubin""}, {""key"": ""glucose"", ""label"": ""serum glucose""}, {""key"": ""bun"", ""label"": ""blood urea nitrogen""}, {""key"": ""urine"", ""label"": ""urine output""}], ""stem"": ""Will this patient survive to hospital discharge?"", ""header"": ""Patient record:"", ""target"": ""hospdead"", ""source"": ""support2""}"
support2-6,support2-6,text,Dies in hospital,,,"Patient record:
- age: 93.02 years
- sex: male
- race: white
- primary disease group: Coma
- disease class: Coma
- number of comorbidities: 1
- cancer status: no
- diabetes: no
- dementia: no
- SUPPORT coma score: 55
- activities of daily living: 1
- day of hospital stay at enrolment: 1
- mean arterial pressure: 110 mmHg
- heart rate: 101 bpm
- respiratory rate: 44 breaths/min
- temperature: 38.4 C
- white blood cell count: 10.4 10^3/uL
- PaO2/FiO2 ratio: 266.62
- serum creatinine: 0.7 mg/dL
- serum sodium: 140 mEq/L
- arterial pH: 7.66

Will this patient survive to hospital discharge?","[""Survives to hospital discharge"", ""Dies in hospital""]",1,"{""fields"": [{""key"": ""age"", ""label"": ""age"", ""value"": ""93.02"", ""unit"": ""years""}, {""key"": ""sex"", ""label"": ""sex"", ""value"": ""male"", ""unit"": """"}, {""key"": ""race"", ""label"": ""race"", ""value"": ""white"", ""unit"": """"}, {""key"": ""dzgroup"", ""label"": ""primary disease group"", ""value"": ""Coma"", ""unit"": """"}, {""key"": ""dzclass"", ""label"": ""disease class"", ""value"": ""Coma"", ""unit"": """"}, {""key"": ""num.co"", ""label"": ""number of comorbidities"", ""value"": ""1"", ""unit"": """"}, {""key"": ""ca"", ""label"": ""cancer status"", ""value"": ""no"", ""unit"": """"}, {""key"": ""diabetes"", ""label"": ""diabetes"", ""value"": ""no"", ""unit"": """"}, {""key"": ""dementia"", ""label"": ""dementia"", ""value"": ""no"", ""unit"": """"}, {""key"": ""scoma"", ""label"": ""SUPPORT coma score"", ""value"": ""55"", ""unit"": """"}, {""key"": ""adls"", ""label"": ""activities of daily living"", ""value"": ""1"", ""unit"": """"}, {""key"": ""hday"", ""label"": ""day of hospital stay at enrolment"", ""value"": ""1"", ""unit"": """"}, {""key"": ""meanbp"", ""label"": ""mean arterial pressure"", ""value"": ""110"", ""unit"": ""mmHg""}, {""key"": ""hrt"", ""label"": ""heart rate"", ""value"": ""101"", ""unit"": ""bpm""}, {""key"": ""resp"", ""label"": ""respiratory rate"", ""value"": ""44"", ""unit"": ""breaths/min""}, {""key"": ""temp"", ""label"": ""temperature"", ""value"": ""38.4"", ""unit"": ""C""}, {""key"": ""wblc"", ""label"": ""white blood cell count"", ""value"": ""10.4"", ""unit"": ""10^3/uL""}, {""key"": ""pafi"", ""label"": ""PaO2/FiO2 ratio"", ""value"": ""266.62"", ""unit"": """"}, {""key"": ""crea"", ""label"": ""serum creatinine"", ""value"": ""0.7"", ""unit"": ""mg/dL""}, {""key"": ""sod"", ""label"": ""serum sodium"", ""value"": ""140"", ""unit"": ""mEq/L""}, {""key"": ""ph"", ""label"": ""arterial pH"", ""value"": ""7.66"", ""unit"": """"}], ""absent"": [{""key"": ""alb"", ""label"": ""serum albumin""}, {""key"": ""bili"", ""label"": ""bilirubin""}, {""key"": ""glucose"", ""label"": ""serum glucose""}, {""key"": ""bun"", ""label"": ""blood urea nitrogen""}, {""key"": ""urine"", ""label"": ""urine output""}], ""stem"": ""Will this patient survive to hospital discharge?"", ""header"": ""Patient record:"", ""target"": ""hospdead"", ""source"": ""support2""}"
support2-60,support2-60,text,Survives to hospital discharge,,,"Patient record:
- age: 60.1 years
- sex: male
- race: white
- primary disease group: Cirrhosis
- disease class: COPD/CHF/Cirrhosis
- number of comorbidities: 1
- cancer status: no
- diabetes: no
- dementia: no
- SUPPORT coma score: 0
- day of hospital stay at enrolment: 1
- mean arterial pressure: 110 mmHg
- heart rate: 125 bpm
- respiratory rate: 10 breaths/min
- temperature: 38.09 C
- white blood cell count: 6.3 10^3/uL
- PaO2/FiO2 ratio: 208
- serum albumin: 2.8 g/dL
- bilirubin: 3.4 mg/dL
- serum creatinine: 1 mg/dL
- serum sodium: 142 mEq/L
- arterial pH: 7.44

Will this patient survive to hospital discharge?","[""Survives to hospital discharge"", ""Dies in hospital""]",0,"{""fields"": [{""key"": ""age"", ""label"": ""age"", ""value"": ""60.1"", ""unit"": ""years""}, {""key"": ""sex"", ""label"": ""sex"", ""value"": ""male"", ""unit"": """"}, {""key"": ""race"", ""label"": ""race"", ""value"": ""white"", ""unit"": """"}, {""key"": ""dzgroup"", ""label"": ""primary disease group"", ""value"": ""Cirrhosis"", ""unit"": """"}, {""key"": ""dzclass"", ""label"": ""disease class"", ""value"": ""COPD/CHF/Cirrhosis"", ""unit"": """"}, {""key"": ""num.co"", ""label"": ""number of comorbidities"", ""value"": ""1"", ""unit"": """"}, {""key"": ""ca"", ""label"": ""cancer status"", ""value"": ""no"", ""unit"": """"}, {""key"": ""diabetes"", ""label"": ""diabetes"", ""value"": ""no"", ""unit"": """"}, {""key"": ""dementia"", ""label"": ""dementia"", ""value"": ""no"", ""unit"": """"}, {""key"": ""scoma"", ""label"": ""SUPPORT coma score"", ""value"": ""0"", ""unit"": """"}, {""key"": ""hday"", ""label"": ""day of hospital stay at enrolment"", ""value"": ""1"", ""unit"": """"}, {""key"": ""meanbp"", ""label"": ""mean arterial pressure"", ""value"": ""110"", ""unit"": ""mmHg""}, {""key"": ""hrt"", ""label"": ""heart rate"", ""value"": ""125"", ""unit"": ""bpm""}, {""key"": ""resp"", ""label"": ""respiratory rate"", ""value"": ""10"", ""unit"": ""breaths/min""}, {""key"": ""temp"", ""label"": ""temperature"", ""value"": ""38.09"", ""unit"": ""C""}, {""key"": ""wblc"", ""label"": ""white blood cell count"", ""value"": ""6.3"", ""unit"": ""10^3/uL""}, {""key"": ""pafi"", ""label"": ""PaO2/FiO2 ratio"", ""value"": ""208"", ""unit"": """"}, {""key"": ""alb"", ""label"": ""serum albumin"", ""value"": ""2.8"", ""unit"": ""g/dL""}, {""key"": ""bili"", ""label"": ""bilirubin"", ""value"": ""3.4"", ""unit"": ""mg/dL""}, {""key"": ""crea"", ""label"": ""serum creatinine"", ""value"": ""1"", ""unit"": ""mg/dL""}, {""key"": ""sod"", ""label"": ""serum sodium"", ""value"": ""142"", ""unit"": ""mEq/L""}, {""key"": ""ph"", ""label"": ""arterial pH"", ""value"": ""7.44"", ""unit"": """"}], ""absent"": [{""key"": ""adls"", ""label"": ""activities of daily living""}, {""key"": ""glucose"", ""label"": ""serum glucose""}, {""key"": ""bun"", ""label"": ""blood urea nitrogen""}, {""key"": ""urine"", ""label"": ""urine output""}], ""stem"": ""Will this patient survive to hospital discharge?"", ""header"": ""Patient record:"", ""target"": ""hospdead"", ""source"": ""support2""}"
support2-61,support2-61,text,Survives to hospital discharge,,,"Patient record:
- age: 70.81 years
- sex: male
- race: black
- primary disease group: CHF
- disease class: COPD/CHF/Cirrhosis
- number of comorbidities: 1
- cancer status: no
- diabetes: no
- dementia: no
- SUPPORT coma score: 0
- day of hospital stay at enrolment: 1
- mean arterial pressure: 88 mmHg
- heart rate: 80 bpm
- respiratory rate: 22 breaths/min
- temperature: 37 C
- white blood cell count: 6.9 10^3/uL
- serum creatinine: 1.8 mg/dL
- serum sodium: 142 mEq/L

Will this patient survive to hospital discharge?","[""Survives to hospital discharge"", ""Dies in hospital""]",0,"{""fields"": [{""key"": ""age"", ""label"": ""age"", ""value"": ""70.81"", ""unit"": ""years""}, {""key"": ""sex"", ""label"": ""sex"", ""value"": ""male"", ""unit"": """"}, {""key"": ""race"", ""label"": ""race"", ""value"": ""black"", ""unit"": """"}, {""key"": ""dzgroup"", ""label"": ""primary disease group"", ""value"": ""CHF"", ""unit"": """"}, {""key"": ""dzclass"", ""label"": ""disease class"", ""value"": ""COPD/CHF/Cirrhosis"", ""unit"": """"}, {""key"": ""num.co"", ""label"": ""number of comorbidities"", ""value"": ""1"", ""unit"": """"}, {""key"": ""ca"", ""label"": ""cancer status"", ""value"": ""no"", ""unit"": """"}, {""key"": ""diabetes"", ""label"": ""diabetes"", ""value"": ""no"", ""unit"": """"}, {""key"": ""dementia"", ""label"": ""dementia"", ""value"": ""no"", ""unit"": """"}, {""key"": ""scoma"", ""label"": ""SUPPORT coma score"", ""value"": ""0"", ""unit"": """"}, {""key"": ""hday"", ""label"": ""day of hospital stay at enrolment"", ""value"": ""1"", ""unit"": """"}, {""key"": ""meanbp"", ""label"": ""mean arterial pressure"", ""value"": ""88"", ""unit"": ""mmHg""}, {""key"": ""hrt"", ""label"": ""heart rate"", ""value"": ""80"", ""unit"": ""bpm""}, {""key"": ""resp"", ""label"": ""respiratory rate"", ""value"": ""22"", ""unit"": ""breaths/min""}, {""key"": ""temp"", ""label"": ""temperature"", ""value"": ""37"", ""unit"": ""C""}, {""key"": ""wblc"", ""label"": ""white blood cell count"", ""value"": ""6.9"", ""unit"": ""10^3/uL""}, {""key"": ""crea"", ""label"": ""serum creatinine"", ""value"": ""1.8"", ""unit"": ""mg/dL""}, {""key"": ""sod"", ""label"": ""serum sodium"", ""value"": ""142"", ""unit"": ""mEq/L""}], ""absent"": [{""key"": ""adls"", ""label"": ""activities of daily living""}, {""key"": ""pafi"", ""label"": ""PaO2/FiO2 ratio""}, {""key"": ""alb"", ""label"": ""serum albumin""}, {""key"": ""bili"", ""label"": ""bilirubin""}, {""key"": ""ph"", ""label"": ""arterial pH""}, {""key"": ""glucose"", ""label"": ""serum glucose""}, {""key"": ""bun"", ""label"": ""blood urea nitrogen""}, {""key"": ""urine"", ""label"": ""urine output""}], ""stem"": ""Will this patient survive to hospital discharge?"", ""header"": ""Patient record:"", ""target"": ""hospdead"", ""source"": ""support2""}"
support2-62,support2-62,text,Survives to hospital discharge,,,"Patient record:
- age: 30.76 years
- sex: male
- race: hispanic
- primary disease group: CHF
- disease class: COPD/CHF/Cirrhosis
- number of comorbidities: 1
- cancer status: no
- diabetes: no
- dementia: no
- SUPPORT coma score: 0
- day of hospital stay at enrolment: 1
- mean arterial pressure: 70 mmHg
- heart rate: 122 bpm
- respiratory rate: 16 breaths/min
- temperature: 36.5 C
- white blood cell count: 6.6 10^3/uL
- PaO2/FiO2 ratio: 528.5
- serum creatinine: 2.1 mg/dL
- serum sodium: 133 mEq/L
- arterial pH: 7.46

Will this patient survive to hospital discharge?","[""Survives to hospital discharge"", ""Dies in hospital""]",0,"{""fields"": [{""key"": ""age"", ""label"": ""age"", ""value"": ""30.76"", ""unit"": ""years""}, {""key"": ""sex"", ""label"": ""sex"", ""value"": ""male"", ""unit"": """"}, {""key"": ""race"", ""label"": ""race"", ""value"": ""hispanic"", ""unit"": """"}, {""key"": ""dzgroup"", ""label"": ""primary disease group"", ""value"": ""CHF"", ""unit"": """"}, {""key"": ""dzclass"", ""label"": ""disease class"", ""value"": ""COPD/CHF/Cirrhosis"", ""unit"": """"}, {""key"": ""num.co"", ""label"": ""number of comorbidities"", ""value"": ""1"", ""unit"": """"}, {""key"": ""ca"", ""label"": ""cancer status"", ""value"": ""no"", ""unit"": """"}, {""key"": ""diabetes"", ""label"": ""diabetes"", ""value"": ""no"", ""unit"": """"}, {""key"": ""dementia"", ""label"": ""dementia"", ""value"": ""no"", ""unit"": """"}, {""key"": ""scoma"", ""label"": ""SUPPORT coma score"", ""value"": ""0"", ""unit"": """"}, {""key"": ""hday"", ""label"": ""day of hospital stay at enrolment"", ""value"": ""1"", ""unit"": """"}, {""key"": ""meanbp"", ""label"": ""mean arterial pressure"", ""value"": ""70"", ""unit"": ""mmHg""}, {""key"": ""hrt"", ""label"": ""heart rate"", ""value"": ""122"", ""unit"": ""bpm""}, {""key"": ""resp"", ""label"": ""respiratory rate"", ""value"": ""16"", ""unit"": ""breaths/min""}, {""key"": ""temp"", ""label"": ""temperature"", ""value"": ""36.5"", ""unit"": ""C""}, {""key"": ""wblc"", ""label"": ""white blood cell count"", ""value"": ""6.6"", ""unit"": ""10^3/uL""}, {""key"": ""pafi"", ""label"": ""PaO2/FiO2 ratio"", ""value"": ""528.5"", ""unit"": """"}, {""key"": ""crea"", ""label"": ""serum creatinine"", ""value"": ""2.1"", ""unit"": ""mg/dL""}, {""key"": ""sod"", ""label"": ""serum sodium"", ""value"": ""133"", ""unit"": ""mEq/L""}, {""key"": ""ph"", ""label"": ""arterial pH"", ""value"": ""7.46"", ""unit"": """"}], ""absent"": [{""key"": ""adls"", ""label"": ""activities of daily living""}, {""key"": ""alb"", ""label"": ""serum albumin""}, {""key"": ""bili"", ""label"": ""bilirubin""}, {""key"": ""glucose"", ""label"": ""serum glucose""}, {""key"": ""bun"", ""label"": ""blood urea nitrogen""}, {""key"": ""urine"", ""label"": ""urine output""}], ""stem"": ""Will this patient survive to hospital discharge?"", ""header"": ""Patient record:"", ""target"": ""hospdead"", ""source"": ""support2""}"
support2-63,support2-63,text,Survives to hospital discharge,,,"Patient record:
- age: 64.24 years
- sex: male
- race: white
- primary disease group: ARF/MOSF w/Sepsis
- disease class: ARF/MOSF
- number of comorbidities: 1
- cancer status: no
- diabetes: no
- dementia: no
- SUPPORT coma score: 0
- activities of daily living: 0
- day of hospital stay at enrolment: 5
- mean arterial pressure: 68 mmHg
- heart rate: 122 bpm
- respiratory rate: 12 breaths/min
- temperature: 38.7 C
- white blood cell count: 9.5 10^3/uL
- PaO2/FiO2 ratio: 114
- serum creatinine: 1.3 mg/dL
- serum sodium: 136 mEq/L
- arterial pH: 7.32

Will this patient survive to hospital discharge?","[""Survives to hospital discharge"", ""Dies in hospital""]",0,"{""fields"": [{""key"": ""age"", ""label"": ""age"", ""value"": ""64.24"", ""unit"": ""years""}, {""key"": ""sex"", ""label"": ""sex"", ""value"": ""male"", ""unit"": """"}, {""key"": ""race"", ""label"": ""race"", ""value"": ""white"", ""unit"": """"}, {""key"": ""dzgroup"", ""label"": ""primary disease group"", ""value"": ""ARF/MOSF w/Sepsis"", ""unit"": """"}, {""key"": ""dzclass"", ""label"": ""disease class"", ""value"": ""ARF/MOSF"", ""unit"": """"}, {""key"": ""num.co"", ""label"": ""number of comorbidities"", ""value"": ""1"", ""unit"": """"}, {""key"": ""ca"", ""label"": ""cancer status"", ""value"": ""no"", ""unit"": """"}, {""key"": ""diabetes"", ""label"": ""diabetes"", ""value"": ""no"", ""unit"": """"}, {""key"": ""dementia"", ""label"": ""dementia"", ""value"": ""no"", ""unit"": """"}, {""key"": ""scoma"", ""label"": ""SUPPORT coma score"", ""value"": ""0"", ""unit"": """"}, {""key"": ""adls"", ""label"": ""activities of daily living"", ""value"": ""0"", ""unit"": """"}, {""key"": ""hday"", ""label"": ""day of hospital stay at enrolment"", ""value"": ""5"", ""unit"": """"}, {""key"": ""meanbp"", ""label"": ""mean arterial pressure"", ""value"": ""68"", ""unit"": ""mmHg""}, {""key"": ""hrt"", ""label"": ""heart rate"", ""value"": ""122"", ""unit"": ""bpm""}, {""key"": ""resp"", ""label"": ""respiratory rate"", ""value"": ""12"", ""unit"": ""breaths/min""}, {""key"": ""temp"", ""label"": ""temperature"", ""value"": ""38.7"", ""unit"": ""C""}, {""key"": ""wblc"", ""label"": ""white blood cell count"", ""value"": ""9.5"", ""unit"": ""10^3/uL""}, {""key"": ""pafi"", ""label"": ""PaO2/FiO2 ratio"", ""value"": ""114"", ""unit"": """"}, {""key"": ""crea"", ""label"": ""serum creatinine"", ""value"": ""1.3"", ""unit"": ""mg/dL""}, {""key"": ""sod"", ""label"": ""serum sodium"", ""value"": ""136"", ""unit"": ""mEq/L""}, {""key"": ""ph"", ""label"": ""arterial pH"", ""value"": ""7.32"", ""unit"": """"}], ""absent"": [{""key"": ""alb"", ""label"": ""serum albumin""}, {""key"": ""bili"", ""label"": ""bilirubin""}, {""key"": ""glucose"", ""label"": ""serum glucose""}, {""key"": ""bun"", ""label"": ""blood urea nitrogen""}, {""key"": ""urine"", ""label"": ""urine output""}], ""stem"": ""Will this patient survive to hospital discharge?"", ""header"": ""Patient record:"", ""target"": ""hospdead"", ""source"": ""support2""}"
support2-64,support2-64,text,Survives to hospital discharge,,,"Patient record:
- age: 51.71 years
- sex: male
- race: asian
- primary disease group: CHF
- disease class: COPD/CHF/Cirrhosis
- number of comorbidities: 1
- cancer status: no
- diabetes: no
- dementia: no
- SUPPORT coma score: 0
- activities of daily living: 0
- day of hospital stay at enrolment: 1
- mean arterial pressure: 50 mmHg
- heart rate: 75 bpm
- respiratory rate: 20 breaths/min
- temperature: 36.8 C
- white blood cell count: 6.7 10^3/uL
- serum albumin: 3.7 g/dL
- serum creatinine: 0.9 mg/dL
- serum sodium: 138 mEq/L

Will this patient survive to hospital discharge?","[""Survives to hospital discharge"", ""Dies in hospital""]",0,"{""fields"": [{""key"": ""age"", ""label"": ""age"", ""value"": ""51.71"", ""unit"": ""years""}, {""key"": ""sex"", ""label"": ""sex"", ""value"": ""male"", ""unit"": """"}, {""key"": ""race"", ""label"": ""race"", ""value"": ""asian"", ""unit"": """"}, {""key"": ""dzgroup"", ""label"": ""primary disease group"", ""value"": ""CHF"", ""unit"": """"}, {""key"": ""dzclass"", ""label"": ""disease class"", ""value"": ""COPD/CHF/Cirrhosis"", ""unit"": """"}, {""key"": ""num.co"", ""label"": ""number of comorbidities"", ""value"": ""1"", ""unit"": """"}, {""key"": ""ca"", ""label"": ""cancer status"", ""value"": ""no"", ""unit"": """"}, {""key"": ""diabetes"", ""label"": ""diabetes"", ""value"": ""no"", ""unit"": """"}, {""key"": ""dementia"", ""label"": ""dementia"", ""value"": ""no"", ""unit"": """"}, {""key"": ""scoma"", ""label"": ""SUPPORT coma score"", ""value"": ""0"", ""unit"": """"}, {""key"": ""adls"", ""label"": ""activities of daily living"", ""value"": ""0"", ""unit"": """"}, {""key"": ""hday"", ""label"": ""day of hospital stay at enrolment"", ""value"": ""1"", ""unit"": """"}, {""key"": ""meanbp"", ""label"": ""mean arterial pressure"", ""value"": ""50"", ""unit"": ""mmHg""}, {""key"": ""hrt"", ""label"": ""heart rate"", ""value"": ""75"", ""unit"": ""bpm""}, {""key"": ""resp"", ""label"": ""respiratory rate"", ""value"": ""20"", ""unit"": ""breaths/min""}, {""key"": ""temp"", ""label"": ""temperature"", ""value"": ""36.8"", ""unit"": ""C""}, {""key"": ""wblc"", ""label"": ""white blood cell count"", ""value"": ""6.7"", ""unit"": ""10^3/uL""}, {""key"": ""alb"", ""label"": ""serum albumin"", ""value"": ""3.7"", ""unit"": ""g/dL""}, {""key"": ""crea"", ""label"": ""serum creatinine"", ""value"": ""0.9"", ""unit"": ""mg/dL""}, {""key"": ""sod"", ""label"": ""serum sodium"", ""value"": ""138"", ""unit"": ""mEq/L""}], ""absent"": [{""key"": ""pafi"", ""label"": ""PaO2/FiO2 ratio""}, {""key"": ""bili"", ""label"": ""bilirubin""}, {""key"": ""ph"", ""label"": ""arterial pH""}, {""key"": ""glucose"", ""label"": ""serum glucose""}, {""key"": ""bun"", ""label"": ""blood urea nitrogen""}, {""key"": ""urine"", ""label"": ""urine output""}], ""stem"": ""Will this patient survive to hospital discharge?"", ""header"": ""Patient record:"", ""target"": ""hospdead"", ""source"": ""support2""}"
support2-65,support2-65,text,Survives to hospital discharge,,,"Patient record:
- age: 64.64 years
- sex: male
- race: white
- primary disease group: ARF/MOSF w/Sepsis
- disease class: ARF/MOSF
- number of comorbidities: 3
- cancer status: no
- diabetes: yes
- dementia: no
- SUPPORT coma score: 9
- activities of daily living: 0
- day of hospital stay at enrolment: 17
- mean arterial pressure: 68 mmHg
- heart rate: 92 bpm
- respiratory rate: 38 breaths/min
- temperature: 38.8 C
- white blood cell count: 13.3 10^3/uL
- PaO2/FiO2 ratio: 113.67
- serum albumin: 3.4 g/dL
- bilirubin: 1.1 mg/dL
- serum creatinine: 2.3 mg/dL
- serum sodium: 133 mEq/L
- arterial pH: 7.48

Will this patient survive to hospital discharge?","[""Survives to hospital discharge"", ""Dies in hospital""]",0,"{""fields"": [{""key"": ""age"", ""label"": ""age"", ""value"": ""64.64"", ""unit"": ""years""}, {""key"": ""sex"", ""label"": ""sex"", ""value"": ""male"", ""unit"": """"}, {""key"": ""race"", ""label"": ""race"", ""value"": ""white"", ""unit"": """"}, {""key"": ""dzgroup"", ""label"": ""primary disease group"", ""value"": ""ARF/MOSF w/Sepsis"", ""unit"": """"}, {""key"": ""dzclass"", ""label"": ""disease class"", ""value"": ""ARF/MOSF"", ""unit"": """"}, {""key"": ""num.co"", ""label"": ""number of comorbidities"", ""value"": ""3"", ""unit"": """"}, {""key"": ""ca"", ""label"": ""cancer status"", ""value"": ""no"", ""unit"": """"}, {""key"": ""diabetes"", ""label"": ""diabetes"", ""value"": ""yes"", ""unit"": """"}, {""key"": ""dementia"", ""label"": ""dementia"", ""value"": ""no"", ""unit"": """"}, {""key"": ""scoma"", ""label"": ""SUPPORT coma score"", ""value"": ""9"", ""unit"": """"}, {""key"": ""adls"", ""label"": ""activities of daily living"", ""value"": ""0"", ""unit"": """"}, {""key"": ""hday"", ""label"": ""day of hospital stay at enrolment"", ""value"": ""17"", ""unit"": """"}, {""key"": ""meanbp"", ""label"": ""mean arterial pressure"", ""value"": ""68"", ""unit"": ""mmHg""}, {""key"": ""hrt"", ""label"": ""heart rate"", ""value"": ""92"", ""unit"": ""bpm""}, {""key"": ""resp"", ""label"": ""respiratory rate"", ""value"": ""38"", ""unit"": ""breaths/min""}, {""key"": ""temp"", ""label"": ""temperature"", ""value"": ""38.8"", ""unit"": ""C""}, {""key"": ""wblc"", ""label"": ""white blood cell count"", ""value"": ""13.3"", ""unit"": ""10^3/uL""}, {""key"": ""pafi"", ""label"": ""PaO2/FiO2 ratio"", ""value"": ""113.67"", ""unit"": """"}, {""key"": ""alb"", ""label"": ""serum albumin"", ""value"": ""3.4"", ""unit"": ""g/dL""}, {""key"": ""bili"", ""label"": ""bilirubin"", ""value"": ""1.1"", ""unit"": ""mg/dL""}, {""key"": ""crea"", ""label"": ""serum creatinine"", ""value"": ""2.3"", ""unit"": ""mg/dL""}, {""key"": ""sod"", ""label"": ""serum sodium"", ""value"": ""133"", ""unit"": ""mEq/L""}, {""key"": ""ph"", ""label"": ""arterial pH"", ""value"": ""7.48"", ""unit"": """"}], ""absent"": [{""key"": ""glucose"", ""label"": ""serum glucose""}, {""key"": ""bun"", ""label"": ""blood urea nitrogen""}, {""key"": ""urine"", ""label"": ""urine output""}], ""stem"": ""Will this patient survive to hospital discharge?"", ""header"": ""Patient record:"", ""target"": ""hospdead"", ""source"": ""support2""}"
support2-66,support2-66,text,Survives to hospital discharge,,,"Patient record:
- age: 69.41 years
- sex: male
- race: white
- primary disease group: Lung Cancer
- disease class: Cancer
- number of comorbidities: 2
- cancer status: metastatic
- diabetes: no
- dementia: yes
- SUPPORT coma score: 26
- activities of daily living: 2
- day of hospital stay at enrolment: 1
- mean arterial pressure: 109 mmHg
- heart rate: 68 bpm
- respiratory rate: 20 breaths/min
- temperature: 36.9 C
- white blood cell count: 5.3 10^3/uL
- serum albumin: 2.7 g/dL
- serum creatinine: 0.7 mg/dL
- serum sodium: 133 mEq/L

Will this patient survive to hospital discharge?","[""Survives to hospital discharge"", ""Dies in hospital""]",0,"{""fields"": [{""key"": ""age"", ""label"": ""age"", ""value"": ""69.41"", ""unit"": ""years""}, {""key"": ""sex"", ""label"": ""sex"", ""value"": ""male"", ""unit"": """"}, {""key"": ""race"", ""label"": ""race"", ""value"": ""white"", ""unit"": """"}, {""key"": ""dzgroup"", ""label"": ""primary disease group"", ""value"": ""Lung Cancer"", ""unit"": """"}, {""key"": ""dzclass"", ""label"": ""disease class"", ""value"": ""Cancer"", ""unit"": """"}, {""key"": ""num.co"", ""label"": ""number of comorbidities"", ""value"": ""2"", ""unit"": """"}, {""key"": ""ca"", ""label"": ""cancer status"", ""value"": ""metastatic"", ""unit"": """"}, {""key"": ""diabetes"", ""label"": ""diabetes"", ""value"": ""no"", ""unit"": """"}, {""key"": ""dementia"", ""label"": ""dementia"", ""value"": ""yes"", ""unit"": """"}, {""key"": ""scoma"", ""label"": ""SUPPORT coma score"", ""value"": ""26"", ""unit"": """"}, {""key"": ""adls"", ""label"": ""activities of daily living"", ""value"": ""2"", ""unit"": """"}, {""key"": ""hday"", ""label"": ""day of hospital stay at enrolment"", ""value"": ""1"", ""unit"": """"}, {""key"": ""meanbp"", ""label"": ""mean arterial pressure"", ""value"": ""109"", ""unit"": ""mmHg""}, {""key"": ""hrt"", ""label"": ""heart rate"", ""value"": ""68"", ""unit"": ""bpm""}, {""key"": ""resp"", ""label"": ""respiratory rate"", ""value"": ""20"", ""unit"": ""breaths/min""}, {""key"": ""temp"", ""label"": ""temperature"", ""value"": ""36.9"", ""unit"": ""C""}, {""key"": ""wblc"", ""label"": ""white blood cell count"", ""value"": ""5.3"", ""unit"": ""10^3/uL""}, {""key"": ""alb"", ""label"": ""serum albumin"", ""value"": ""2.7"", ""unit"": ""g/dL""}, {""key"": ""crea"", ""label"": ""serum creatinine"", ""value"": ""0.7"", ""unit"": ""mg/dL""}, {""key"": ""sod"", ""label"": ""serum sodium"", ""value"": ""133"", ""unit"": ""mEq/L""}], ""absent"": [{""key"": ""pafi"", ""label"": ""PaO2/FiO2 ratio""}, {""key"": ""bili"", ""label"": ""bilirubin""}, {""key"": ""ph"", ""label"": ""arterial pH""}, {""key"": ""glucose"", ""label"": ""serum glucose""}, {""key"": ""bun"", ""label"": ""blood urea nitrogen""}, {""key"": ""urine"", ""label"": ""urine output""}], ""stem"": ""Will this patient survive to hospital discharge?"", ""header"": ""Patient record:"", ""target"": ""hospdead"", ""source"": ""support2""}"
support2-67,support2-67,text,Survives to hospital discharge,,,"Patient record:
- age: 57.19 years
- sex: male
- race: white
- primary disease group: CHF
- disease class: COPD/CHF/Cirrhosis
- number of comorbidities: 2
- cancer status: no
- diabetes: no
- dementia: no
- SUPPORT coma score: 0
- day of hospital stay at enrolment: 1
- mean arterial pressure: 59 mmHg
- heart rate: 85 bpm
- respiratory rate: 26 breaths/min
- temperature: 36.8 C
- white blood cell count: 16 10^3/uL
- PaO2/FiO2 ratio: 204.75
- bilirubin: 0.5 mg/dL
- serum creatinine: 0.8 mg/dL
- serum sodium: 126 mEq/L
- arterial pH: 7.45

Will this patient survive to hospital discharge?","[""Survives to hospital discharge"", ""Dies in hospital""]",0,"{""fields"": [{""key"": ""age"", ""label"": ""age"", ""value"": ""57.19"", ""unit"": ""years""}, {""key"": ""sex"", ""label"": ""sex"", ""value"": ""male"", ""unit"": """"}, {""key"": ""race"", ""label"": ""race"", ""value"": ""white"", ""unit"": """"}, {""key"": ""dzgroup"", ""label"": ""primary disease group"", ""value"": ""CHF"", ""unit"": """"}, {""key"": ""dzclass"", ""label"": ""disease class"", ""value"": ""COPD/CHF/Cirrhosis"", ""unit"": """"}, {""key"": ""num.co"", ""label"": ""number of comorbidities"", ""value"": ""2"", ""unit"": """"}, {""key"": ""ca"", ""label"": ""cancer status"", ""value"": ""no"", ""unit"": """"}, {""key"": ""diabetes"", ""label"": ""diabetes"", ""value"": ""no"", ""unit"": """"}, {""key"": ""dementia"", ""label"": ""dementia"", ""value"": ""no"", ""unit"": """"}, {""key"": ""scoma"", ""label"": ""SUPPORT coma score"", ""value"": ""0"", ""unit"": """"}, {""key"": ""hday"", ""label"": ""day of hospital stay at enrolment"", ""value"": ""1"", ""unit"": """"}, {""key"": ""meanbp"", ""label"": ""mean arterial pressure"", ""value"": ""59"", ""unit"": ""mmHg""}, {""key"": ""hrt"", ""label"": ""heart rate"", ""value"": ""85"", ""unit"": ""bpm""}, {""key"": ""resp"", ""label"": ""respiratory rate"", ""value"": ""26"", ""unit"": ""breaths/min""}, {""key"": ""temp"", ""label"": ""temperature"", ""value"": ""36.8"", ""unit"": ""C""}, {""key"": ""wblc"", ""label"": ""white blood cell count"", ""value"": ""16"", ""unit"": ""10^3/uL""}, {""key"": ""pafi"", ""label"": ""PaO2/FiO2 ratio"", ""value"": ""204.75"", ""unit"": """"}, {""key"": ""bili"", ""label"": ""bilirubin"", ""value"": ""0.5"", ""unit"": ""mg/dL""}, {""key"": ""crea"", ""label"": ""serum creatinine"", ""value"": ""0.8"", ""unit"": ""mg/dL""}, {""key"": ""sod"", ""label"": ""serum sodium"", ""value"": ""126"", ""unit"": ""mEq/L""}, {""key"": ""ph"", ""label"": ""arterial pH"", ""value"": ""7.45"", ""unit"": """"}], ""absent"": [{""key"": ""adls"", ""label"": ""activities of daily living""}, {""key"": ""alb"", ""label"": ""serum albumin""}, {""key"": ""glucose"", ""label"": ""serum glucose""}, {""key"": ""bun"", ""label"": ""blood urea nitrogen""}, {""key"": ""urine"", ""label"": ""urine output""}], ""stem"": ""Will this patient survive to hospital discharge?"", ""header"": ""Patient record:"", ""target"": ""hospdead"", ""source"": ""support2""}"
support2-68,support2-68,text,Survives to hospital discharge,,,"Patient record:
- age: 37.73 years
- sex: male
- race: white
- primary disease group: CHF
- disease class: COPD/CHF/Cirrhosis
- number of comorbidities: 1
- cancer status: no
- diabetes: no
- dementia: no
- SUPPORT coma score: 0
- activities of daily living: 7
- day of hospital stay at enrolment: 1
- mean arterial pressure: 67 mmHg
- heart rate: 130 bpm
- respiratory rate: 16 breaths/min
- temperature: 36.5 C
- white blood cell count: 7.5 10^3/uL
- PaO2/FiO2 ratio: 347.56
- serum albumin: 3 g/dL
- bilirubin: 0.6 mg/dL
- serum creatinine: 0.9 mg/dL
- serum sodium: 132 mEq/L
- arterial pH: 7.47

Will this patient survive to hospital discharge?","[""Survives to hospital discharge"", ""Dies in hospital""]",0,"{""fields"": [{""key"": ""age"", ""label"": ""age"", ""value"": ""37.73"", ""unit"": ""years""}, {""key"": ""sex"", ""label"": ""sex"", ""value"": ""male"", ""unit"": """"}, {""key"": ""race"", ""label"": ""race"", ""value"": ""white"", ""unit"": """"}, {""key"": ""dzgroup"", ""label"": ""primary disease group"", ""value"": ""CHF"", ""unit"": """"}, {""key"": ""dzclass"", ""label"": ""disease class"", ""value"": ""COPD/CHF/Cirrhosis"", ""unit"": """"}, {""key"": ""num.co"", ""label"": ""number of comorbidities"", ""value"": ""1"", ""unit"": """"}, {""key"": ""ca"", ""label"": ""cancer status"", ""value"": ""no"", ""unit"": """"}, {""key"": ""diabetes"", ""label"": ""diabetes"", ""value"": ""no"", ""unit"": """"}, {""key"": ""dementia"", ""label"": ""dementia"", ""value"": ""no"", ""unit"": """"}, {""key"": ""scoma"", ""label"": ""SUPPORT coma score"", ""value"": ""0"", ""unit"": """"}, {""key"": ""adls"", ""label"": ""activities of daily living"", ""value"": ""7"", ""unit"": """"}, {""key"": ""hday"", ""label"": ""day of hospital stay at enrolment"", ""value"": ""1"", ""unit"": """"}, {""key"": ""meanbp"", ""label"": ""mean arterial pressure"", ""value"": ""67"", ""unit"": ""mmHg""}, {""key"": ""hrt"", ""label"": ""heart rate"", ""value"": ""130"", ""unit"": ""bpm""}, {""key"": ""resp"", ""label"": ""respiratory rate"", ""value"": ""16"", ""unit"": ""breaths/min""}, {""key"": ""temp"", ""label"": ""temperature"", ""value"": ""36.5"", ""unit"": ""C""}, {""key"": ""wblc"", ""label"": ""white blood cell count"", ""value"": ""7.5"", ""unit"": ""10^3/uL""}, {""key"": ""pafi"", ""label"": ""PaO2/FiO2 ratio"", ""value"": ""347.56"", ""unit"": """"}, {""key"": ""alb"", ""label"": ""serum albumin"", ""value"": ""3"", ""unit"": ""g/dL""}, {""key"": ""bili"", ""label"": ""bilirubin"", ""value"": ""0.6"", ""unit"": ""mg/dL""}, {""key"": ""crea"", ""label"": ""serum creatinine"", ""value"": ""0.9"", ""unit"": ""mg/dL""}, {""key"": ""sod"", ""label"": ""serum sodium"", ""value"": ""132"", ""unit"": ""mEq/L""}, {""key"": ""ph"", ""label"": ""arterial pH"", ""value"": ""7.47"", ""unit"": """"}], ""absent"": [{""key"": ""glucose"", ""label"": ""serum glucose""}, {""key"": ""bun"", ""label"": ""blood urea nitrogen""}, {""key"": ""urine"", ""label"": ""urine output""}], ""stem"": ""Will this patient survive to hospital discharge?"", ""header"": ""Patient record:"", ""target"": ""hospdead"", ""source"": ""support2""}"
support2-69,support2-69,text,Survives to hospital discharge,,,"Patient record:
- age: 44.05 years
- sex: female
- race: white
- primary disease group: Colon Cancer
- disease class: Cancer
- number of comorbidities: 0
- cancer status: metastatic
- diabetes: no
- dementia: no
- SUPPORT coma score: 0
- activities of daily living: 0
- day of hospital stay at enrolment: 1
- mean arterial pressure: 85 mmHg
- heart rate: 72 bpm
- respiratory rate: 20 breaths/min
- temperature: 37.4 C
- white blood cell count: 8.5 10^3/uL
- serum sodium: 140 mEq/L

Will this patient survive to hospital discharge?","[""Survives to hospital discharge"", ""Dies in hospital""]",0,"{""fields"": [{""key"": ""age"", ""label"": ""age"", ""value"": ""44.05"", ""unit"": ""years""}, {""key"": ""sex"", ""label"": ""sex"", ""value"": ""female"", ""unit"": """"}, {""key"": ""race"", ""label"": ""race"", ""value"": ""white"", ""unit"": """"}, {""key"": ""dzgroup"", ""label"": ""primary disease group"", ""value"": ""Colon Cancer"", ""unit"": """"}, {""key"": ""dzclass"", ""label"": ""disease class"", ""value"": ""Cancer"", ""unit"": """"}, {""key"": ""num.co"", ""label"": ""number of comorbidities"", ""value"": ""0"", ""unit"": """"}, {""key"": ""ca"", ""label"": ""cancer status"", ""value"": ""metastatic"", ""unit"": """"}, {""key"": ""diabetes"", ""label"": ""diabetes"", ""value"": ""no"", ""unit"": """"}, {""key"": ""dementia"", ""label"": ""dementia"", ""value"": ""no"", ""unit"": """"}, {""key"": ""scoma"", ""label"": ""SUPPORT coma score"", ""value"": ""0"", ""unit"": """"}, {""key"": ""adls"", ""label"": ""activities of daily living"", ""value"": ""0"", ""unit"": """"}, {""key"": ""hday"", ""label"": ""day of hospital stay at enrolment"", ""value"": ""1"", ""unit"": """"}, {""key"": ""meanbp"", ""label"": ""mean arterial pressure"", ""value"": ""85"", ""unit"": ""mmHg""}, {""key"": ""hrt"", ""label"": ""heart rate"", ""value"": ""72"", ""unit"": ""bpm""}, {""key"": ""resp"", ""label"": ""respiratory rate"", ""value"": ""20"", ""unit"": ""breaths/min""}, {""key"": ""temp"", ""label"": ""temperature"", ""value"": ""37.4"", ""unit"": ""C""}, {""key"": ""wblc"", ""label"": ""white blood cell count"", ""value"": ""8.5"", ""unit"": ""10^3/uL""}, {""key"": ""sod"", ""label"": ""serum sodium"", ""value"": ""140"", ""unit"": ""mEq/L""}], ""absent"": [{""key"": ""pafi"", ""label"": ""PaO2/FiO2 ratio""}, {""key"": ""alb"", ""label"": ""serum albumin""}, {""key"": ""bili"", ""label"": ""bilirubin""}, {""key"": ""crea"", ""label"": ""serum creatinine""}, {""key"": ""ph"", ""label"": ""arterial pH""}, {""key"": ""glucose"", ""label"": ""serum glucose""}, {""key"": ""bun"", ""label"": ""blood urea nitrogen""}, {""key"": ""urine"", ""label"": ""urine output""}], ""stem"": ""Will this patient survive to hospital discharge?"", ""header"": ""Patient record:"", ""target"": ""hospdead"", ""source"": ""support2""}"
support2-7,support2-7,text,Survives to hospital discharge,,,"Patient record:
- age: 62.37 years
- sex: male
- race: white
- primary disease group: CHF
- disease class: COPD/CHF/Cirrhosis
- number of comorbidities: 1
- cancer status: no
- diabetes: no
- dementia: no
- SUPPORT coma score: 0
- activities of daily living: 1
- day of hospital stay at enrolment: 1
- mean arterial pressure: 78 mmHg
- heart rate: 120 bpm
- respiratory rate: 28 breaths/min
- temperature: 37.4 C
- white blood cell count: 11.7 10^3/uL
- PaO2/FiO2 ratio: 309.5
- serum albumin: 4.8 g/dL
- bilirubin: 0.4 mg/dL
- serum creatinine: 1.6 mg/dL
- serum sodium: 132 mEq/L
- arterial pH: 7.48

Will this patient survive to hospital discharge?","[""Survives to hospital discharge"", ""Dies in hospital""]",0,"{""fields"": [{""key"": ""age"", ""label"": ""age"", ""value"": ""62.37"", ""unit"": ""years""}, {""key"": ""sex"", ""label"": ""sex"", ""value"": ""male"", ""unit"": """"}, {""key"": ""race"", ""label"": ""race"", ""value"": ""white"", ""unit"": """"}, {""key"": ""dzgroup"", ""label"": ""primary disease group"", ""value"": ""CHF"", ""unit"": """"}, {""key"": ""dzclass"", ""label"": ""disease class"", ""value"": ""COPD/CHF/Cirrhosis"", ""unit"": """"}, {""key"": ""num.co"", ""label"": ""number of comorbidities"", ""value"": ""1"", ""unit"": """"}, {""key"": ""ca"", ""label"": ""cancer status"", ""value"": ""no"", ""unit"": """"}, {""key"": ""diabetes"", ""label"": ""diabetes"", ""value"": ""no"", ""unit"": """"}, {""key"": ""dementia"", ""label"": ""dementia"", ""value"": ""no"", ""unit"": """"}, {""key"": ""scoma"", ""label"": ""SUPPORT coma score"", ""value"": ""0"", ""unit"": """"}, {""key"": ""adls"", ""label"": ""activities of daily living"", ""value"": ""1"", ""unit"": """"}, {""key"": ""hday"", ""label"": ""day of hospital stay at enrolment"", ""value"": ""1"", ""unit"": """"}, {""key"": ""meanbp"", ""label"": ""mean arterial pressure"", ""value"": ""78"", ""unit"": ""mmHg""}, {""key"": ""hrt"", ""label"": ""heart rate"", ""value"": ""120"", ""unit"": ""bpm""}, {""key"": ""resp"", ""label"": ""respiratory rate"", ""value"": ""28"", ""unit"": ""breaths/min""}, {""key"": ""temp"", ""label"": ""temperature"", ""value"": ""37.4"", ""unit"": ""C""}, {""key"": ""wblc"", ""label"": ""white blood cell count"", ""value"": ""11.7"", ""unit"": ""10^3/uL""}, {""key"": ""pafi"", ""label"": ""PaO2/FiO2 ratio"", ""value"": ""309.5"", ""unit"": """"}, {""key"": ""alb"", ""label"": ""serum albumin"", ""value"": ""4.8"", ""unit"": ""g/dL""}, {""key"": ""bili"", ""label"": ""bilirubin"", ""value"": ""0.4"", ""unit"": ""mg/dL""}, {""key"": ""crea"", ""label"": ""serum creatinine"", ""value"": ""1.6"", ""unit"": ""mg/dL""}, {""key"": ""sod"", ""label"": ""serum sodium"", ""value"": ""132"", ""unit"": ""mEq/L""}, {""key"": ""ph"", ""label"": ""arterial pH"", ""value"": ""7.48"", ""unit"": """"}], ""absent"": [{""key"": ""glucose"", ""label"": ""serum glucose""}, {""key"": ""bun"", ""label"": ""blood urea nitrogen""}, {""key"": ""urine"", ""label"": ""urine output""}], ""stem"": ""Will this patient survive to hospital discharge?"", ""header"": ""Patient record:"", ""target"": ""hospdead"", ""source"": ""support2""}"
support2-70,support2-70,text,Survives to hospital discharge,,,"Patient record:
- age: 72.16 years
- sex: male
- race: white
- primary disease group: ARF/MOSF w/Sepsis
- disease class: ARF/MOSF
- number of comorbidities: 1
- cancer status: no
- diabetes: no
- dementia: no
- SUPPORT coma score: 26
- day of hospital stay at enrolment: 7
- mean arterial pressure: 75 mmHg
- heart rate: 120 bpm
- respiratory rate: 24 breaths/min
- temperature: 38.3 C
- white blood cell count: 17.3 10^3/uL
- PaO2/FiO2 ratio: 257.5
- serum albumin: 2.6 g/dL
- bilirubin: 4.9 mg/dL
- serum creatinine: 0.7 mg/dL
- serum sodium: 135 mEq/L
- arterial pH: 7.5

Will this patient survive to hospital discharge?","[""Survives to hospital discharge"", ""Dies in hospital""]",0,"{""fields"": [{""key"": ""age"", ""label"": ""age"", ""value"": ""72.16"", ""unit"": ""years""}, {""key"": ""sex"", ""label"": ""sex"", ""value"": ""male"", ""unit"": """"}, {""key"": ""race"", ""label"": ""race"", ""value"": ""white"", ""unit"": """"}, {""key"": ""dzgroup"", ""label"": ""primary disease group"", ""value"": ""ARF/MOSF w/Sepsis"", ""unit"": """"}, {""key"": ""dzclass"", ""label"": ""disease class"", ""value"": ""ARF/MOSF"", ""unit"": """"}, {""key"": ""num.co"", ""label"": ""number of comorbidities"", ""value"": ""1"", ""unit"": """"}, {""key"": ""ca"", ""label"": ""cancer status"", ""value"": ""no"", ""unit"": """"}, {""key"": ""diabetes"", ""label"": ""diabetes"", ""value"": ""no"", ""unit"": """"}, {""key"": ""dementia"", ""label"": ""dementia"", ""value"": ""no"", ""unit"": """"}, {""key"": ""scoma"", ""label"": ""SUPPORT coma score"", ""value"": ""26"", ""unit"": """"}, {""key"": ""hday"", ""label"": ""day of hospital stay at enrolment"", ""value"": ""7"", ""unit"": """"}, {""key"": ""meanbp"", ""label"": ""mean arterial pressure"", ""value"": ""75"", ""unit"": ""mmHg""}, {""key"": ""hrt"", ""label"": ""heart rate"", ""value"": ""120"", ""unit"": ""bpm""}, {""key"": ""resp"", ""label"": ""respiratory rate"", ""value"": ""24"", ""unit"": ""breaths/min""}, {""key"": ""temp"", ""label"": ""temperature"", ""value"": ""38.3"", ""unit"": ""C""}, {""key"": ""wblc"", ""label"": ""white blood cell count"", ""value"": ""17.3"", ""unit"": ""10^3/uL""}, {""key"": ""pafi"", ""label"": ""PaO2/FiO2 ratio"", ""value"": ""257.5"", ""unit"": """"}, {""key"": ""alb"", ""label"": ""serum albumin"", ""value"": ""2.6"", ""unit"": ""g/dL""}, {""key"": ""bili"", ""label"": ""bilirubin"", ""value"": ""4.9"", ""unit"": ""mg/dL""}, {""key"": ""crea"", ""label"": ""serum creatinine"", ""value"": ""0.7"", ""unit"": ""mg/dL""}, {""key"": ""sod"", ""label"": ""serum sodium"", ""value"": ""135"", ""unit"": ""mEq/L""}, {""key"": ""ph"", ""label"": ""arterial pH"", ""value"": ""7.5"", ""unit"": """"}], ""absent"": [{""key"": ""adls"", ""label"": ""activities of daily living""}, {""key"": ""glucose"", ""label"": ""serum glucose""}, {""key"": ""bun"", ""label"": ""blood urea nitrogen""}, {""key"": ""urine"", ""label"": ""urine output""}], ""stem"": ""Will this patient survive to hospital discharge?"", ""header"": ""Patient record:"", ""target"": ""hospdead"", ""source"": ""support2""}"
support2-71,support2-71,text,Dies in hospital,,,"Patient record:
- age: 45.57 years
- sex: male
- race: white
- primary disease group: MOSF w/Malig
- disease class: ARF/MOSF
- number of comorbidities: 3
- cancer status: yes
- diabetes: no
- dementia: no
- SUPPORT coma score: 0
- activities of daily living: 0
- day of hospital stay at enrolment: 39
- mean arterial pressure: 33 mmHg
- heart rate: 140 bpm
- respiratory rate: 33 breaths/min
- temperature: 38.5 C
- white blood cell count: 0.3 10^3/uL
- PaO2/FiO2 ratio: 129
- serum albumin: 2.3 g/dL
- bilirubin: 31.4 mg/dL
- serum creatinine: 4.8 mg/dL
- serum sodium: 142 mEq/L
- arterial pH: 7.36

Will this patient survive to hospital discharge?","[""Survives to hospital discharge"", ""Dies in hospital""]",1,"{""fields"": [{""key"": ""age"", ""label"": ""age"", ""value"": ""45.57"", ""unit"": ""years""}, {""key"": ""sex"", ""label"": ""sex"", ""value"": ""male"", ""unit"": """"}, {""key"": ""race"", ""label"": ""race"", ""value"": ""white"", ""unit"": """"}, {""key"": ""dzgroup"", ""label"": ""primary disease group"", ""value"": ""MOSF w/Malig"", ""unit"": """"}, {""key"": ""dzclass"", ""label"": ""disease class"", ""value"": ""ARF/MOSF"", ""unit"": """"}, {""key"": ""num.co"", ""label"": ""number of comorbidities"", ""value"": ""3"", ""unit"": """"}, {""key"": ""ca"", ""label"": ""cancer status"", ""value"": ""yes"", ""unit"": """"}, {""key"": ""diabetes"", ""label"": ""diabetes"", ""value"": ""no"", ""unit"": """"}, {""key"": ""dementia"", ""label"": ""dementia"", ""value"": ""no"", ""unit"": """"}, {""key"": ""scoma"", ""label"": ""SUPPORT coma score"", ""value"": ""0"", ""unit"": """"}, {""key"": ""adls"", ""label"": ""activities of daily living"", ""value"": ""0"", ""unit"": """"}, {""key"": ""hday"", ""label"": ""day of hospital stay at enrolment"", ""value"": ""39"", ""unit"": """"}, {""key"": ""meanbp"", ""label"": ""mean arterial pressure"", ""value"": ""33"", ""unit"": ""mmHg""}, {""key"": ""hrt"", ""label"": ""heart rate"", ""value"": ""140"", ""unit"": ""bpm""}, {""key"": ""resp"", ""label"": ""respiratory rate"", ""value"": ""33"", ""unit"": ""breaths/min""}, {""key"": ""temp"", ""label"": ""temperature"", ""value"": ""38.5"", ""unit"": ""C""}, {""key"": ""wblc"", ""label"": ""white blood cell count"", ""value"": ""0.3"", ""unit"": ""10^3/uL""}, {""key"": ""pafi"", ""label"": ""PaO2/FiO2 ratio"", ""value"": ""129"", ""unit"": """"}, {""key"": ""alb"", ""label"": ""serum albumin"", ""value"": ""2.3"", ""unit"": ""g/dL""}, {""key"": ""bili"", ""label"": ""bilirubin"", ""value"": ""31.4"", ""unit"": ""mg/dL""}, {""key"": ""crea"", ""label"": ""serum creatinine"", ""value"": ""4.8"", ""unit"": ""mg/dL""}, {""key"": ""sod"", ""label"": ""serum sodium"", ""value"": ""142"", ""unit"": ""mEq/L""}, {""key"": ""ph"", ""label"": ""arterial pH"", ""value"": ""7.36"", ""unit"": """"}], ""absent"": [{""key"": ""glucose"", ""label"": ""serum glucose""}, {""key"": ""bun"", ""label"": ""blood urea nitrogen""}, {""key"": ""urine"", ""label"": ""urine output""}], ""stem"": ""Will this patient survive to hospital discharge?"", ""header"": ""Patient record:"", ""target"": ""hospdead"", ""source"": ""support2""}"
support2-72,support2-72,text,Survives to hospital discharge,,,"Patient record:
- age: 41.96 years
- sex: male
- race: white
- primary disease group: Lung Cancer
- disease class: Cancer
- number of comorbidities: 1
- cancer status: metastatic
- diabetes: no
- dementia: no
- SUPPORT coma score: 0
- day of hospital stay at enrolment: 1
- mean arterial pressure: 97 mmHg
- heart rate: 88 bpm
- respiratory rate: 20 breaths/min
- temperature: 36.4 C
- white blood cell count: 10.8 10^3/uL
- PaO2/FiO2 ratio: 380.94
- serum albumin: 3.8 g/dL
- bilirubin: 0.5 mg/dL
- serum creatinine: 1.1 mg/dL
- serum sodium: 133 mEq/L
- arterial pH: 7.48

Will this patient survive to hospital discharge?","[""Survives to hospital discharge"", ""Dies in hospital""]",0,"{""fields"": [{""key"": ""age"", ""label"": ""age"", ""value"": ""41.96"", ""unit"": ""years""}, {""key"": ""sex"", ""label"": ""sex"", ""value"": ""male"", ""unit"": """"}, {""key"": ""race"", ""label"": ""race"", ""value"": ""white"", ""unit"": """"}, {""key"": ""dzgroup"", ""label"": ""primary disease group"", ""value"": ""Lung Cancer"", ""unit"": """"}, {""key"": ""dzclass"", ""label"": ""disease class"", ""value"": ""Cancer"", ""unit"": """"}, {""key"": ""num.co"", ""label"": ""number of comorbidities"", ""value"": ""1"", ""unit"": """"}, {""key"": ""ca"", ""label"": ""cancer status"", ""value"": ""metastatic"", ""unit"": """"}, {""key"": ""diabetes"", ""label"": ""diabetes"", ""value"": ""no"", ""unit"": """"}, {""key"": ""dementia"", ""label"": ""dementia"", ""value"": ""no"", ""unit"": """"}, {""key"": ""scoma"", ""label"": ""SUPPORT coma score"", ""value"": ""0"", ""unit"": """"}, {""key"": ""hday"", ""label"": ""day of hospital stay at enrolment"", ""value"": ""1"", ""unit"": """"}, {""key"": ""meanbp"", ""label"": ""mean arterial pressure"", ""value"": ""97"", ""unit"": ""mmHg""}, {""key"": ""hrt"", ""label"": ""heart rate"", ""value"": ""88"", ""unit"": ""bpm""}, {""key"": ""resp"", ""label"": ""respiratory rate"", ""value"": ""20"", ""unit"": ""breaths/min""}, {""key"": ""temp"", ""label"": ""temperature"", ""value"": ""36.4"", ""unit"": ""C""}, {""key"": ""wblc"", ""label"": ""white blood cell count"", ""value"": ""10.8"", ""unit"": ""10^3/uL""}, {""key"": ""pafi"", ""label"": ""PaO2/FiO2 ratio"", ""value"": ""380.94"", ""unit"": """"}, {""key"": ""alb"", ""label"": ""serum albumin"", ""value"": ""3.8"", ""unit"": ""g/dL""}, {""key"": ""bili"", ""label"": ""bilirubin"", ""value"": ""0.5"", ""unit"": ""mg/dL""}, {""key"": ""crea"", ""label"": ""serum creatinine"", ""value"": ""1.1"", ""unit"": ""mg/dL""}, {""key"": ""sod"", ""label"": ""serum sodium"", ""value"": ""133"", ""unit"": ""mEq/L""}, {""key"": ""ph"", ""label"": ""arterial pH"", ""value"": ""7.48"", ""unit"": """"}], ""absent"": [{""key"": ""adls"", ""label"": ""activities of daily living""}, {""key"": ""glucose"", ""label"": ""serum glucose""}, {""key"": ""bun"", ""label"": ""blood urea nitrogen""}, {""key"": ""urine"", ""label"": ""urine output""}], ""stem"": ""Will this patient survive to hospital discharge?"", ""header"": ""Patient record:"", ""target"": ""hospdead"", ""source"": ""support2""}"
support2-73,support2-73,text,Survives to hospital discharge,,,"Patient record:
- age: 59.31 years
- sex: male
- race: white
- primary disease group: ARF/MOSF w/Sepsis
- disease class: ARF/MOSF
- number of comorbidities: 0
- cancer status: no
- diabetes: no
- dementia: no
- SUPPORT coma score: 26
- activities of daily living: 2
- day of hospital stay at enrolment: 13
- mean arterial pressure: 60 mmHg
- heart rate: 160 bpm
- respiratory rate: 38 breaths/min
- temperature: 37.3 C
- white blood cell count: 19.4 10^3/uL
- PaO2/FiO2 ratio: 113.33
- serum albumin: 3.1 g/dL
- bilirubin: 13.1 mg/dL
- serum creatinine: 1.3 mg/dL
- serum sodium: 142 mEq/L
- arterial pH: 7.51

Will this patient survive to hospital discharge?","[""Survives to hospital discharge"", ""Dies in hospital""]",0,"{""fields"": [{""key"": ""age"", ""label"": ""age"", ""value"": ""59.31"", ""unit"": ""years""}, {""key"": ""sex"", ""label"": ""sex"", ""value"": ""male"", ""unit"": """"}, {""key"": ""race"", ""label"": ""race"", ""value"": ""white"", ""unit"": """"}, {""key"": ""dzgroup"", ""label"": ""primary disease group"", ""value"": ""ARF/MOSF w/Sepsis"", ""unit"": """"}, {""key"": ""dzclass"", ""label"": ""disease class"", ""value"": ""ARF/MOSF"", ""unit"": """"}, {""key"": ""num.co"", ""label"": ""number of comorbidities"", ""value"": ""0"", ""unit"": """"}, {""key"": ""ca"", ""label"": ""cancer status"", ""value"": ""no"", ""unit"": """"}, {""key"": ""diabetes"", ""label"": ""diabetes"", ""value"": ""no"", ""unit"": """"}, {""key"": ""dementia"", ""label"": ""dementia"", ""value"": ""no"", ""unit"": """"}, {""key"": ""scoma"", ""label"": ""SUPPORT coma score"", ""value"": ""26"", ""unit"": """"}, {""key"": ""adls"", ""label"": ""activities of daily living"", ""value"": ""2"", ""unit"": """"}, {""key"": ""hday"", ""label"": ""day of hospital stay at enrolment"", ""value"": ""13"", ""unit"": """"}, {""key"": ""meanbp"", ""label"": ""mean arterial pressure"", ""value"": ""60"", ""unit"": ""mmHg""}, {""key"": ""hrt"", ""label"": ""heart rate"", ""value"": ""160"", ""unit"": ""bpm""}, {""key"": ""resp"", ""label"": ""respiratory rate"", ""value"": ""38"", ""unit"": ""breaths/min""}, {""key"": ""temp"", ""label"": ""temperature"", ""value"": ""37.3"", ""unit"": ""C""}, {""key"": ""wblc"", ""label"": ""white blood cell count"", ""value"": ""19.4"", ""unit"": ""10^3/uL""}, {""key"": ""pafi"", ""label"": ""PaO2/FiO2 ratio"", ""value"": ""113.33"", ""unit"": """"}, {""key"": ""alb"", ""label"": ""serum albumin"", ""value"": ""3.1"", ""unit"": ""g/dL""}, {""key"": ""bili"", ""label"": ""bilirubin"", ""value"": ""13.1"", ""unit"": ""mg/dL""}, {""key"": ""crea"", ""label"": ""serum creatinine"", ""value"": ""1.3"", ""unit"": ""mg/dL""}, {""key"": ""sod"", ""label"": ""serum sodium"", ""value"": ""142"", ""unit"": ""mEq/L""}, {""key"": ""ph"", ""label"": ""arterial pH"", ""value"": ""7.51"", ""unit"": """"}], ""absent"": [{""key"": ""glucose"", ""label"": ""serum glucose""}, {""key"": ""bun"", ""label"": ""blood urea nitrogen""}, {""key"": ""urine"", ""label"": ""urine output""}], ""stem"": ""Will this patient survive to hospital discharge?"", ""header"": ""Patient record:"", ""target"": ""hospdead"", ""source"": ""support2""}"
support2-74,support2-74,text,Dies in hospital,,,"Patient record:
- age: 45.61 years
- sex: female
- race: white
- primary disease group: Cirrhosis
- disease class: COPD/CHF/Cirrhosis
- number of comorbidities: 3
- cancer status: no
- diabetes: no
- dementia: no
- SUPPORT coma score: 44
- day of hospital stay at enrolment: 1
- mean arterial pressure: 57 mmHg
- heart rate: 112 bpm
- respiratory rate: 28 breaths/min
- temperature: 38.59 C
- white blood cell count: 13.6 10^3/uL
- PaO2/FiO2 ratio: 134.44
- serum albumin: 1.7 g/dL
- bilirubin: 1.5 mg/dL
- serum creatinine: 0.9 mg/dL
- serum sodium: 139 mEq/L
- arterial pH: 7.18

Will this patient survive to hospital discharge?","[""Survives to hospital discharge"", ""Dies in hospital""]",1,"{""fields"": [{""key"": ""age"", ""label"": ""age"", ""value"": ""45.61"", ""unit"": ""years""}, {""key"": ""sex"", ""label"": ""sex"", ""value"": ""female"", ""unit"": """"}, {""key"": ""race"", ""label"": ""race"", ""value"": ""white"", ""unit"": """"}, {""key"": ""dzgroup"", ""label"": ""primary disease group"", ""value"": ""Cirrhosis"", ""unit"": """"}, {""key"": ""dzclass"", ""label"": ""disease class"", ""value"": ""COPD/CHF/Cirrhosis"", ""unit"": """"}, {""key"": ""num.co"", ""label"": ""number of comorbidities"", ""value"": ""3"", ""unit"": """"}, {""key"": ""ca"", ""label"": ""cancer status"", ""value"": ""no"", ""unit"": """"}, {""key"": ""diabetes"", ""label"": ""diabetes"", ""value"": ""no"", ""unit"": """"}, {""key"": ""dementia"", ""label"": ""dementia"", ""value"": ""no"", ""unit"": """"}, {""key"": ""scoma"", ""label"": ""SUPPORT coma score"", ""value"": ""44"", ""unit"": """"}, {""key"": ""hday"", ""label"": ""day of hospital stay at enrolment"", ""value"": ""1"", ""unit"": """"}, {""key"": ""meanbp"", ""label"": ""mean arterial pressure"", ""value"": ""57"", ""unit"": ""mmHg""}, {""key"": ""hrt"", ""label"": ""heart rate"", ""value"": ""112"", ""unit"": ""bpm""}, {""key"": ""resp"", ""label"": ""respiratory rate"", ""value"": ""28"", ""unit"": ""breaths/min""}, {""key"": ""temp"", ""label"": ""temperature"", ""value"": ""38.59"", ""unit"": ""C""}, {""key"": ""wblc"", ""label"": ""white blood cell count"", ""value"": ""13.6"", ""unit"": ""10^3/uL""}, {""key"": ""pafi"", ""label"": ""PaO2/FiO2 ratio"", ""value"": ""134.44"", ""unit"": """"}, {""key"": ""alb"", ""label"": ""serum albumin"", ""value"": ""1.7"", ""unit"": ""g/dL""}, {""key"": ""bili"", ""label"": ""bilirubin"", ""value"": ""1.5"", ""unit"": ""mg/dL""}, {""key"": ""crea"", ""label"": ""serum creatinine"", ""value"": ""0.9"", ""unit"": ""mg/dL""}, {""key"": ""sod"", ""label"": ""serum sodium"", ""value"": ""139"", ""unit"": ""mEq/L""}, {""key"": ""ph"", ""label"": ""arterial pH"", ""value"": ""7.18"", ""unit"": """"}], ""absent"": [{""key"": ""adls"", ""label"": ""activities of daily living""}, {""key"": ""glucose"", ""label"": ""serum glucose""}, {""key"": ""bun"", ""label"": ""blood urea nitrogen""}, {""key"": ""urine"", ""label"": ""urine output""}], ""stem"": ""Will this patient survive to hospital discharge?"", ""header"": ""Patient record:"", ""target"": ""hospdead"", ""source"": ""support2""}"
support2-75,support2-75,text,Survives to hospital discharge,,,"Patient record:
- age: 65.98 years
- sex: female
- race: hispanic
- primary disease group: Colon Cancer
- disease class: Cancer
- number of comorbidities: 1
- cancer status: metastatic
- diabetes: yes
- dementia: no
- SUPPORT coma score: 0
- day of hospital stay at enrolment: 1
- mean arterial pressure: 127 mmHg
- heart rate: 96 bpm
- respiratory rate: 26 breaths/min
- temperature: 38.9 C
- white blood cell count: 17.8 10^3/uL
- PaO2/FiO2 ratio: 372
- serum albumin: 4.1 g/dL
- bilirubin: 0.3 mg/dL
- serum creatinine: 0.8 mg/dL
- serum sodium: 140 mEq/L
- arterial pH: 7.4

Will this patient survive to hospital discharge?","[""Survives to hospital discharge"", ""Dies in hospital""]",0,"{""fields"": [{""key"": ""age"", ""label"": ""age"", ""value"": ""65.98"", ""unit"": ""years""}, {""key"": ""sex"", ""label"": ""sex"", ""value"": ""female"", ""unit"": """"}, {""key"": ""race"", ""label"": ""race"", ""value"": ""hispanic"", ""unit"": """"}, {""key"": ""dzgroup"", ""label"": ""primary disease group"", ""value"": ""Colon Cancer"", ""unit"": """"}, {""key"": ""dzclass"", ""label"": ""disease class"", ""value"": ""Cancer"", ""unit"": """"}, {""key"": ""num.co"", ""label"": ""number of comorbidities"", ""value"": ""1"", ""unit"": """"}, {""key"": ""ca"", ""label"": ""cancer status"", ""value"": ""metastatic"", ""unit"": """"}, {""key"": ""diabetes"", ""label"": ""diabetes"", ""value"": ""yes"", ""unit"": """"}, {""key"": ""dementia"", ""label"": ""dementia"", ""value"": ""no"", ""unit"": """"}, {""key"": ""scoma"", ""label"": ""SUPPORT coma score"", ""value"": ""0"", ""unit"": """"}, {""key"": ""hday"", ""label"": ""day of hospital stay at enrolment"", ""value"": ""1"", ""unit"": """"}, {""key"": ""meanbp"", ""label"": ""mean arterial pressure"", ""value"": ""127"", ""unit"": ""mmHg""}, {""key"": ""hrt"", ""label"": ""heart rate"", ""value"": ""96"", ""unit"": ""bpm""}, {""key"": ""resp"", ""label"": ""respiratory rate"", ""value"": ""26"", ""unit"": ""breaths/min""}, {""key"": ""temp"", ""label"": ""temperature"", ""value"": ""38.9"", ""unit"": ""C""}, {""key"": ""wblc"", ""label"": ""white blood cell count"", ""value"": ""17.8"", ""unit"": ""10^3/uL""}, {""key"": ""pafi"", ""label"": ""PaO2/FiO2 ratio"", ""value"": ""372"", ""unit"": """"}, {""key"": ""alb"", ""label"": ""serum albumin"", ""value"": ""4.1"", ""unit"": ""g/dL""}, {""key"": ""bili"", ""label"": ""bilirubin"", ""value"": ""0.3"", ""unit"": ""mg/dL""}, {""key"": ""crea"", ""label"": ""serum creatinine"", ""value"": ""0.8"", ""unit"": ""mg/dL""}, {""key"": ""sod"", ""label"": ""serum sodium"", ""value"": ""140"", ""unit"": ""mEq/L""}, {""key"": ""ph"", ""label"": ""arterial pH"", ""value"": ""7.4"", ""unit"": """"}], ""absent"": [{""key"": ""adls"", ""label"": ""activities of daily living""}, {""key"": ""glucose"", ""label"": ""serum glucose""}, {""key"": ""bun"", ""label"": ""blood urea nitrogen""}, {""key"": ""urine"", ""label"": ""urine output""}], ""stem"": ""Will this patient survive to hospital discharge?"", ""header"": ""Patient record:"", ""target"": ""hospdead"", ""source"": ""support2""}"
support2-76,support2-76,text,Dies in hospital,,,"Patient record:
- age: 95.79 years
- sex: female
- race: white
- primary disease group: ARF/MOSF w/Sepsis
- disease class: ARF/MOSF
- number of comorbidities: 1
- cancer status: no
- diabetes: no
- dementia: yes
- SUPPORT coma score: 44
- day of hospital stay at enrolment: 1
- mean arterial pressure: 88 mmHg
- heart rate: 65 bpm
- respiratory rate: 8 breaths/min
- temperature: 37.2 C
- white blood cell count: 11.6 10^3/uL
- PaO2/FiO2 ratio: 360
- serum albumin: 2.6 g/dL
- serum creatinine: 1.7 mg/dL
- serum sodium: 147 mEq/L
- arterial pH: 7.42

Will this patient survive to hospital discharge?","[""Survives to hospital discharge"", ""Dies in hospital""]",1,"{""fields"": [{""key"": ""age"", ""label"": ""age"", ""value"": ""95.79"", ""unit"": ""years""}, {""key"": ""sex"", ""label"": ""sex"", ""value"": ""female"", ""unit"": """"}, {""key"": ""race"", ""label"": ""race"", ""value"": ""white"", ""unit"": """"}, {""key"": ""dzgroup"", ""label"": ""primary disease group"", ""value"": ""ARF/MOSF w/Sepsis"", ""unit"": """"}, {""key"": ""dzclass"", ""label"": ""disease class"", ""value"": ""ARF/MOSF"", ""unit"": """"}, {""key"": ""num.co"", ""label"": ""number of comorbidities"", ""value"": ""1"", ""unit"": """"}, {""key"": ""ca"", ""label"": ""cancer status"", ""value"": ""no"", ""unit"": """"}, {""key"": ""diabetes"", ""label"": ""diabetes"", ""value"": ""no"", ""unit"": """"}, {""key"": ""dementia"", ""label"": ""dementia"", ""value"": ""yes"", ""unit"": """"}, {""key"": ""scoma"", ""label"": ""SUPPORT coma score"", ""value"": ""44"", ""unit"": """"}, {""key"": ""hday"", ""label"": ""day of hospital stay at enrolment"", ""value"": ""1"", ""unit"": """"}, {""key"": ""meanbp"", ""label"": ""mean arterial pressure"", ""value"": ""88"", ""unit"": ""mmHg""}, {""key"": ""hrt"", ""label"": ""heart rate"", ""value"": ""65"", ""unit"": ""bpm""}, {""key"": ""resp"", ""label"": ""respiratory rate"", ""value"": ""8"", ""unit"": ""breaths/min""}, {""key"": ""temp"", ""label"": ""temperature"", ""value"": ""37.2"", ""unit"": ""C""}, {""key"": ""wblc"", ""label"": ""white blood cell count"", ""value"": ""11.6"", ""unit"": ""10^3/uL""}, {""key"": ""pafi"", ""label"": ""PaO2/FiO2 ratio"", ""value"": ""360"", ""unit"": """"}, {""key"": ""alb"", ""label"": ""serum albumin"", ""value"": ""2.6"", ""unit"": ""g/dL""}, {""key"": ""crea"", ""label"": ""serum creatinine"", ""value"": ""1.7"", ""unit"": ""mg/dL""}, {""key"": ""sod"", ""label"": ""serum sodium"", ""value"": ""147"", ""unit"": ""mEq/L""}, {""key"": ""ph"", ""label"": ""arterial pH"", ""value"": ""7.42"", ""unit"": """"}], ""absent"": [{""key"": ""adls"", ""label"": ""activities of daily living""}, {""key"": ""bili"", ""label"": ""bilirubin""}, {""key"": ""glucose"", ""label"": ""serum glucose""}, {""key"": ""bun"", ""label"": ""blood urea nitrogen""}, {""key"": ""urine"", ""label"": ""urine output""}], ""stem"": ""Will this patient survive to hospital discharge?"", ""header"": ""Patient record:"", ""target"": ""hospdead"", ""source"": ""support2""}"
support2-79,support2-79,text,Dies in hospital,,,"Patient record:
- age: 78.85 years
- sex: female
- race: white
- primary disease group: ARF/MOSF w/Sepsis
- disease class: ARF/MOSF
- number of comorbidities: 2
- cancer status: no
- diabetes: no
- dementia: yes
- SUPPORT coma score: 37
- day of hospital stay at enrolment: 3
- mean arterial pressure: 60 mmHg
- heart rate: 112 bpm
- respiratory rate: 11 breaths/min
- temperature: 36.59 C
- white blood cell count: 36.2 10^3/uL
- PaO2/FiO2 ratio: 214.28
- bilirubin: 1.1 mg/dL
- serum creatinine: 1.1 mg/dL
- serum sodium: 137 mEq/L
- arterial pH: 7.42

Will this patient survive to hospital discharge?","[""Survives to hospital discharge"", ""Dies in hospital""]",1,"{""fields"": [{""key"": ""age"", ""label"": ""age"", ""value"": ""78.85"", ""unit"": ""years""}, {""key"": ""sex"", ""label"": ""sex"", ""value"": ""female"", ""unit"": """"}, {""key"": ""race"", ""label"": ""race"", ""value"": ""white"", ""unit"": """"}, {""key"": ""dzgroup"", ""label"": ""primary disease group"", ""value"": ""ARF/MOSF w/Sepsis"", ""unit"": """"}, {""key"": ""dzclass"", ""label"": ""disease class"", ""value"": ""ARF/MOSF"", ""unit"": """"}, {""key"": ""num.co"", ""label"": ""number of comorbidities"", ""value"": ""2"", ""unit"": """"}, {""key"": ""ca"", ""label"": ""cancer status"", ""value"": ""no"", ""unit"": """"}, {""key"": ""diabetes"", ""label"": ""diabetes"", ""value"": ""no"", ""unit"": """"}, {""key"": ""dementia"", ""label"": ""dementia"", ""value"": ""yes"", ""unit"": """"}, {""key"": ""scoma"", ""label"": ""SUPPORT coma score"", ""value"": ""37"", ""unit"": """"}, {""key"": ""hday"", ""label"": ""day of hospital stay at enrolment"", ""value"": ""3"", ""unit"": """"}, {""key"": ""meanbp"", ""label"": ""mean arterial pressure"", ""value"": ""60"", ""unit"": ""mmHg""}, {""key"": ""hrt"", ""label"": ""heart rate"", ""value"": ""112"", ""unit"": ""bpm""}, {""key"": ""resp"", ""label"": ""respiratory rate"", ""value"": ""11"", ""unit"": ""breaths/min""}, {""key"": ""temp"", ""label"": ""temperature"", ""value"": ""36.59"", ""unit"": ""C""}, {""key"": ""wblc"", ""label"": ""white blood cell count"", ""value"": ""36.2"", ""unit"": ""10^3/uL""}, {""key"": ""pafi"", ""label"": ""PaO2/FiO2 ratio"", ""value"": ""214.28"", ""unit"": """"}, {""key"": ""bili"", ""label"": ""bilirubin"", ""value"": ""1.1"", ""unit"": ""mg/dL""}, {""key"": ""crea"", ""label"": ""serum creatinine"", ""value"": ""1.1"", ""unit"": ""mg/dL""}, {""key"": ""sod"", ""label"": ""serum sodium"", ""value"": ""137"", ""unit"": ""mEq/L""}, {""key"": ""ph"", ""label"": ""arterial pH"", ""value"": ""7.42"", ""unit"": """"}], ""absent"": [{""key"": ""adls"", ""label"": ""activities of daily living""}, {""key"": ""alb"", ""label"": ""serum albumin""}, {""key"": ""glucose"", ""label"": ""serum glucose""}, {""key"": ""bun"", ""label"": ""blood urea nitrogen""}, {""key"": ""urine"", ""label"": ""urine output""}], ""stem"": ""Will this patient survive to hospital discharge?"", ""header"": ""Patient record:"", ""target"": ""hospdead"", ""source"": ""support2""}"
support2-8,support2-8,text,Survives to hospital discharge,,,"Patient record:
- age: 86.84 years
- sex: male
- race: white
- primary disease group: CHF
- disease class: COPD/CHF/Cirrhosis
- number of comorbidities: 3
- cancer status: no
- diabetes: yes
- dementia: no
- SUPPORT coma score: 26
- activities of daily living: 0
- day of hospital stay at enrolment: 1
- mean arterial pressure: 72 mmHg
- heart rate: 100 bpm
- respiratory rate: 26 breaths/min
- temperature: 37.59 C
- white blood cell count: 13.6 10^3/uL
- PaO2/FiO2 ratio: 404.75
- serum creatinine: 2 mg/dL
- serum sodium: 139 mEq/L
- arterial pH: 7.51

Will this patient survive to hospital discharge?","[""Survives to hospital discharge"", ""Dies in hospital""]",0,"{""fields"": [{""key"": ""age"", ""label"": ""age"", ""value"": ""86.84"", ""unit"": ""years""}, {""key"": ""sex"", ""label"": ""sex"", ""value"": ""male"", ""unit"": """"}, {""key"": ""race"", ""label"": ""race"", ""value"": ""white"", ""unit"": """"}, {""key"": ""dzgroup"", ""label"": ""primary disease group"", ""value"": ""CHF"", ""unit"": """"}, {""key"": ""dzclass"", ""label"": ""disease class"", ""value"": ""COPD/CHF/Cirrhosis"", ""unit"": """"}, {""key"": ""num.co"", ""label"": ""number of comorbidities"", ""value"": ""3"", ""unit"": """"}, {""key"": ""ca"", ""label"": ""cancer status"", ""value"": ""no"", ""unit"": """"}, {""key"": ""diabetes"", ""label"": ""diabetes"", ""value"": ""yes"", ""unit"": """"}, {""key"": ""dementia"", ""label"": ""dementia"", ""value"": ""no"", ""unit"": """"}, {""key"": ""scoma"", ""label"": ""SUPPORT coma score"", ""value"": ""26"", ""unit"": """"}, {""key"": ""adls"", ""label"": ""activities of daily living"", ""value"": ""0"", ""unit"": """"}, {""key"": ""hday"", ""label"": ""day of hospital stay at enrolment"", ""value"": ""1"", ""unit"": """"}, {""key"": ""meanbp"", ""label"": ""mean arterial pressure"", ""value"": ""72"", ""unit"": ""mmHg""}, {""key"": ""hrt"", ""label"": ""heart rate"", ""value"": ""100"", ""unit"": ""bpm""}, {""key"": ""resp"", ""label"": ""respiratory rate"", ""value"": ""26"", ""unit"": ""breaths/min""}, {""key"": ""temp"", ""label"": ""temperature"", ""value"": ""37.59"", ""unit"": ""C""}, {""key"": ""wblc"", ""label"": ""white blood cell count"", ""value"": ""13.6"", ""unit"": ""10^3/uL""}, {""key"": ""pafi"", ""label"": ""PaO2/FiO2 ratio"", ""value"": ""404.75"", ""unit"": """"}, {""key"": ""crea"", ""label"": ""serum creatinine"", ""value"": ""2"", ""unit"": ""mg/dL""}, {""key"": ""sod"", ""label"": ""serum sodium"", ""value"": ""139"", ""unit"": ""mEq/L""}, {""key"": ""ph"", ""label"": ""arterial pH"", ""value"": ""7.51"", ""unit"": """"}], ""absent"": [{""key"": ""alb"", ""label"": ""serum albumin""}, {""key"": ""bili"", ""label"": ""bilirubin""}, {""key"": ""glucose"", ""label"": ""serum glucose""}, {""key"": ""bun"", ""label"": ""blood urea nitrogen""}, {""key"": ""urine"", ""label"": ""urine output""}], ""stem"": ""Will this patient survive to hospital discharge?"", ""header"": ""Patient record:"", ""target"": ""hospdead"", ""source"": ""support2""}"
support2-84,support2-84,text,Dies in hospital,,,"Patient record:
- age: 43.3 years
- sex: male
- race: hispanic
- primary disease group: Cirrhosis
- disease class: COPD/CHF/Cirrhosis
- number of comorbidities: 3
- cancer status: no
- diabetes: no
- dementia: no
- SUPPORT coma score: 0
- activities of daily living: 2
- day of hospital stay at enrolment: 1
- mean arterial pressure: 83 mmHg
- heart rate: 80 bpm
- respiratory rate: 20 breaths/min
- temperature: 37 C
- white blood cell count: 10 10^3/uL
- serum albumin: 2.1 g/dL
- bilirubin: 13 mg/dL
- serum creatinine: 1 mg/dL
- serum sodium: 130 mEq/L

Will this patient survive to hospital discharge?","[""Survives to hospital discharge"", ""Dies in hospital""]",1,"{""fields"": [{""key"": ""age"", ""label"": ""age"", ""value"": ""43.3"", ""unit"": ""years""}, {""key"": ""sex"", ""label"": ""sex"", ""value"": ""male"", ""unit"": """"}, {""key"": ""race"", ""label"": ""race"", ""value"": ""hispanic"", ""unit"": """"}, {""key"": ""dzgroup"", ""label"": ""primary disease group"", ""value"": ""Cirrhosis"", ""unit"": """"}, {""key"": ""dzclass"", ""label"": ""disease class"", ""value"": ""COPD/CHF/Cirrhosis"", ""unit"": """"}, {""key"": ""num.co"", ""label"": ""number of comorbidities"", ""value"": ""3"", ""unit"": """"}, {""key"": ""ca"", ""label"": ""cancer status"", ""value"": ""no"", ""unit"": """"}, {""key"": ""diabetes"", ""label"": ""diabetes"", ""value"": ""no"", ""unit"": """"}, {""key"": ""dementia"", ""label"": ""dementia"", ""value"": ""no"", ""unit"": """"}, {""key"": ""scoma"", ""label"": ""SUPPORT coma score"", ""value"": ""0"", ""unit"": """"}, {""key"": ""adls"", ""label"": ""activities of daily living"", ""value"": ""2"", ""unit"": """"}, {""key"": ""hday"", ""label"": ""day of hospital stay at enrolment"", ""value"": ""1"", ""unit"": """"}, {""key"": ""meanbp"", ""label"": ""mean arterial pressure"", ""value"": ""83"", ""unit"": ""mmHg""}, {""key"": ""hrt"", ""label"": ""heart rate"", ""value"": ""80"", ""unit"": ""bpm""}, {""key"": ""resp"", ""label"": ""respiratory rate"", ""value"": ""20"", ""unit"": ""breaths/min""}, {""key"": ""temp"", ""label"": ""temperature"", ""value"": ""37"", ""unit"": ""C""}, {""key"": ""wblc"", ""label"": ""white blood cell count"", ""value"": ""10"", ""unit"": ""10^3/uL""}, {""key"": ""alb"", ""label"": ""serum albumin"", ""value"": ""2.1"", ""unit"": ""g/dL""}, {""key"": ""bili"", ""label"": ""bilirubin"", ""value"": ""13"", ""unit"": ""mg/dL""}, {""key"": ""crea"", ""label"": ""serum creatinine"", ""value"": ""1"", ""unit"": ""mg/dL""}, {""key"": ""sod"", ""label"": ""serum sodium"", ""value"": ""130"", ""unit"": ""mEq/L""}], ""absent"": [{""key"": ""pafi"", ""label"": ""PaO2/FiO2 ratio""}, {""key"": ""ph"", ""label"": ""arterial pH""}, {""key"": ""glucose"", ""label"": ""serum glucose""}, {""key"": ""bun"", ""label"": ""blood urea nitrogen""}, {""key"": ""urine"", ""label"": ""urine output""}], ""stem"": ""Will this patient survive to hospital discharge?"", ""header"": ""Patient record:"", ""target"": ""hospdead"", ""source"": ""support2""}"
support2-89,support2-89,text,Dies in hospital,,,"Patient record:
- age: 69.35 years
- sex: male
- race: asian
- primary disease group: MOSF w/Malig
- disease class: ARF/MOSF
- number of comorbidities: 2
- cancer status: metastatic
- diabetes: yes
- dementia: no
- SUPPORT coma score: 0
- activities of daily living: 4
- day of hospital stay at enrolment: 11
- mean arterial pressure: 112 mmHg
- heart rate: 125 bpm
- respiratory rate: 14 breaths/min
- temperature: 36.5 C
- white blood cell count: 10.4 10^3/uL
- PaO2/FiO2 ratio: 274.25
- serum albumin: 3.8 g/dL
- bilirubin: 5.7 mg/dL
- serum creatinine: 1.1 mg/dL
- serum sodium: 140 mEq/L
- arterial pH: 7.45

Will this patient survive to hospital discharge?","[""Survives to hospital discharge"", ""Dies in hospital""]",1,"{""fields"": [{""key"": ""age"", ""label"": ""age"", ""value"": ""69.35"", ""unit"": ""years""}, {""key"": ""sex"", ""label"": ""sex"", ""value"": ""male"", ""unit"": """"}, {""key"": ""race"", ""label"": ""race"", ""value"": ""asian"", ""unit"": """"}, {""key"": ""dzgroup"", ""label"": ""primary disease group"", ""value"": ""MOSF w/Malig"", ""unit"": """"}, {""key"": ""dzclass"", ""label"": ""disease class"", ""value"": ""ARF/MOSF"", ""unit"": """"}, {""key"": ""num.co"", ""label"": ""number of comorbidities"", ""value"": ""2"", ""unit"": """"}, {""key"": ""ca"", ""label"": ""cancer status"", ""value"": ""metastatic"", ""unit"": """"}, {""key"": ""diabetes"", ""label"": ""diabetes"", ""value"": ""yes"", ""unit"": """"}, {""key"": ""dementia"", ""label"": ""dementia"", ""value"": ""no"", ""unit"": """"}, {""key"": ""scoma"", ""label"": ""SUPPORT coma score"", ""value"": ""0"", ""unit"": """"}, {""key"": ""adls"", ""label"": ""activities of daily living"", ""value"": ""4"", ""unit"": """"}, {""key"": ""hday"", ""label"": ""day of hospital stay at enrolment"", ""value"": ""11"", ""unit"": """"}, {""key"": ""meanbp"", ""label"": ""mean arterial pressure"", ""value"": ""112"", ""unit"": ""mmHg""}, {""key"": ""hrt"", ""label"": ""heart rate"", ""value"": ""125"", ""unit"": ""bpm""}, {""key"": ""resp"", ""label"": ""respiratory rate"", ""value"": ""14"", ""unit"": ""breaths/min""}, {""key"": ""temp"", ""label"": ""temperature"", ""value"": ""36.5"", ""unit"": ""C""}, {""key"": ""wblc"", ""label"": ""white blood cell count"", ""value"": ""10.4"", ""unit"": ""10^3/uL""}, {""key"": ""pafi"", ""label"": ""PaO2/FiO2 ratio"", ""value"": ""274.25"", ""unit"": """"}, {""key"": ""alb"", ""label"": ""serum albumin"", ""value"": ""3.8"", ""unit"": ""g/dL""}, {""key"": ""bili"", ""label"": ""bilirubin"", ""value"": ""5.7"", ""unit"": ""mg/dL""}, {""key"": ""crea"", ""label"": ""serum creatinine"", ""value"": ""1.1"", ""unit"": ""mg/dL""}, {""key"": ""sod"", ""label"": ""serum sodium"", ""value"": ""140"", ""unit"": ""mEq/L""}, {""key"": ""ph"", ""label"": ""arterial pH"", ""value"": ""7.45"", ""unit"": """"}], ""absent"": [{""key"": ""glucose"", ""label"": ""serum glucose""}, {""key"": ""bun"", ""label"": ""blood urea nitrogen""}, {""key"": ""urine"", ""label"": ""urine output""}], ""stem"": ""Will this patient survive to hospital discharge?"", ""header"": ""Patient record:"", ""target"": ""hospdead"", ""source"": ""support2""}"
support2-9,support2-9,text,Survives to hospital discharge,,,"Patient record:
- age: 85.66 years
- sex: male
- race: black
- primary disease group: Lung Cancer
- disease class: Cancer
- number of comorbidities: 2
- cancer status: metastatic
- diabetes: no
- dementia: yes
- SUPPORT coma score: 26
- activities of daily living: 7
- day of hospital stay at enrolment: 1
- mean arterial pressure: 97 mmHg
- heart rate: 56 bpm
- respiratory rate: 20 breaths/min
- temperature: 36.59 C
- white blood cell count: 9.7 10^3/uL
- PaO2/FiO2 ratio: 357.12
- bilirubin: 0.4 mg/dL
- serum creatinine: 1 mg/dL
- serum sodium: 143 mEq/L
- arterial pH: 7.45

Will this patient survive to hospital discharge?","[""Survives to hospital discharge"", ""Dies in hospital""]",0,"{""fields"": [{""key"": ""age"", ""label"": ""age"", ""value"": ""85.66"", ""unit"": ""years""}, {""key"": ""sex"", ""label"": ""sex"", ""value"": ""male"", ""unit"": """"}, {""key"": ""race"", ""label"": ""race"", ""value"": ""black"", ""unit"": """"}, {""key"": ""dzgroup"", ""label"": ""primary disease group"", ""value"": ""Lung Cancer"", ""unit"": """"}, {""key"": ""dzclass"", ""label"": ""disease class"", ""value"": ""Cancer"", ""unit"": """"}, {""key"": ""num.co"", ""label"": ""number of comorbidities"", ""value"": ""2"", ""unit"": """"}, {""key"": ""ca"", ""label"": ""cancer status"", ""value"": ""metastatic"", ""unit"": """"}, {""key"": ""diabetes"", ""label"": ""diabetes"", ""value"": ""no"", ""unit"": """"}, {""key"": ""dementia"", ""label"": ""dementia"", ""value"": ""yes"", ""unit"": """"}, {""key"": ""scoma"", ""label"": ""SUPPORT coma score"", ""value"": ""26"", ""unit"": """"}, {""key"": ""adls"", ""label"": ""activities of daily living"", ""value"": ""7"", ""unit"": """"}, {""key"": ""hday"", ""label"": ""day of hospital stay at enrolment"", ""value"": ""1"", ""unit"": """"}, {""key"": ""meanbp"", ""label"": ""mean arterial pressure"", ""value"": ""97"", ""unit"": ""mmHg""}, {""key"": ""hrt"", ""label"": ""heart rate"", ""value"": ""56"", ""unit"": ""bpm""}, {""key"": ""resp"", ""label"": ""respiratory rate"", ""value"": ""20"", ""unit"": ""breaths/min""}, {""key"": ""temp"", ""label"": ""temperature"", ""value"": ""36.59"", ""unit"": ""C""}, {""key"": ""wblc"", ""label"": ""white blood cell count"", ""value"": ""9.7"", ""unit"": ""10^3/uL""}, {""key"": ""pafi"", ""label"": ""PaO2/FiO2 ratio"", ""value"": ""357.12"", ""unit"": """"}, {""key"": ""bili"", ""label"": ""bilirubin"", ""value"": ""0.4"", ""unit"": ""mg/dL""}, {""key"": ""crea"", ""label"": ""serum creatinine"", ""value"": ""1"", ""unit"": ""mg/dL""}, {""key"": ""sod"", ""label"": ""serum sodium"", ""value"": ""143"", ""unit"": ""mEq/L""}, {""key"": ""ph"", ""label"": ""arterial pH"", ""value"": ""7.45"", ""unit"": """"}], ""absent"": [{""key"": ""alb"", ""label"": ""serum albumin""}, {""key"": ""glucose"", ""label"": ""serum glucose""}, {""key"": ""bun"", ""label"": ""blood urea nitrogen""}, {""key"": ""urine"", ""label"": ""urine output""}], ""stem"": ""Will this patient survive to hospital discharge?"", ""header"": ""Patient record:"", ""target"": ""hospdead"", ""source"": ""support2""}"
support2-91,support2-91,text,Dies in hospital,,,"Patient record:
- age: 80.62 years
- sex: male
- race: white
- primary disease group: ARF/MOSF w/Sepsis
- disease class: ARF/MOSF
- number of comorbidities: 1
- cancer status: no
- diabetes: no
- dementia: no
- SUPPORT coma score: 37
- day of hospital stay at enrolment: 14
- mean arterial pressure: 61 mmHg
- heart rate: 140 bpm
- respiratory rate: 32 breaths/min
- temperature: 39.2 C
- white blood cell count: 23 10^3/uL
- PaO2/FiO2 ratio: 75.55
- serum albumin: 2.3 g/dL
- bilirubin: 1.5 mg/dL
- serum creatinine: 1.9 mg/dL
- serum sodium: 135 mEq/L
- arterial pH: 7.13

Will this patient survive to hospital discharge?","[""Survives to hospital discharge"", ""Dies in hospital""]",1,"{""fields"": [{""key"": ""age"", ""label"": ""age"", ""value"": ""80.62"", ""unit"": ""years""}, {""key"": ""sex"", ""label"": ""sex"", ""value"": ""male"", ""unit"": """"}, {""key"": ""race"", ""label"": ""race"", ""value"": ""white"", ""unit"": """"}, {""key"": ""dzgroup"", ""label"": ""primary disease group"", ""value"": ""ARF/MOSF w/Sepsis"", ""unit"": """"}, {""key"": ""dzclass"", ""label"": ""disease class"", ""value"": ""ARF/MOSF"", ""unit"": """"}, {""key"": ""num.co"", ""label"": ""number of comorbidities"", ""value"": ""1"", ""unit"": """"}, {""key"": ""ca"", ""label"": ""cancer status"", ""value"": ""no"", ""unit"": """"}, {""key"": ""diabetes"", ""label"": ""diabetes"", ""value"": ""no"", ""unit"": """"}, {""key"": ""dementia"", ""label"": ""dementia"", ""value"": ""no"", ""unit"": """"}, {""key"": ""scoma"", ""label"": ""SUPPORT coma score"", ""value"": ""37"", ""unit"": """"}, {""key"": ""hday"", ""label"": ""day of hospital stay at enrolment"", ""value"": ""14"", ""unit"": """"}, {""key"": ""meanbp"", ""label"": ""mean arterial pressure"", ""value"": ""61"", ""unit"": ""mmHg""}, {""key"": ""hrt"", ""label"": ""heart rate"", ""value"": ""140"", ""unit"": ""bpm""}, {""key"": ""resp"", ""label"": ""respiratory rate"", ""value"": ""32"", ""unit"": ""breaths/min""}, {""key"": ""temp"", ""label"": ""temperature"", ""value"": ""39.2"", ""unit"": ""C""}, {""key"": ""wblc"", ""label"": ""white blood cell count"", ""value"": ""23"", ""unit"": ""10^3/uL""}, {""key"": ""pafi"", ""label"": ""PaO2/FiO2 ratio"", ""value"": ""75.55"", ""unit"": """"}, {""key"": ""alb"", ""label"": ""serum albumin"", ""value"": ""2.3"", ""unit"": ""g/dL""}, {""key"": ""bili"", ""label"": ""bilirubin"", ""value"": ""1.5"", ""unit"": ""mg/dL""}, {""key"": ""crea"", ""label"": ""serum creatinine"", ""value"": ""1.9"", ""unit"": ""mg/dL""}, {""key"": ""sod"", ""label"": ""serum sodium"", ""value"": ""135"", ""unit"": ""mEq/L""}, {""key"": ""ph"", ""label"": ""arterial pH"", ""value"": ""7.13"", ""unit"": """"}], ""absent"": [{""key"": ""adls"", ""label"": ""activities of daily living""}, {""key"": ""glucose"", ""label"": ""serum glucose""}, {""key"": ""bun"", ""label"": ""blood urea nitrogen""}, {""key"": ""urine"", ""label"": ""urine output""}], ""stem"": ""Will this patient survive to hospital discharge?"", ""header"": ""Patient record:"", ""target"": ""hospdead"", ""source"": ""support2""}"
support2-92,support2-92,text,Dies in hospital,,,"Patient record:
- age: 72.17 years
- sex: male
- race: white
- primary disease group: Lung Cancer
- disease class: Cancer
- number of comorbidities: 1
- cancer status: metastatic
- diabetes: no
- dementia: no
- SUPPORT coma score: 0
- activities of daily living: 0
- day of hospital stay at enrolment: 1
- mean arterial pressure: 63 mmHg
- heart rate: 140 bpm
- respiratory rate: 36 breaths/min
- temperature: 36.5 C
- white blood cell count: 5.1 10^3/uL
- PaO2/FiO2 ratio: 176.66
- serum albumin: 2.7 g/dL
- serum creatinine: 1.1 mg/dL
- serum sodium: 135 mEq/L
- arterial pH: 7.56

Will this patient survive to hospital discharge?","[""Survives to hospital discharge"", ""Dies in hospital""]",1,"{""fields"": [{""key"": ""age"", ""label"": ""age"", ""value"": ""72.17"", ""unit"": ""years""}, {""key"": ""sex"", ""label"": ""sex"", ""value"": ""male"", ""unit"": """"}, {""key"": ""race"", ""label"": ""race"", ""value"": ""white"", ""unit"": """"}, {""key"": ""dzgroup"", ""label"": ""primary disease group"", ""value"": ""Lung Cancer"", ""unit"": """"}, {""key"": ""dzclass"", ""label"": ""disease class"", ""value"": ""Cancer"", ""unit"": """"}, {""key"": ""num.co"", ""label"": ""number of comorbidities"", ""value"": ""1"", ""unit"": """"}, {""key"": ""ca"", ""label"": ""cancer status"", ""value"": ""metastatic"", ""unit"": """"}, {""key"": ""diabetes"", ""label"": ""diabetes"", ""value"": ""no"", ""unit"": """"}, {""key"": ""dementia"", ""label"": ""dementia"", ""value"": ""no"", ""unit"": """"}, {""key"": ""scoma"", ""label"": ""SUPPORT coma score"", ""value"": ""0"", ""unit"": """"}, {""key"": ""adls"", ""label"": ""activities of daily living"", ""value"": ""0"", ""unit"": """"}, {""key"": ""hday"", ""label"": ""day of hospital stay at enrolment"", ""value"": ""1"", ""unit"": """"}, {""key"": ""meanbp"", ""label"": ""mean arterial pressure"", ""value"": ""63"", ""unit"": ""mmHg""}, {""key"": ""hrt"", ""label"": ""heart rate"", ""value"": ""140"", ""unit"": ""bpm""}, {""key"": ""resp"", ""label"": ""respiratory rate"", ""value"": ""36"", ""unit"": ""breaths/min""}, {""key"": ""temp"", ""label"": ""temperature"", ""value"": ""36.5"", ""unit"": ""C""}, {""key"": ""wblc"", ""label"": ""white blood cell count"", ""value"": ""5.1"", ""unit"": ""10^3/uL""}, {""key"": ""pafi"", ""label"": ""PaO2/FiO2 ratio"", ""value"": ""176.66"", ""unit"": """"}, {""key"": ""alb"", ""label"": ""serum albumin"", ""value"": ""2.7"", ""unit"": ""g/dL""}, {""key"": ""crea"", ""label"": ""serum creatinine"", ""value"": ""1.1"", ""unit"": ""mg/dL""}, {""key"": ""sod"", ""label"": ""serum sodium"", ""value"": ""135"", ""unit"": ""mEq/L""}, {""key"": ""ph"", ""label"": ""arterial pH"", ""value"": ""7.56"", ""unit"": """"}], ""absent"": [{""key"": ""bili"", ""label"": ""bilirubin""}, {""key"": ""glucose"", ""label"": ""serum glucose""}, {""key"": ""bun"", ""label"": ""blood urea nitrogen""}, {""key"": ""urine"", ""label"": ""urine output""}], ""stem"": ""Will this patient survive to hospital discharge?"", ""header"": ""Patient record:"", ""target"": ""hospdead"", ""source"": ""support2""}"
support2-94,support2-94,text,Dies in hospital,,,"Patient record:
- age: 52.51 years
- sex: female
- race: white
- primary disease group: CHF
- disease class: COPD/CHF/Cirrhosis
- number of comorbidities: 1
- cancer status: no
- diabetes: yes
- dementia: no
- SUPPORT coma score: 0
- activities of daily living: 7
- day of hospital stay at enrolment: 1
- mean arterial pressure: 67 mmHg
- heart rate: 88 bpm
- respiratory rate: 20 breaths/min
- temperature: 36.59 C
- white blood cell count: 8.5 10^3/uL
- serum albumin: 3.1 g/dL
- bilirubin: 0.7 mg/dL
- serum creatinine: 1.4 mg/dL
- serum sodium: 129 mEq/L

Will this patient survive to hospital discharge?","[""Survives to hospital discharge"", ""Dies in hospital""]",1,"{""fields"": [{""key"": ""age"", ""label"": ""age"", ""value"": ""52.51"", ""unit"": ""years""}, {""key"": ""sex"", ""label"": ""sex"", ""value"": ""female"", ""unit"": """"}, {""key"": ""race"", ""label"": ""race"", ""value"": ""white"", ""unit"": """"}, {""key"": ""dzgroup"", ""label"": ""primary disease group"", ""value"": ""CHF"", ""unit"": """"}, {""key"": ""dzclass"", ""label"": ""disease class"", ""value"": ""COPD/CHF/Cirrhosis"", ""unit"": """"}, {""key"": ""num.co"", ""label"": ""number of comorbidities"", ""value"": ""1"", ""unit"": """"}, {""key"": ""ca"", ""label"": ""cancer status"", ""value"": ""no"", ""unit"": """"}, {""key"": ""diabetes"", ""label"": ""diabetes"", ""value"": ""yes"", ""unit"": """"}, {""key"": ""dementia"", ""label"": ""dementia"", ""value"": ""no"", ""unit"": """"}, {""key"": ""scoma"", ""label"": ""SUPPORT coma score"", ""value"": ""0"", ""unit"": """"}, {""key"": ""adls"", ""label"": ""activities of daily living"", ""value"": ""7"", ""unit"": """"}, {""key"": ""hday"", ""label"": ""day of hospital stay at enrolment"", ""value"": ""1"", ""unit"": """"}, {""key"": ""meanbp"", ""label"": ""mean arterial pressure"", ""value"": ""67"", ""unit"": ""mmHg""}, {""key"": ""hrt"", ""label"": ""heart rate"", ""value"": ""88"", ""unit"": ""bpm""}, {""key"": ""resp"", ""label"": ""respiratory rate"", ""value"": ""20"", ""unit"": ""breaths/min""}, {""key"": ""temp"", ""label"": ""temperature"", ""value"": ""36.59"", ""unit"": ""C""}, {""key"": ""wblc"", ""label"": ""white blood cell count"", ""value"": ""8.5"", ""unit"": ""10^3/uL""}, {""key"": ""alb"", ""label"": ""serum albumin"", ""value"": ""3.1"", ""unit"": ""g/dL""}, {""key"": ""bili"", ""label"": ""bilirubin"", ""value"": ""0.7"", ""unit"": ""mg/dL""}, {""key"": ""crea"", ""label"": ""serum creatinine"", ""value"": ""1.4"", ""unit"": ""mg/dL""}, {""key"": ""sod"", ""label"": ""serum sodium"", ""value"": ""129"", ""unit"": ""mEq/L""}], ""absent"": [{""key"": ""pafi"", ""label"": ""PaO2/FiO2 ratio""}, {""key"": ""ph"", ""label"": ""arterial pH""}, {""key"": ""glucose"", ""label"": ""serum glucose""}, {""key"": ""bun"", ""label"": ""blood urea nitrogen""}, {""key"": ""urine"", ""label"": ""urine output""}], ""stem"": ""Will this patient survive to hospital discharge?"", ""header"": ""Patient record:"", ""target"": ""hospdead"", ""source"": ""support2""}"
support2-97,support2-97,text,Dies in hospital,,,"Patient record:
- age: 89.59 years
- sex: male
- race: white
- primary disease group: ARF/MOSF w/Sepsis
- disease class: ARF/MOSF
- number of comorbidities: 2
- cancer status: metastatic
- diabetes: no
- dementia: no
- SUPPORT coma score: 100
- day of hospital stay at enrolment: 1
- mean arterial pressure: 33 mmHg
- heart rate: 0 bpm
- respiratory rate: 0 breaths/min
- temperature: 38.5 C
- white blood cell count: 13.7 10^3/uL
- PaO2/FiO2 ratio: 122
- serum albumin: 2.3 g/dL
- bilirubin: 0.5 mg/dL
- serum creatinine: 1 mg/dL
- serum sodium: 130 mEq/L
- arterial pH: 7.29

Will this patient survive to hospital discharge?","[""Survives to hospital discharge"", ""Dies in hospital""]",1,"{""fields"": [{""key"": ""age"", ""label"": ""age"", ""value"": ""89.59"", ""unit"": ""years""}, {""key"": ""sex"", ""label"": ""sex"", ""value"": ""male"", ""unit"": """"}, {""key"": ""race"", ""label"": ""race"", ""value"": ""white"", ""unit"": """"}, {""key"": ""dzgroup"", ""label"": ""primary disease group"", ""value"": ""ARF/MOSF w/Sepsis"", ""unit"": """"}, {""key"": ""dzclass"", ""label"": ""disease class"", ""value"": ""ARF/MOSF"", ""unit"": """"}, {""key"": ""num.co"", ""label"": ""number of comorbidities"", ""value"": ""2"", ""unit"": """"}, {""key"": ""ca"", ""label"": ""cancer status"", ""value"": ""metastatic"", ""unit"": """"}, {""key"": ""diabetes"", ""label"": ""diabetes"", ""value"": ""no"", ""unit"": """"}, {""key"": ""dementia"", ""label"": ""dementia"", ""value"": ""no"", ""unit"": """"}, {""key"": ""scoma"", ""label"": ""SUPPORT coma score"", ""value"": ""100"", ""unit"": """"}, {""key"": ""hday"", ""label"": ""day of hospital stay at enrolment"", ""value"": ""1"", ""unit"": """"}, {""key"": ""meanbp"", ""label"": ""mean arterial pressure"", ""value"": ""33"", ""unit"": ""mmHg""}, {""key"": ""hrt"", ""label"": ""heart rate"", ""value"": ""0"", ""unit"": ""bpm""}, {""key"": ""resp"", ""label"": ""respiratory rate"", ""value"": ""0"", ""unit"": ""breaths/min""}, {""key"": ""temp"", ""label"": ""temperature"", ""value"": ""38.5"", ""unit"": ""C""}, {""key"": ""wblc"", ""label"": ""white blood cell count"", ""value"": ""13.7"", ""unit"": ""10^3/uL""}, {""key"": ""pafi"", ""label"": ""PaO2/FiO2 ratio"", ""value"": ""122"", ""unit"": """"}, {""key"": ""alb"", ""label"": ""serum albumin"", ""value"": ""2.3"", ""unit"": ""g/dL""}, {""key"": ""bili"", ""label"": ""bilirubin"", ""value"": ""0.5"", ""unit"": ""mg/dL""}, {""key"": ""crea"", ""label"": ""serum creatinine"", ""value"": ""1"", ""unit"": ""mg/dL""}, {""key"": ""sod"", ""label"": ""serum sodium"", ""value"": ""130"", ""unit"": ""mEq/L""}, {""key"": ""ph"", ""label"": ""arterial pH"", ""value"": ""7.29"", ""unit"": """"}], ""absent"": [{""key"": ""adls"", ""label"": ""activities of daily living""}, {""key"": ""glucose"", ""label"": ""serum glucose""}, {""key"": ""bun"", ""label"": ""blood urea nitrogen""}, {""key"": ""urine"", ""label"": ""urine output""}], ""stem"": ""Will this patient survive to hospital discharge?"", ""header"": ""Patient record:"", ""target"": ""hospdead"", ""source"": ""support2""}"
